{"type":"FeatureCollection","features":[{"type":"Feature","properties":{"elev":4800.0},"geometry":{"type":"LineString","coordinates":[[-120.63399,39.76555],[-120.634,39.76556]]}},{"type":"Feature","properties":{"elev":4800.0},"geometry":{"type":"LineString","coordinates":[[-120.63398,39.76554],[-120.63399,39.76555]]}},{"type":"Feature","properties":{"elev":4800.0},"geometry":{"type":"LineString","coordinates":[[-120.63395,39.76553],[-120.63397,39.76554]]}},{"type":"Feature","properties":{"elev":4800.0},"geometry":{"type":"LineString","coordinates":[[-120.63393,39.76552],[-120.63394,39.76552]]}},{"type":"Feature","properties":{"elev":4800.0},"geometry":{"type":"LineString","coordinates":[[-120.63391,39.76551],[-120.63392,39.76551]]}},{"type":"Feature","properties":{"elev":4800.0},"geometry":{"type":"LineString","coordinates":[[-120.63383,39.76547],[-120.6339,39.76551]]}},{"type":"Feature","properties":{"elev":4800.0},"geometry":{"type":"LineString","coordinates":[[-120.63376,39.76542],[-120.63383,39.76547]]}},{"type":"Feature","properties":{"elev":4800.0},"geometry":{"type":"LineString","coordinates":[[-120.64821,39.76559],[-120.64822,39.76558]]}},{"type":"Feature","properties":{"elev":4800.0},"geometry":{"type":"LineString","coordinates":[[-120.63375,39.76542],[-120.63376,39.76542]]}},{"type":"Feature","properties":{"elev":4800.0},"geometry":{"type":"LineString","coordinates":[[-120.63368,39.76537],[-120.63374,39.76541]]}},{"type":"Feature","properties":{"elev":4800.0},"geometry":{"type":"LineString","coordinates":[[-120.64829,39.76555],[-120.64829,39.76554]]}},{"type":"Feature","properties":{"elev":4800.0},"geometry":{"type":"LineString","coordinates":[[-120.64833,39.76552],[-120.64834,39.76552]]}},{"type":"Feature","properties":{"elev":4800.0},"geometry":{"type":"LineString","coordinates":[[-120.64838,39.76549],[-120.64839,39.76549]]}},{"type":"Feature","properties":{"elev":4800.0},"geometry":{"type":"LineString","coordinates":[[-120.64852,39.7654],[-120.64853,39.7654]]}},{"type":"Feature","properties":{"elev":4800.0},"geometry":{"type":"LineString","coordinates":[[-120.64892,39.7651],[-120.64893,39.7651]]}},{"type":"Feature","properties":{"elev":4800.0},"geometry":{"type":"LineString","coordinates":[[-120.64902,39.76501],[-120.64903,39.76501]]}},{"type":"Feature","properties":{"elev":4800.0},"geometry":{"type":"LineString","coordinates":[[-120.64913,39.76491],[-120.64914,39.7649]]}},{"type":"Feature","properties":{"elev":4800.0},"geometry":{"type":"LineString","coordinates":[[-120.64917,39.76487],[-120.64918,39.76486]]}},{"type":"Feature","properties":{"elev":4800.0},"geometry":{"type":"LineString","coordinates":[[-120.64922,39.76482],[-120.64922,39.76481]]}},{"type":"Feature","properties":{"elev":4800.0},"geometry":{"type":"LineString","coordinates":[[-120.64926,39.76477],[-120.64927,39.76476]]}},{"type":"Feature","properties":{"elev":4800.0},"geometry":{"type":"LineString","coordinates":[[-120.64928,39.76474],[-120.64929,39.76474]]}},{"type":"Feature","properties":{"elev":4800.0},"geometry":{"type":"LineString","coordinates":[[-120.64935,39.76466],[-120.64936,39.76466]]}},{"type":"Feature","properties":{"elev":4800.0},"geometry":{"type":"LineString","coordinates":[[-120.64939,39.76461],[-120.6494,39.7646]]}},{"type":"Feature","properties":{"elev":4800.0},"geometry":{"type":"LineString","coordinates":[[-120.64946,39.76452],[-120.64946,39.76451]]}},{"type":"Feature","properties":{"elev":4800.0},"geometry":{"type":"LineString","coordinates":[[-120.64951,39.76443],[-120.64952,39.76443]]}},{"type":"Feature","properties":{"elev":4800.0},"geometry":{"type":"LineString","coordinates":[[-120.63252,39.76416],[-120.63298,39.76479],[-120.63368,39.76537]]}},{"type":"Feature","properties":{"elev":4800.0},"geometry":{"type":"LineString","coordinates":[[-120.63251,39.76414],[-120.63252,39.76416]]}},{"type":"Feature","properties":{"elev":4800.0},"geometry":{"type":"LineString","coordinates":[[-120.6325,39.76413],[-120.63251,39.76414]]}},{"type":"Feature","properties":{"elev":4800.0},"geometry":{"type":"LineString","coordinates":[[-120.64959,39.76431],[-120.6496,39.76431]]}},{"type":"Feature","properties":{"elev":4800.0},"geometry":{"type":"LineString","coordinates":[[-120.63248,39.76409],[-120.6325,39.76412]]}},{"type":"Feature","properties":{"elev":4800.0},"geometry":{"type":"LineString","coordinates":[[-120.63247,39.76407],[-120.63248,39.76408]]}},{"type":"Feature","properties":{"elev":4800.0},"geometry":{"type":"LineString","coordinates":[[-120.64962,39.76425],[-120.64963,39.76425]]}},{"type":"Feature","properties":{"elev":4800.0},"geometry":{"type":"LineString","coordinates":[[-120.63246,39.76404],[-120.63247,39.76406]]}},{"type":"Feature","properties":{"elev":4800.0},"geometry":{"type":"LineString","coordinates":[[-120.63245,39.76402],[-120.63246,39.76404]]}},{"type":"Feature","properties":{"elev":4800.0},"geometry":{"type":"LineString","coordinates":[[-120.63244,39.764],[-120.63245,39.76401]]}},{"type":"Feature","properties":{"elev":4800.0},"geometry":{"type":"LineString","coordinates":[[-120.64966,39.7642],[-120.64966,39.76419]]}},{"type":"Feature","properties":{"elev":4800.0},"geometry":{"type":"LineString","coordinates":[[-120.63243,39.76398],[-120.63244,39.76399]]}},{"type":"Feature","properties":{"elev":4800.0},"geometry":{"type":"LineString","coordinates":[[-120.63242,39.76395],[-120.63243,39.76396]]}},{"type":"Feature","properties":{"elev":4800.0},"geometry":{"type":"LineString","coordinates":[[-120.63241,39.76393],[-120.63242,39.76395]]}},{"type":"Feature","properties":{"elev":4800.0},"geometry":{"type":"LineString","coordinates":[[-120.64969,39.76413],[-120.6497,39.76412]]}},{"type":"Feature","properties":{"elev":4800.0},"geometry":{"type":"LineString","coordinates":[[-120.6324,39.76391],[-120.63241,39.76392]]}},{"type":"Feature","properties":{"elev":4800.0},"geometry":{"type":"LineString","coordinates":[[-120.6497,39.76411],[-120.64971,39.7641]]}},{"type":"Feature","properties":{"elev":4800.0},"geometry":{"type":"LineString","coordinates":[[-120.63239,39.76388],[-120.6324,39.7639]]}},{"type":"Feature","properties":{"elev":4800.0},"geometry":{"type":"LineString","coordinates":[[-120.64971,39.76408],[-120.64972,39.76407]]}},{"type":"Feature","properties":{"elev":4800.0},"geometry":{"type":"LineString","coordinates":[[-120.63238,39.76386],[-120.63239,39.76387]]}},{"type":"Feature","properties":{"elev":4800.0},"geometry":{"type":"LineString","coordinates":[[-120.63237,39.76383],[-120.63238,39.76384]]}},{"type":"Feature","properties":{"elev":4800.0},"geometry":{"type":"LineString","coordinates":[[-120.63236,39.7638],[-120.63237,39.76382]]}},{"type":"Feature","properties":{"elev":4800.0},"geometry":{"type":"LineString","coordinates":[[-120.64975,39.76401],[-120.64975,39.764]]}},{"type":"Feature","properties":{"elev":4800.0},"geometry":{"type":"LineString","coordinates":[[-120.63235,39.76378],[-120.63236,39.76379]]}},{"type":"Feature","properties":{"elev":4800.0},"geometry":{"type":"LineString","coordinates":[[-120.63234,39.76375],[-120.63235,39.76377]]}},{"type":"Feature","properties":{"elev":4800.0},"geometry":{"type":"LineString","coordinates":[[-120.64978,39.76393],[-120.64979,39.76392]]}},{"type":"Feature","properties":{"elev":4800.0},"geometry":{"type":"LineString","coordinates":[[-120.63233,39.76371],[-120.63234,39.76373]]}},{"type":"Feature","properties":{"elev":4800.0},"geometry":{"type":"LineString","coordinates":[[-120.63232,39.76368],[-120.63233,39.76369]]}},{"type":"Feature","properties":{"elev":4800.0},"geometry":{"type":"LineString","coordinates":[[-120.63231,39.76364],[-120.63232,39.76367]]}},{"type":"Feature","properties":{"elev":4800.0},"geometry":{"type":"LineString","coordinates":[[-120.64982,39.76383],[-120.64983,39.76382]]}},{"type":"Feature","properties":{"elev":4800.0},"geometry":{"type":"LineString","coordinates":[[-120.6323,39.7636],[-120.63231,39.76363]]}},{"type":"Feature","properties":{"elev":4800.0},"geometry":{"type":"LineString","coordinates":[[-120.64983,39.7638],[-120.64984,39.76379]]}},{"type":"Feature","properties":{"elev":4800.0},"geometry":{"type":"LineString","coordinates":[[-120.63229,39.76356],[-120.6323,39.76358]]}},{"type":"Feature","properties":{"elev":4800.0},"geometry":{"type":"LineString","coordinates":[[-120.64985,39.76376],[-120.64985,39.76375]]}},{"type":"Feature","properties":{"elev":4800.0},"geometry":{"type":"LineString","coordinates":[[-120.63228,39.76352],[-120.63229,39.76354]]}},{"type":"Feature","properties":{"elev":4800.0},"geometry":{"type":"LineString","coordinates":[[-120.64986,39.76369],[-120.64986,39.76368]]}},{"type":"Feature","properties":{"elev":4800.0},"geometry":{"type":"LineString","coordinates":[[-120.63227,39.76347],[-120.63228,39.76349]]}},{"type":"Feature","properties":{"elev":4800.0},"geometry":{"type":"LineString","coordinates":[[-120.63226,39.76341],[-120.63227,39.76344]]}},{"type":"Feature","properties":{"elev":4800.0},"geometry":{"type":"LineString","coordinates":[[-120.64991,39.76139],[-120.64991,39.76075]]}},{"type":"Feature","properties":{"elev":4800.0},"geometry":{"type":"LineString","coordinates":[[-120.64991,39.76074],[-120.6499,39.76068]]}},{"type":"Feature","properties":{"elev":4800.0},"geometry":{"type":"LineString","coordinates":[[-120.6499,39.76068],[-120.64987,39.7606]]}},{"type":"Feature","properties":{"elev":4600.0},"geometry":{"type":"LineString","coordinates":[[-120.64789,39.76573],[-120.64854,39.76536],[-120.64915,39.76485],[-120.64955,39.76432],[-120.6498,39.7638],[-120.64987,39.76105],[-120.64985,39.76071],[-120.64978,39.76058],[-120.64845,39.76059],[-120.64825,39.76069],[-120.64799,39.76095],[-120.6476,39.76109],[-120.64733,39.76112],[-120.64726,39.76139],[-120.64717,39.76148],[-120.64657,39.76162],[-120.64644,39.7616],[-120.64636,39.76155],[-120.64606,39.76107],[-120.64589,39.76113],[-120.64571,39.76115],[-120.64553,39.76132],[-120.64517,39.76189],[-120.64485,39.76214],[-120.64468,39.76234],[-120.64447,39.76248],[-120.64404,39.76258],[-120.64364,39.7625],[-120.64346,39.76242],[-120.64324,39.76254],[-120.64281,39.76292],[-120.64262,39.763],[-120.64247,39.76294],[-120.64225,39.7627],[-120.64205,39.76261],[-120.64186,39.7627],[-120.6414,39.76327],[-120.64111,39.76345],[-120.64103,39.76347],[-120.6407,39.76325],[-120.64057,39.7632],[-120.63987,39.76368],[-120.63976,39.76383],[-120.63953,39.76392],[-120.63921,39.76386],[-120.63908,39.76377],[-120.63858,39.76358],[-120.63811,39.7635],[-120.63793,39.76337],[-120.63753,39.76325],[-120.63735,39.76335],[-120.63722,39.76334],[-120.63715,39.76339],[-120.63712,39.7635],[-120.63719,39.76375],[-120.63705,39.76394],[-120.63693,39.76402],[-120.63683,39.76399],[-120.63663,39.76382],[-120.63644,39.76374],[-120.63637,39.7634],[-120.63632,39.76334],[-120.63617,39.76333],[-120.63596,39.76341],[-120.63583,39.76341],[-120.63568,39.7635],[-120.63549,39.76347],[-120.63526,39.7635],[-120.6348,39.76368],[-120.63471,39.76383],[-120.6345,39.76402],[-120.63437,39.76435],[-120.63405,39.76451],[-120.6339,39.76473],[-120.63371,39.76486],[-120.63366,39.76482],[-120.63374,39.76468],[-120.63354,39.76428],[-120.63357,39.7642],[-120.63373,39.76404],[-120.63403,39.76392],[-120.63409,39.76386],[-120.63409,39.76368],[-120.634,39.76346],[-120.63393,39.76338],[-120.63375,39.76335],[-120.63356,39.76323],[-120.63348,39.76306],[-120.63347,39.76289],[-120.63327,39.76283],[-120.6332,39.76271],[-120.6329,39.76282],[-120.63236,39.76282],[-120.6323,39.76311],[-120.63231,39.76345],[-120.63239,39.76376],[-120.63258,39.76417],[-120.63305,39.76479],[-120.63341,39.76506],[-120.63364,39.76528],[-120.63407,39.76558]]}},{"type":"Feature","properties":{"elev":4800.0},"geometry":{"type":"LineString","coordinates":[[-120.64987,39.76059],[-120.64986,39.7592],[-120.64982,39.75889],[-120.64909,39.75888],[-120.64886,39.75874],[-120.64872,39.75881],[-120.64852,39.75908],[-120.64842,39.75913],[-120.64816,39.75923],[-120.64772,39.75932],[-120.64729,39.7595],[-120.6469,39.75962],[-120.64668,39.75962],[-120.64596,39.75948],[-120.64555,39.75963],[-120.64541,39.75962],[-120.64521,39.75954],[-120.64491,39.75959],[-120.64462,39.75972],[-120.64466,39.75988],[-120.64446,39.76004],[-120.64432,39.76042],[-120.64413,39.76063],[-120.64343,39.76062],[-120.64231,39.76103],[-120.642,39.76106],[-120.64145,39.76121],[-120.64093,39.76145],[-120.64034,39.76143],[-120.63975,39.76157],[-120.63949,39.76174],[-120.63942,39.76172],[-120.63925,39.76156],[-120.63902,39.76158],[-120.63871,39.76153],[-120.63805,39.76162],[-120.63764,39.76155],[-120.63715,39.76158],[-120.63676,39.76171],[-120.63652,39.76172],[-120.63607,39.76183],[-120.63539,39.76178],[-120.63507,39.7618],[-120.63485,39.76165],[-120.63426,39.76142],[-120.63402,39.76113],[-120.63358,39.76106],[-120.63333,39.76096],[-120.63313,39.76065],[-120.63285,39.76038],[-120.63233,39.76035],[-120.63226,39.76071],[-120.63233,39.76102],[-120.63226,39.76337]]}},{"type":"Feature","properties":{"elev":5000.0},"geometry":{"type":"LineString","coordinates":[[-120.63724,39.75833],[-120.63734,39.75836],[-120.63746,39.75847],[-120.63747,39.75853],[-120.6374,39.75859],[-120.63715,39.75863],[-120.63685,39.75873],[-120.63666,39.7587],[-120.63666,39.75863],[-120.63679,39.75853],[-120.63703,39.75846],[-120.63724,39.75833]]}},{"type":"Feature","properties":{"elev":5000.0},"geometry":{"type":"LineString","coordinates":[[-120.63226,39.75817],[-120.63224,39.75907]]}},{"type":"Feature","properties":{"elev":5000.0},"geometry":{"type":"LineString","coordinates":[[-120.63747,39.75796],[-120.63759,39.75798],[-120.63759,39.75803],[-120.63753,39.75811],[-120.63739,39.75814],[-120.63735,39.75801],[-120.63747,39.75796]]}},{"type":"Feature","properties":{"elev":4800.0},"geometry":{"type":"LineString","coordinates":[[-120.61632,39.75491],[-120.61639,39.75491]]}},{"type":"Feature","properties":{"elev":4800.0},"geometry":{"type":"LineString","coordinates":[[-120.61627,39.7549],[-120.61631,39.75491]]}},{"type":"Feature","properties":{"elev":4800.0},"geometry":{"type":"LineString","coordinates":[[-120.61623,39.75489],[-120.61626,39.7549]]}},{"type":"Feature","properties":{"elev":4800.0},"geometry":{"type":"LineString","coordinates":[[-120.61642,39.75492],[-120.62216,39.75498],[-120.62244,39.75495]]}},{"type":"Feature","properties":{"elev":4800.0},"geometry":{"type":"LineString","coordinates":[[-120.62808,39.75502],[-120.62822,39.75504]]}},{"type":"Feature","properties":{"elev":4800.0},"geometry":{"type":"LineString","coordinates":[[-120.61622,39.75488],[-120.61623,39.75489]]}},{"type":"Feature","properties":{"elev":4800.0},"geometry":{"type":"LineString","coordinates":[[-120.62498,39.75498],[-120.62807,39.75502]]}},{"type":"Feature","properties":{"elev":4800.0},"geometry":{"type":"LineString","coordinates":[[-120.62245,39.75495],[-120.62368,39.75497]]}},{"type":"Feature","properties":{"elev":4800.0},"geometry":{"type":"LineString","coordinates":[[-120.61618,39.75487],[-120.6162,39.75488]]}},{"type":"Feature","properties":{"elev":4800.0},"geometry":{"type":"LineString","coordinates":[[-120.61614,39.75486],[-120.61617,39.75487]]}},{"type":"Feature","properties":{"elev":4800.0},"geometry":{"type":"LineString","coordinates":[[-120.62822,39.75504],[-120.6322,39.75506]]}},{"type":"Feature","properties":{"elev":4800.0},"geometry":{"type":"LineString","coordinates":[[-120.6161,39.75485],[-120.61613,39.75486]]}},{"type":"Feature","properties":{"elev":4800.0},"geometry":{"type":"LineString","coordinates":[[-120.61607,39.75485],[-120.61609,39.75485]]}},{"type":"Feature","properties":{"elev":4800.0},"geometry":{"type":"LineString","coordinates":[[-120.61602,39.75484],[-120.61605,39.75484]]}},{"type":"Feature","properties":{"elev":4800.0},"geometry":{"type":"LineString","coordinates":[[-120.61599,39.75483],[-120.61602,39.75484]]}},{"type":"Feature","properties":{"elev":4800.0},"geometry":{"type":"LineString","coordinates":[[-120.61597,39.75482],[-120.61599,39.75483]]}},{"type":"Feature","properties":{"elev":4800.0},"geometry":{"type":"LineString","coordinates":[[-120.61594,39.75481],[-120.61596,39.75482]]}},{"type":"Feature","properties":{"elev":4800.0},"geometry":{"type":"LineString","coordinates":[[-120.61589,39.75479],[-120.61593,39.75481]]}},{"type":"Feature","properties":{"elev":4800.0},"geometry":{"type":"LineString","coordinates":[[-120.61587,39.75479],[-120.61588,39.75479]]}},{"type":"Feature","properties":{"elev":4800.0},"geometry":{"type":"LineString","coordinates":[[-120.61585,39.75478],[-120.61586,39.75479]]}},{"type":"Feature","properties":{"elev":4800.0},"geometry":{"type":"LineString","coordinates":[[-120.61582,39.75477],[-120.61584,39.75478]]}},{"type":"Feature","properties":{"elev":4800.0},"geometry":{"type":"LineString","coordinates":[[-120.6158,39.75476],[-120.61582,39.75477]]}},{"type":"Feature","properties":{"elev":4800.0},"geometry":{"type":"LineString","coordinates":[[-120.61572,39.75474],[-120.61576,39.75475]]}},{"type":"Feature","properties":{"elev":4800.0},"geometry":{"type":"LineString","coordinates":[[-120.61566,39.75473],[-120.6157,39.75474]]}},{"type":"Feature","properties":{"elev":4800.0},"geometry":{"type":"LineString","coordinates":[[-120.61561,39.75472],[-120.61566,39.75473]]}},{"type":"Feature","properties":{"elev":4800.0},"geometry":{"type":"LineString","coordinates":[[-120.61559,39.75471],[-120.61561,39.75472]]}},{"type":"Feature","properties":{"elev":4800.0},"geometry":{"type":"LineString","coordinates":[[-120.61557,39.7547],[-120.61558,39.75471]]}},{"type":"Feature","properties":{"elev":4800.0},"geometry":{"type":"LineString","coordinates":[[-120.61552,39.75468],[-120.61556,39.7547]]}},{"type":"Feature","properties":{"elev":4800.0},"geometry":{"type":"LineString","coordinates":[[-120.6155,39.75467],[-120.61551,39.75467]]}},{"type":"Feature","properties":{"elev":4800.0},"geometry":{"type":"LineString","coordinates":[[-120.61547,39.75466],[-120.61549,39.75467]]}},{"type":"Feature","properties":{"elev":4800.0},"geometry":{"type":"LineString","coordinates":[[-120.61545,39.75465],[-120.61547,39.75466]]}},{"type":"Feature","properties":{"elev":4800.0},"geometry":{"type":"LineString","coordinates":[[-120.61543,39.75464],[-120.61545,39.75465]]}},{"type":"Feature","properties":{"elev":4800.0},"geometry":{"type":"LineString","coordinates":[[-120.61536,39.75461],[-120.61543,39.75464]]}},{"type":"Feature","properties":{"elev":4800.0},"geometry":{"type":"LineString","coordinates":[[-120.61534,39.7546],[-120.61535,39.75461]]}},{"type":"Feature","properties":{"elev":4800.0},"geometry":{"type":"LineString","coordinates":[[-120.61532,39.75459],[-120.61533,39.7546]]}},{"type":"Feature","properties":{"elev":4800.0},"geometry":{"type":"LineString","coordinates":[[-120.61529,39.75458],[-120.61531,39.75459]]}},{"type":"Feature","properties":{"elev":4800.0},"geometry":{"type":"LineString","coordinates":[[-120.61522,39.75455],[-120.61529,39.75458]]}},{"type":"Feature","properties":{"elev":4800.0},"geometry":{"type":"LineString","coordinates":[[-120.6152,39.75454],[-120.61521,39.75455]]}},{"type":"Feature","properties":{"elev":4800.0},"geometry":{"type":"LineString","coordinates":[[-120.61517,39.75452],[-120.6152,39.75454]]}},{"type":"Feature","properties":{"elev":4800.0},"geometry":{"type":"LineString","coordinates":[[-120.61515,39.75451],[-120.61516,39.75452]]}},{"type":"Feature","properties":{"elev":4800.0},"geometry":{"type":"LineString","coordinates":[[-120.61509,39.75449],[-120.61514,39.75451]]}},{"type":"Feature","properties":{"elev":4800.0},"geometry":{"type":"LineString","coordinates":[[-120.61506,39.75447],[-120.61509,39.75449]]}},{"type":"Feature","properties":{"elev":4800.0},"geometry":{"type":"LineString","coordinates":[[-120.61503,39.75446],[-120.61506,39.75447]]}},{"type":"Feature","properties":{"elev":4800.0},"geometry":{"type":"LineString","coordinates":[[-120.615,39.75444],[-120.61502,39.75445]]}},{"type":"Feature","properties":{"elev":4800.0},"geometry":{"type":"LineString","coordinates":[[-120.61496,39.75441],[-120.61499,39.75444]]}},{"type":"Feature","properties":{"elev":4800.0},"geometry":{"type":"LineString","coordinates":[[-120.61488,39.75436],[-120.61495,39.75441]]}},{"type":"Feature","properties":{"elev":4800.0},"geometry":{"type":"LineString","coordinates":[[-120.61487,39.75436],[-120.61488,39.75436]]}},{"type":"Feature","properties":{"elev":4800.0},"geometry":{"type":"LineString","coordinates":[[-120.61486,39.75435],[-120.61487,39.75435]]}},{"type":"Feature","properties":{"elev":4800.0},"geometry":{"type":"LineString","coordinates":[[-120.61484,39.75434],[-120.61485,39.75434]]}},{"type":"Feature","properties":{"elev":4800.0},"geometry":{"type":"LineString","coordinates":[[-120.61477,39.7543],[-120.61483,39.75434]]}},{"type":"Feature","properties":{"elev":4800.0},"geometry":{"type":"LineString","coordinates":[[-120.61472,39.75428],[-120.61476,39.7543]]}},{"type":"Feature","properties":{"elev":4800.0},"geometry":{"type":"LineString","coordinates":[[-120.61471,39.75427],[-120.61472,39.75428]]}},{"type":"Feature","properties":{"elev":4800.0},"geometry":{"type":"LineString","coordinates":[[-120.61464,39.75422],[-120.61471,39.75427]]}},{"type":"Feature","properties":{"elev":4800.0},"geometry":{"type":"LineString","coordinates":[[-120.61463,39.75421],[-120.61464,39.75422]]}},{"type":"Feature","properties":{"elev":4800.0},"geometry":{"type":"LineString","coordinates":[[-120.61454,39.75415],[-120.61462,39.75421]]}},{"type":"Feature","properties":{"elev":4800.0},"geometry":{"type":"LineString","coordinates":[[-120.61453,39.75415],[-120.61454,39.75415]]}},{"type":"Feature","properties":{"elev":4800.0},"geometry":{"type":"LineString","coordinates":[[-120.61435,39.754],[-120.61453,39.75414]]}},{"type":"Feature","properties":{"elev":4800.0},"geometry":{"type":"LineString","coordinates":[[-120.61433,39.75399],[-120.61434,39.75399]]}},{"type":"Feature","properties":{"elev":4800.0},"geometry":{"type":"LineString","coordinates":[[-120.61423,39.7539],[-120.61433,39.75398]]}},{"type":"Feature","properties":{"elev":4800.0},"geometry":{"type":"LineString","coordinates":[[-120.61422,39.75388],[-120.61423,39.75389]]}},{"type":"Feature","properties":{"elev":4800.0},"geometry":{"type":"LineString","coordinates":[[-120.61412,39.7538],[-120.61422,39.75388]]}},{"type":"Feature","properties":{"elev":4800.0},"geometry":{"type":"LineString","coordinates":[[-120.61408,39.75376],[-120.61412,39.7538]]}},{"type":"Feature","properties":{"elev":4800.0},"geometry":{"type":"LineString","coordinates":[[-120.61405,39.75373],[-120.61408,39.75376]]}},{"type":"Feature","properties":{"elev":4800.0},"geometry":{"type":"LineString","coordinates":[[-120.61399,39.75366],[-120.61405,39.75373]]}},{"type":"Feature","properties":{"elev":4800.0},"geometry":{"type":"LineString","coordinates":[[-120.61394,39.7536],[-120.61399,39.75366]]}},{"type":"Feature","properties":{"elev":4800.0},"geometry":{"type":"LineString","coordinates":[[-120.61392,39.75358],[-120.61394,39.7536]]}},{"type":"Feature","properties":{"elev":4800.0},"geometry":{"type":"LineString","coordinates":[[-120.61386,39.75351],[-120.61392,39.75358]]}},{"type":"Feature","properties":{"elev":4800.0},"geometry":{"type":"LineString","coordinates":[[-120.61382,39.75346],[-120.61386,39.75351]]}},{"type":"Feature","properties":{"elev":4800.0},"geometry":{"type":"LineString","coordinates":[[-120.61376,39.75337],[-120.61382,39.75345]]}},{"type":"Feature","properties":{"elev":4800.0},"geometry":{"type":"LineString","coordinates":[[-120.61356,39.75305],[-120.61376,39.75337]]}},{"type":"Feature","properties":{"elev":4800.0},"geometry":{"type":"LineString","coordinates":[[-120.61348,39.75288],[-120.61356,39.75304]]}},{"type":"Feature","properties":{"elev":4800.0},"geometry":{"type":"LineString","coordinates":[[-120.61343,39.75276],[-120.61348,39.75288]]}},{"type":"Feature","properties":{"elev":4800.0},"geometry":{"type":"LineString","coordinates":[[-120.61338,39.75262],[-120.61343,39.75276]]}},{"type":"Feature","properties":{"elev":4600.0},"geometry":{"type":"LineString","coordinates":[[-120.6246,39.75259],[-120.62442,39.75272],[-120.62425,39.75276],[-120.62414,39.75289],[-120.62386,39.75292],[-120.62335,39.7532],[-120.62317,39.75316],[-120.62302,39.75342],[-120.62269,39.75358],[-120.62249,39.75384],[-120.62235,39.7542],[-120.62232,39.75449],[-120.6224,39.75488],[-120.62334,39.75493],[-120.62798,39.75496],[-120.6283,39.75499],[-120.62867,39.75495],[-120.62867,39.75464],[-120.62843,39.75446],[-120.62844,39.75433],[-120.628,39.75447],[-120.62764,39.75446],[-120.62731,39.75437],[-120.62694,39.7541],[-120.62663,39.75372],[-120.62662,39.75365],[-120.62674,39.75347],[-120.62674,39.75338],[-120.62647,39.75331],[-120.62607,39.75327],[-120.62586,39.75314],[-120.62569,39.75294],[-120.62525,39.75281],[-120.62486,39.7528],[-120.62474,39.75274],[-120.62468,39.7526],[-120.6246,39.75259]]}},{"type":"Feature","properties":{"elev":4800.0},"geometry":{"type":"LineString","coordinates":[[-120.61333,39.75245],[-120.61338,39.75261]]}},{"type":"Feature","properties":{"elev":4600.0},"geometry":{"type":"LineString","coordinates":[[-120.61413,39.75204],[-120.61343,39.75205],[-120.6134,39.75247],[-120.61351,39.75281],[-120.61377,39.7533],[-120.61407,39.75368],[-120.61452,39.75409],[-120.61504,39.75442],[-120.61563,39.75469],[-120.61636,39.75488],[-120.61877,39.75492],[-120.61934,39.75488],[-120.61936,39.75453],[-120.61914,39.75428],[-120.61903,39.75385],[-120.61907,39.75361],[-120.61926,39.75326],[-120.61913,39.75329],[-120.61881,39.75346],[-120.61867,39.75349],[-120.61833,39.75348],[-120.61806,39.75338],[-120.61789,39.75343],[-120.61767,39.75341],[-120.61714,39.7532],[-120.61695,39.75286],[-120.61647,39.75255],[-120.61617,39.75255],[-120.61589,39.75262],[-120.61563,39.7525],[-120.61545,39.75248],[-120.61533,39.75252],[-120.61508,39.75231],[-120.61495,39.75213],[-120.61455,39.75215],[-120.61446,39.75209],[-120.61413,39.75204]]}},{"type":"Feature","properties":{"elev":4800.0},"geometry":{"type":"LineString","coordinates":[[-120.61334,39.75164],[-120.61333,39.75244]]}},{"type":"Feature","properties":{"elev":4800.0},"geometry":{"type":"LineString","coordinates":[[-120.60757,39.75129],[-120.6086,39.75131]]}},{"type":"Feature","properties":{"elev":4800.0},"geometry":{"type":"LineString","coordinates":[[-120.60863,39.75131],[-120.6096,39.75131]]}},{"type":"Feature","properties":{"elev":4800.0},"geometry":{"type":"LineString","coordinates":[[-120.60742,39.75128],[-120.60752,39.75129]]}},{"type":"Feature","properties":{"elev":4800.0},"geometry":{"type":"LineString","coordinates":[[-120.61326,39.75134],[-120.61334,39.75164]]}},{"type":"Feature","properties":{"elev":4800.0},"geometry":{"type":"LineString","coordinates":[[-120.60962,39.75131],[-120.61018,39.75131]]}},{"type":"Feature","properties":{"elev":4800.0},"geometry":{"type":"LineString","coordinates":[[-120.60732,39.75128],[-120.60738,39.75128]]}},{"type":"Feature","properties":{"elev":4800.0},"geometry":{"type":"LineString","coordinates":[[-120.6102,39.75131],[-120.61111,39.75131]]}},{"type":"Feature","properties":{"elev":4800.0},"geometry":{"type":"LineString","coordinates":[[-120.60724,39.75127],[-120.60729,39.75127]]}},{"type":"Feature","properties":{"elev":4800.0},"geometry":{"type":"LineString","coordinates":[[-120.60715,39.75126],[-120.6072,39.75126]]}},{"type":"Feature","properties":{"elev":4800.0},"geometry":{"type":"LineString","coordinates":[[-120.60709,39.75125],[-120.60712,39.75126]]}},{"type":"Feature","properties":{"elev":4800.0},"geometry":{"type":"LineString","coordinates":[[-120.61113,39.75131],[-120.61323,39.75132]]}},{"type":"Feature","properties":{"elev":4800.0},"geometry":{"type":"LineString","coordinates":[[-120.60703,39.75124],[-120.60706,39.75125]]}},{"type":"Feature","properties":{"elev":4800.0},"geometry":{"type":"LineString","coordinates":[[-120.60697,39.75123],[-120.607,39.75124]]}},{"type":"Feature","properties":{"elev":4800.0},"geometry":{"type":"LineString","coordinates":[[-120.60692,39.75122],[-120.60695,39.75123]]}},{"type":"Feature","properties":{"elev":4800.0},"geometry":{"type":"LineString","coordinates":[[-120.60687,39.75121],[-120.60689,39.75122]]}},{"type":"Feature","properties":{"elev":4800.0},"geometry":{"type":"LineString","coordinates":[[-120.60682,39.7512],[-120.60685,39.75121]]}},{"type":"Feature","properties":{"elev":4800.0},"geometry":{"type":"LineString","coordinates":[[-120.60679,39.7512],[-120.60681,39.7512]]}},{"type":"Feature","properties":{"elev":4800.0},"geometry":{"type":"LineString","coordinates":[[-120.60674,39.75119],[-120.60677,39.75119]]}},{"type":"Feature","properties":{"elev":4800.0},"geometry":{"type":"LineString","coordinates":[[-120.60671,39.75118],[-120.60672,39.75118]]}},{"type":"Feature","properties":{"elev":4800.0},"geometry":{"type":"LineString","coordinates":[[-120.62776,39.75142],[-120.62792,39.75145],[-120.62793,39.75155],[-120.62779,39.75167],[-120.62761,39.75171],[-120.62752,39.75166],[-120.62753,39.75157],[-120.62762,39.75147],[-120.62776,39.75142]]}},{"type":"Feature","properties":{"elev":4800.0},"geometry":{"type":"LineString","coordinates":[[-120.60665,39.75117],[-120.60668,39.75118]]}},{"type":"Feature","properties":{"elev":4800.0},"geometry":{"type":"LineString","coordinates":[[-120.60662,39.75116],[-120.60664,39.75117]]}},{"type":"Feature","properties":{"elev":4800.0},"geometry":{"type":"LineString","coordinates":[[-120.60658,39.75115],[-120.6066,39.75116]]}},{"type":"Feature","properties":{"elev":4800.0},"geometry":{"type":"LineString","coordinates":[[-120.60655,39.75114],[-120.60657,39.75115]]}},{"type":"Feature","properties":{"elev":4800.0},"geometry":{"type":"LineString","coordinates":[[-120.60653,39.75114],[-120.60654,39.75114]]}},{"type":"Feature","properties":{"elev":4800.0},"geometry":{"type":"LineString","coordinates":[[-120.60649,39.75113],[-120.60651,39.75113]]}},{"type":"Feature","properties":{"elev":4800.0},"geometry":{"type":"LineString","coordinates":[[-120.60646,39.75112],[-120.60648,39.75112]]}},{"type":"Feature","properties":{"elev":4800.0},"geometry":{"type":"LineString","coordinates":[[-120.60643,39.75111],[-120.60645,39.75112]]}},{"type":"Feature","properties":{"elev":4800.0},"geometry":{"type":"LineString","coordinates":[[-120.6064,39.7511],[-120.60642,39.75111]]}},{"type":"Feature","properties":{"elev":4800.0},"geometry":{"type":"LineString","coordinates":[[-120.60637,39.75109],[-120.60638,39.7511]]}},{"type":"Feature","properties":{"elev":4800.0},"geometry":{"type":"LineString","coordinates":[[-120.60634,39.75108],[-120.60635,39.75109]]}},{"type":"Feature","properties":{"elev":4800.0},"geometry":{"type":"LineString","coordinates":[[-120.60631,39.75108],[-120.60633,39.75108]]}},{"type":"Feature","properties":{"elev":4800.0},"geometry":{"type":"LineString","coordinates":[[-120.60628,39.75107],[-120.6063,39.75107]]}},{"type":"Feature","properties":{"elev":4800.0},"geometry":{"type":"LineString","coordinates":[[-120.60626,39.75106],[-120.60627,39.75106]]}},{"type":"Feature","properties":{"elev":4800.0},"geometry":{"type":"LineString","coordinates":[[-120.60623,39.75105],[-120.60625,39.75106]]}},{"type":"Feature","properties":{"elev":4800.0},"geometry":{"type":"LineString","coordinates":[[-120.60621,39.75104],[-120.60622,39.75105]]}},{"type":"Feature","properties":{"elev":4800.0},"geometry":{"type":"LineString","coordinates":[[-120.60619,39.75103],[-120.6062,39.75104]]}},{"type":"Feature","properties":{"elev":4800.0},"geometry":{"type":"LineString","coordinates":[[-120.60617,39.75102],[-120.60617,39.75103]]}},{"type":"Feature","properties":{"elev":4800.0},"geometry":{"type":"LineString","coordinates":[[-120.60613,39.75101],[-120.60615,39.75102]]}},{"type":"Feature","properties":{"elev":4800.0},"geometry":{"type":"LineString","coordinates":[[-120.60611,39.75101],[-120.60613,39.75101]]}},{"type":"Feature","properties":{"elev":4800.0},"geometry":{"type":"LineString","coordinates":[[-120.60609,39.751],[-120.6061,39.751]]}},{"type":"Feature","properties":{"elev":4800.0},"geometry":{"type":"LineString","coordinates":[[-120.60607,39.75099],[-120.60608,39.751]]}},{"type":"Feature","properties":{"elev":4800.0},"geometry":{"type":"LineString","coordinates":[[-120.60605,39.75098],[-120.60606,39.75099]]}},{"type":"Feature","properties":{"elev":4800.0},"geometry":{"type":"LineString","coordinates":[[-120.60603,39.75097],[-120.60604,39.75098]]}},{"type":"Feature","properties":{"elev":4800.0},"geometry":{"type":"LineString","coordinates":[[-120.60601,39.75096],[-120.60602,39.75097]]}},{"type":"Feature","properties":{"elev":4800.0},"geometry":{"type":"LineString","coordinates":[[-120.60599,39.75096],[-120.606,39.75096]]}},{"type":"Feature","properties":{"elev":4800.0},"geometry":{"type":"LineString","coordinates":[[-120.60596,39.75095],[-120.60598,39.75095]]}},{"type":"Feature","properties":{"elev":4800.0},"geometry":{"type":"LineString","coordinates":[[-120.60594,39.75094],[-120.60595,39.75095]]}},{"type":"Feature","properties":{"elev":4800.0},"geometry":{"type":"LineString","coordinates":[[-120.60592,39.75093],[-120.60593,39.75094]]}},{"type":"Feature","properties":{"elev":4800.0},"geometry":{"type":"LineString","coordinates":[[-120.6059,39.75092],[-120.60591,39.75093]]}},{"type":"Feature","properties":{"elev":4800.0},"geometry":{"type":"LineString","coordinates":[[-120.60588,39.75091],[-120.60589,39.75092]]}},{"type":"Feature","properties":{"elev":4800.0},"geometry":{"type":"LineString","coordinates":[[-120.60586,39.7509],[-120.60587,39.75091]]}},{"type":"Feature","properties":{"elev":4800.0},"geometry":{"type":"LineString","coordinates":[[-120.60584,39.7509],[-120.60585,39.7509]]}},{"type":"Feature","properties":{"elev":4800.0},"geometry":{"type":"LineString","coordinates":[[-120.60582,39.75089],[-120.60583,39.75089]]}},{"type":"Feature","properties":{"elev":4800.0},"geometry":{"type":"LineString","coordinates":[[-120.60581,39.75088],[-120.60582,39.75089]]}},{"type":"Feature","properties":{"elev":4800.0},"geometry":{"type":"LineString","coordinates":[[-120.60578,39.75087],[-120.60579,39.75088]]}},{"type":"Feature","properties":{"elev":4800.0},"geometry":{"type":"LineString","coordinates":[[-120.60576,39.75086],[-120.60577,39.75087]]}},{"type":"Feature","properties":{"elev":4800.0},"geometry":{"type":"LineString","coordinates":[[-120.60574,39.75085],[-120.60575,39.75086]]}},{"type":"Feature","properties":{"elev":4800.0},"geometry":{"type":"LineString","coordinates":[[-120.60572,39.75084],[-120.60573,39.75085]]}},{"type":"Feature","properties":{"elev":4800.0},"geometry":{"type":"LineString","coordinates":[[-120.6057,39.75084],[-120.60571,39.75084]]}},{"type":"Feature","properties":{"elev":4800.0},"geometry":{"type":"LineString","coordinates":[[-120.60569,39.75083],[-120.6057,39.75084]]}},{"type":"Feature","properties":{"elev":4800.0},"geometry":{"type":"LineString","coordinates":[[-120.60567,39.75082],[-120.60568,39.75083]]}},{"type":"Feature","properties":{"elev":4800.0},"geometry":{"type":"LineString","coordinates":[[-120.60565,39.75081],[-120.60566,39.75082]]}},{"type":"Feature","properties":{"elev":4800.0},"geometry":{"type":"LineString","coordinates":[[-120.60558,39.75078],[-120.60561,39.75079]]}},{"type":"Feature","properties":{"elev":4800.0},"geometry":{"type":"LineString","coordinates":[[-120.60555,39.75076],[-120.60558,39.75078]]}},{"type":"Feature","properties":{"elev":4800.0},"geometry":{"type":"LineString","coordinates":[[-120.60552,39.75074],[-120.60553,39.75075]]}},{"type":"Feature","properties":{"elev":4800.0},"geometry":{"type":"LineString","coordinates":[[-120.60551,39.75074],[-120.60552,39.75074]]}},{"type":"Feature","properties":{"elev":4800.0},"geometry":{"type":"LineString","coordinates":[[-120.60549,39.75073],[-120.6055,39.75073]]}},{"type":"Feature","properties":{"elev":4800.0},"geometry":{"type":"LineString","coordinates":[[-120.60548,39.75072],[-120.60549,39.75073]]}},{"type":"Feature","properties":{"elev":4800.0},"geometry":{"type":"LineString","coordinates":[[-120.60546,39.75071],[-120.60547,39.75072]]}},{"type":"Feature","properties":{"elev":4800.0},"geometry":{"type":"LineString","coordinates":[[-120.60545,39.7507],[-120.60545,39.75071]]}},{"type":"Feature","properties":{"elev":4800.0},"geometry":{"type":"LineString","coordinates":[[-120.60543,39.75069],[-120.60544,39.7507]]}},{"type":"Feature","properties":{"elev":4800.0},"geometry":{"type":"LineString","coordinates":[[-120.60538,39.75067],[-120.60541,39.75068]]}},{"type":"Feature","properties":{"elev":4800.0},"geometry":{"type":"LineString","coordinates":[[-120.60534,39.75064],[-120.60536,39.75066]]}},{"type":"Feature","properties":{"elev":4800.0},"geometry":{"type":"LineString","coordinates":[[-120.6053,39.75062],[-120.60532,39.75063]]}},{"type":"Feature","properties":{"elev":4800.0},"geometry":{"type":"LineString","coordinates":[[-120.60529,39.75061],[-120.6053,39.75062]]}},{"type":"Feature","properties":{"elev":4800.0},"geometry":{"type":"LineString","coordinates":[[-120.60524,39.75058],[-120.60526,39.75059]]}},{"type":"Feature","properties":{"elev":4800.0},"geometry":{"type":"LineString","coordinates":[[-120.60518,39.75054],[-120.60519,39.75055]]}},{"type":"Feature","properties":{"elev":4800.0},"geometry":{"type":"LineString","coordinates":[[-120.60517,39.75054],[-120.60518,39.75054]]}},{"type":"Feature","properties":{"elev":4800.0},"geometry":{"type":"LineString","coordinates":[[-120.60513,39.75051],[-120.60515,39.75052]]}},{"type":"Feature","properties":{"elev":4800.0},"geometry":{"type":"LineString","coordinates":[[-120.60512,39.7505],[-120.60513,39.75051]]}},{"type":"Feature","properties":{"elev":4800.0},"geometry":{"type":"LineString","coordinates":[[-120.60511,39.75049],[-120.60512,39.7505]]}},{"type":"Feature","properties":{"elev":4800.0},"geometry":{"type":"LineString","coordinates":[[-120.6051,39.75048],[-120.60511,39.75049]]}},{"type":"Feature","properties":{"elev":4800.0},"geometry":{"type":"LineString","coordinates":[[-120.60509,39.75048],[-120.6051,39.75048]]}},{"type":"Feature","properties":{"elev":4800.0},"geometry":{"type":"LineString","coordinates":[[-120.60507,39.75046],[-120.60507,39.75047]]}},{"type":"Feature","properties":{"elev":4800.0},"geometry":{"type":"LineString","coordinates":[[-120.60506,39.75045],[-120.60506,39.75046]]}},{"type":"Feature","properties":{"elev":4800.0},"geometry":{"type":"LineString","coordinates":[[-120.60505,39.75044],[-120.60505,39.75045]]}},{"type":"Feature","properties":{"elev":4800.0},"geometry":{"type":"LineString","coordinates":[[-120.60504,39.75043],[-120.60504,39.75044]]}},{"type":"Feature","properties":{"elev":4800.0},"geometry":{"type":"LineString","coordinates":[[-120.60501,39.75042],[-120.60502,39.75042]]}},{"type":"Feature","properties":{"elev":4800.0},"geometry":{"type":"LineString","coordinates":[[-120.605,39.75041],[-120.60501,39.75042]]}},{"type":"Feature","properties":{"elev":4800.0},"geometry":{"type":"LineString","coordinates":[[-120.60499,39.7504],[-120.605,39.75041]]}},{"type":"Feature","properties":{"elev":4800.0},"geometry":{"type":"LineString","coordinates":[[-120.60498,39.75039],[-120.60499,39.7504]]}},{"type":"Feature","properties":{"elev":4800.0},"geometry":{"type":"LineString","coordinates":[[-120.60497,39.75038],[-120.60498,39.75039]]}},{"type":"Feature","properties":{"elev":4800.0},"geometry":{"type":"LineString","coordinates":[[-120.60496,39.75037],[-120.60497,39.75038]]}},{"type":"Feature","properties":{"elev":4800.0},"geometry":{"type":"LineString","coordinates":[[-120.60495,39.75037],[-120.60496,39.75037]]}},{"type":"Feature","properties":{"elev":4800.0},"geometry":{"type":"LineString","coordinates":[[-120.60494,39.75036],[-120.60495,39.75036]]}},{"type":"Feature","properties":{"elev":4800.0},"geometry":{"type":"LineString","coordinates":[[-120.60493,39.75035],[-120.60494,39.75036]]}},{"type":"Feature","properties":{"elev":4800.0},"geometry":{"type":"LineString","coordinates":[[-120.60492,39.75034],[-120.60493,39.75035]]}},{"type":"Feature","properties":{"elev":4800.0},"geometry":{"type":"LineString","coordinates":[[-120.60491,39.75033],[-120.60492,39.75034]]}},{"type":"Feature","properties":{"elev":4800.0},"geometry":{"type":"LineString","coordinates":[[-120.6049,39.75032],[-120.60491,39.75033]]}},{"type":"Feature","properties":{"elev":4800.0},"geometry":{"type":"LineString","coordinates":[[-120.60473,39.75019],[-120.6049,39.75032]]}},{"type":"Feature","properties":{"elev":4800.0},"geometry":{"type":"LineString","coordinates":[[-120.60472,39.75018],[-120.60473,39.75018]]}},{"type":"Feature","properties":{"elev":4800.0},"geometry":{"type":"LineString","coordinates":[[-120.60471,39.75016],[-120.60472,39.75017]]}},{"type":"Feature","properties":{"elev":4800.0},"geometry":{"type":"LineString","coordinates":[[-120.60468,39.75014],[-120.60471,39.75016]]}},{"type":"Feature","properties":{"elev":4800.0},"geometry":{"type":"LineString","coordinates":[[-120.60466,39.75012],[-120.60467,39.75012]]}},{"type":"Feature","properties":{"elev":4800.0},"geometry":{"type":"LineString","coordinates":[[-120.60462,39.75008],[-120.60466,39.75011]]}},{"type":"Feature","properties":{"elev":4800.0},"geometry":{"type":"LineString","coordinates":[[-120.60458,39.75004],[-120.60461,39.75006]]}},{"type":"Feature","properties":{"elev":4800.0},"geometry":{"type":"LineString","coordinates":[[-120.60457,39.75003],[-120.60458,39.75004]]}},{"type":"Feature","properties":{"elev":4800.0},"geometry":{"type":"LineString","coordinates":[[-120.60455,39.75001],[-120.60457,39.75003]]}},{"type":"Feature","properties":{"elev":4800.0},"geometry":{"type":"LineString","coordinates":[[-120.60454,39.75],[-120.60455,39.75001]]}},{"type":"Feature","properties":{"elev":4800.0},"geometry":{"type":"LineString","coordinates":[[-120.60452,39.74998],[-120.60454,39.75]]}},{"type":"Feature","properties":{"elev":4800.0},"geometry":{"type":"LineString","coordinates":[[-120.6045,39.74995],[-120.60452,39.74997]]}},{"type":"Feature","properties":{"elev":4800.0},"geometry":{"type":"LineString","coordinates":[[-120.60449,39.74994],[-120.6045,39.74995]]}},{"type":"Feature","properties":{"elev":4800.0},"geometry":{"type":"LineString","coordinates":[[-120.60447,39.74992],[-120.60449,39.74994]]}},{"type":"Feature","properties":{"elev":4800.0},"geometry":{"type":"LineString","coordinates":[[-120.60445,39.74989],[-120.60447,39.74991]]}},{"type":"Feature","properties":{"elev":4800.0},"geometry":{"type":"LineString","coordinates":[[-120.60443,39.74987],[-120.60445,39.74989]]}},{"type":"Feature","properties":{"elev":4800.0},"geometry":{"type":"LineString","coordinates":[[-120.60441,39.74984],[-120.60443,39.74986]]}},{"type":"Feature","properties":{"elev":4800.0},"geometry":{"type":"LineString","coordinates":[[-120.60439,39.74982],[-120.60441,39.74984]]}},{"type":"Feature","properties":{"elev":4800.0},"geometry":{"type":"LineString","coordinates":[[-120.60438,39.7498],[-120.60439,39.74981]]}},{"type":"Feature","properties":{"elev":4800.0},"geometry":{"type":"LineString","coordinates":[[-120.60436,39.74978],[-120.60437,39.7498]]}},{"type":"Feature","properties":{"elev":4800.0},"geometry":{"type":"LineString","coordinates":[[-120.60433,39.74975],[-120.60435,39.74977]]}},{"type":"Feature","properties":{"elev":4800.0},"geometry":{"type":"LineString","coordinates":[[-120.60432,39.74974],[-120.60433,39.74975]]}},{"type":"Feature","properties":{"elev":4800.0},"geometry":{"type":"LineString","coordinates":[[-120.60431,39.74972],[-120.60432,39.74973]]}},{"type":"Feature","properties":{"elev":4800.0},"geometry":{"type":"LineString","coordinates":[[-120.60429,39.74969],[-120.60431,39.74971]]}},{"type":"Feature","properties":{"elev":4800.0},"geometry":{"type":"LineString","coordinates":[[-120.60428,39.74968],[-120.60429,39.74969]]}},{"type":"Feature","properties":{"elev":4800.0},"geometry":{"type":"LineString","coordinates":[[-120.60426,39.74965],[-120.60428,39.74967]]}},{"type":"Feature","properties":{"elev":4800.0},"geometry":{"type":"LineString","coordinates":[[-120.60425,39.74964],[-120.60426,39.74965]]}},{"type":"Feature","properties":{"elev":4800.0},"geometry":{"type":"LineString","coordinates":[[-120.60424,39.74962],[-120.60425,39.74963]]}},{"type":"Feature","properties":{"elev":4800.0},"geometry":{"type":"LineString","coordinates":[[-120.60423,39.7496],[-120.60424,39.74962]]}},{"type":"Feature","properties":{"elev":4800.0},"geometry":{"type":"LineString","coordinates":[[-120.60422,39.74959],[-120.60423,39.7496]]}},{"type":"Feature","properties":{"elev":4800.0},"geometry":{"type":"LineString","coordinates":[[-120.60421,39.74957],[-120.60422,39.74958]]}},{"type":"Feature","properties":{"elev":4800.0},"geometry":{"type":"LineString","coordinates":[[-120.6042,39.74955],[-120.60421,39.74957]]}},{"type":"Feature","properties":{"elev":4800.0},"geometry":{"type":"LineString","coordinates":[[-120.60419,39.74954],[-120.6042,39.74955]]}},{"type":"Feature","properties":{"elev":4800.0},"geometry":{"type":"LineString","coordinates":[[-120.60418,39.74952],[-120.60419,39.74953]]}},{"type":"Feature","properties":{"elev":4800.0},"geometry":{"type":"LineString","coordinates":[[-120.60417,39.7495],[-120.60418,39.74952]]}},{"type":"Feature","properties":{"elev":4800.0},"geometry":{"type":"LineString","coordinates":[[-120.60416,39.74949],[-120.60417,39.7495]]}},{"type":"Feature","properties":{"elev":4800.0},"geometry":{"type":"LineString","coordinates":[[-120.60415,39.74947],[-120.60416,39.74948]]}},{"type":"Feature","properties":{"elev":4800.0},"geometry":{"type":"LineString","coordinates":[[-120.60414,39.74945],[-120.60415,39.74947]]}},{"type":"Feature","properties":{"elev":4800.0},"geometry":{"type":"LineString","coordinates":[[-120.60413,39.74944],[-120.60414,39.74945]]}},{"type":"Feature","properties":{"elev":4800.0},"geometry":{"type":"LineString","coordinates":[[-120.60411,39.7494],[-120.60413,39.74943]]}},{"type":"Feature","properties":{"elev":4800.0},"geometry":{"type":"LineString","coordinates":[[-120.6041,39.74938],[-120.6041,39.74939]]}},{"type":"Feature","properties":{"elev":4800.0},"geometry":{"type":"LineString","coordinates":[[-120.60409,39.74936],[-120.6041,39.74937]]}},{"type":"Feature","properties":{"elev":4800.0},"geometry":{"type":"LineString","coordinates":[[-120.60408,39.74934],[-120.60409,39.74936]]}},{"type":"Feature","properties":{"elev":4800.0},"geometry":{"type":"LineString","coordinates":[[-120.60407,39.74932],[-120.60407,39.74933]]}},{"type":"Feature","properties":{"elev":4800.0},"geometry":{"type":"LineString","coordinates":[[-120.60406,39.7493],[-120.60407,39.74932]]}},{"type":"Feature","properties":{"elev":4800.0},"geometry":{"type":"LineString","coordinates":[[-120.60405,39.74928],[-120.60405,39.74929]]}},{"type":"Feature","properties":{"elev":4800.0},"geometry":{"type":"LineString","coordinates":[[-120.60403,39.74926],[-120.60404,39.74928]]}},{"type":"Feature","properties":{"elev":4800.0},"geometry":{"type":"LineString","coordinates":[[-120.60402,39.74924],[-120.60403,39.74926]]}},{"type":"Feature","properties":{"elev":4800.0},"geometry":{"type":"LineString","coordinates":[[-120.60401,39.74922],[-120.60402,39.74923]]}},{"type":"Feature","properties":{"elev":4800.0},"geometry":{"type":"LineString","coordinates":[[-120.604,39.7492],[-120.60401,39.74921]]}},{"type":"Feature","properties":{"elev":4800.0},"geometry":{"type":"LineString","coordinates":[[-120.60399,39.74918],[-120.604,39.74919]]}},{"type":"Feature","properties":{"elev":4800.0},"geometry":{"type":"LineString","coordinates":[[-120.60398,39.74915],[-120.60399,39.74917]]}},{"type":"Feature","properties":{"elev":4800.0},"geometry":{"type":"LineString","coordinates":[[-120.60397,39.74913],[-120.60398,39.74914]]}},{"type":"Feature","properties":{"elev":4800.0},"geometry":{"type":"LineString","coordinates":[[-120.60396,39.7491],[-120.60397,39.74912]]}},{"type":"Feature","properties":{"elev":4800.0},"geometry":{"type":"LineString","coordinates":[[-120.60395,39.74908],[-120.60396,39.74909]]}},{"type":"Feature","properties":{"elev":4800.0},"geometry":{"type":"LineString","coordinates":[[-120.60394,39.74905],[-120.60395,39.74907]]}},{"type":"Feature","properties":{"elev":4800.0},"geometry":{"type":"LineString","coordinates":[[-120.60393,39.74902],[-120.60394,39.74904]]}},{"type":"Feature","properties":{"elev":4800.0},"geometry":{"type":"LineString","coordinates":[[-120.60392,39.74899],[-120.60393,39.74901]]}},{"type":"Feature","properties":{"elev":4800.0},"geometry":{"type":"LineString","coordinates":[[-120.60391,39.74897],[-120.60392,39.74899]]}},{"type":"Feature","properties":{"elev":5400.0},"geometry":{"type":"LineString","coordinates":[[-120.65098,39.745],[-120.65049,39.74541],[-120.64996,39.74607]]}},{"type":"Feature","properties":{"elev":5400.0},"geometry":{"type":"LineString","coordinates":[[-120.65101,39.74498],[-120.65099,39.745]]}},{"type":"Feature","properties":{"elev":5400.0},"geometry":{"type":"LineString","coordinates":[[-120.65105,39.74496],[-120.65102,39.74498]]}},{"type":"Feature","properties":{"elev":5400.0},"geometry":{"type":"LineString","coordinates":[[-120.65108,39.74495],[-120.65105,39.74496]]}},{"type":"Feature","properties":{"elev":5400.0},"geometry":{"type":"LineString","coordinates":[[-120.65111,39.74493],[-120.65108,39.74495]]}},{"type":"Feature","properties":{"elev":5400.0},"geometry":{"type":"LineString","coordinates":[[-120.65114,39.74492],[-120.65112,39.74493]]}},{"type":"Feature","properties":{"elev":5400.0},"geometry":{"type":"LineString","coordinates":[[-120.65118,39.7449],[-120.65115,39.74492]]}},{"type":"Feature","properties":{"elev":5400.0},"geometry":{"type":"LineString","coordinates":[[-120.65119,39.74489],[-120.65118,39.7449]]}},{"type":"Feature","properties":{"elev":5400.0},"geometry":{"type":"LineString","coordinates":[[-120.65122,39.74488],[-120.65119,39.74489]]}},{"type":"Feature","properties":{"elev":5400.0},"geometry":{"type":"LineString","coordinates":[[-120.65125,39.74486],[-120.65123,39.74487]]}},{"type":"Feature","properties":{"elev":5400.0},"geometry":{"type":"LineString","coordinates":[[-120.65126,39.74485],[-120.65125,39.74486]]}},{"type":"Feature","properties":{"elev":5400.0},"geometry":{"type":"LineString","coordinates":[[-120.65129,39.74484],[-120.65127,39.74485]]}},{"type":"Feature","properties":{"elev":5400.0},"geometry":{"type":"LineString","coordinates":[[-120.65131,39.74483],[-120.6513,39.74483]]}},{"type":"Feature","properties":{"elev":5400.0},"geometry":{"type":"LineString","coordinates":[[-120.65134,39.74481],[-120.65131,39.74483]]}},{"type":"Feature","properties":{"elev":5400.0},"geometry":{"type":"LineString","coordinates":[[-120.65138,39.74479],[-120.65136,39.7448]]}},{"type":"Feature","properties":{"elev":5400.0},"geometry":{"type":"LineString","coordinates":[[-120.65139,39.74478],[-120.65138,39.74479]]}},{"type":"Feature","properties":{"elev":5400.0},"geometry":{"type":"LineString","coordinates":[[-120.6514,39.74477],[-120.6514,39.74478]]}},{"type":"Feature","properties":{"elev":5400.0},"geometry":{"type":"LineString","coordinates":[[-120.65145,39.74475],[-120.65142,39.74476]]}},{"type":"Feature","properties":{"elev":5400.0},"geometry":{"type":"LineString","coordinates":[[-120.65146,39.74474],[-120.65145,39.74475]]}},{"type":"Feature","properties":{"elev":5400.0},"geometry":{"type":"LineString","coordinates":[[-120.6515,39.74471],[-120.65148,39.74473]]}},{"type":"Feature","properties":{"elev":5400.0},"geometry":{"type":"LineString","coordinates":[[-120.65151,39.74471],[-120.6515,39.74471]]}},{"type":"Feature","properties":{"elev":5400.0},"geometry":{"type":"LineString","coordinates":[[-120.65152,39.7447],[-120.65151,39.74471]]}},{"type":"Feature","properties":{"elev":5400.0},"geometry":{"type":"LineString","coordinates":[[-120.65153,39.74469],[-120.65153,39.7447]]}},{"type":"Feature","properties":{"elev":5400.0},"geometry":{"type":"LineString","coordinates":[[-120.65154,39.74468],[-120.65154,39.74469]]}},{"type":"Feature","properties":{"elev":5400.0},"geometry":{"type":"LineString","coordinates":[[-120.65163,39.74463],[-120.65162,39.74463]]}},{"type":"Feature","properties":{"elev":5400.0},"geometry":{"type":"LineString","coordinates":[[-120.65164,39.74462],[-120.65163,39.74462]]}},{"type":"Feature","properties":{"elev":5400.0},"geometry":{"type":"LineString","coordinates":[[-120.65165,39.74461],[-120.65165,39.74462]]}},{"type":"Feature","properties":{"elev":5400.0},"geometry":{"type":"LineString","coordinates":[[-120.65175,39.74454],[-120.65174,39.74454]]}},{"type":"Feature","properties":{"elev":5400.0},"geometry":{"type":"LineString","coordinates":[[-120.65176,39.74453],[-120.65175,39.74453]]}},{"type":"Feature","properties":{"elev":5400.0},"geometry":{"type":"LineString","coordinates":[[-120.65177,39.74452],[-120.65176,39.74453]]}},{"type":"Feature","properties":{"elev":5400.0},"geometry":{"type":"LineString","coordinates":[[-120.65191,39.74441],[-120.6519,39.74441]]}},{"type":"Feature","properties":{"elev":5400.0},"geometry":{"type":"LineString","coordinates":[[-120.65203,39.7443],[-120.65202,39.74431]]}},{"type":"Feature","properties":{"elev":5400.0},"geometry":{"type":"LineString","coordinates":[[-120.65208,39.74425],[-120.65208,39.74426]]}},{"type":"Feature","properties":{"elev":5400.0},"geometry":{"type":"LineString","coordinates":[[-120.65215,39.74419],[-120.65214,39.74419]]}},{"type":"Feature","properties":{"elev":5400.0},"geometry":{"type":"LineString","coordinates":[[-120.65217,39.74416],[-120.65217,39.74417]]}},{"type":"Feature","properties":{"elev":4800.0},"geometry":{"type":"LineString","coordinates":[[-120.61947,39.74297],[-120.61945,39.74299],[-120.61947,39.743],[-120.61949,39.74298],[-120.61947,39.74297]]}},{"type":"Feature","properties":{"elev":4600.0},"geometry":{"type":"LineString","coordinates":[[-120.60388,39.74887],[-120.60394,39.74891],[-120.60417,39.74942],[-120.60445,39.74983],[-120.60478,39.75018],[-120.60516,39.75049],[-120.60562,39.75076],[-120.60614,39.75098],[-120.60662,39.75113],[-120.60716,39.75123],[-120.60763,39.75127],[-120.60852,39.75128],[-120.61105,39.75128],[-120.61158,39.75125],[-120.61161,39.75121],[-120.61158,39.75079],[-120.61162,39.75059],[-120.6122,39.74993],[-120.61273,39.74985],[-120.61226,39.7497],[-120.61198,39.74971],[-120.61181,39.74975],[-120.61165,39.74984],[-120.61157,39.74994],[-120.61155,39.75009],[-120.61147,39.75014],[-120.61131,39.75017],[-120.61125,39.75007],[-120.61079,39.75014],[-120.61067,39.75002],[-120.61081,39.74981],[-120.61079,39.74973],[-120.61055,39.74969],[-120.61033,39.74958],[-120.61024,39.74939],[-120.61029,39.74925],[-120.61002,39.7493],[-120.60992,39.74927],[-120.61004,39.74904],[-120.61,39.74896],[-120.60978,39.749],[-120.60956,39.74892],[-120.60947,39.74875],[-120.6094,39.74847],[-120.60965,39.74832],[-120.6095,39.7482],[-120.60893,39.7482],[-120.60854,39.74825],[-120.60811,39.74846],[-120.60776,39.74871],[-120.60731,39.74924],[-120.60701,39.74929],[-120.60683,39.74927],[-120.60683,39.7492],[-120.60706,39.74886],[-120.60748,39.74846],[-120.60749,39.74832],[-120.60764,39.74825],[-120.60765,39.74821],[-120.60715,39.74816],[-120.60699,39.74807],[-120.60693,39.74791],[-120.60673,39.74781],[-120.60656,39.74779],[-120.60647,39.74771],[-120.60669,39.74761],[-120.6067,39.74738],[-120.60679,39.74727],[-120.60669,39.7471],[-120.6068,39.74692],[-120.60658,39.74677],[-120.60657,39.74668],[-120.60667,39.74661],[-120.60661,39.74651],[-120.6067,39.74644],[-120.60657,39.74638],[-120.60646,39.74624],[-120.60629,39.7459],[-120.60638,39.74557],[-120.60631,39.74548],[-120.60638,39.74529],[-120.60629,39.74512],[-120.60638,39.74494],[-120.60632,39.74477],[-120.60632,39.74452],[-120.60634,39.74449],[-120.60662,39.74443],[-120.60674,39.74424],[-120.60622,39.74379],[-120.60589,39.74369],[-120.60562,39.74379],[-120.60526,39.74375],[-120.60522,39.7437],[-120.60522,39.74359],[-120.6053,39.74327],[-120.60521,39.74305],[-120.60473,39.74288],[-120.60443,39.74269],[-120.60401,39.74267]]}},{"type":"Feature","properties":{"elev":5400.0},"geometry":{"type":"LineString","coordinates":[[-120.64996,39.74608],[-120.64987,39.74823],[-120.64981,39.74868],[-120.64923,39.74871],[-120.64889,39.74894],[-120.6482,39.74964],[-120.64686,39.75033],[-120.64659,39.75042],[-120.64663,39.75028],[-120.64703,39.74959],[-120.6473,39.74879],[-120.64741,39.74815],[-120.64738,39.74773],[-120.64733,39.74759],[-120.64736,39.74737],[-120.64768,39.74679],[-120.64786,39.74637],[-120.64817,39.746],[-120.6482,39.74582],[-120.64829,39.74568],[-120.64815,39.74559],[-120.64819,39.74538],[-120.64811,39.74529],[-120.6484,39.74491],[-120.64832,39.74474],[-120.64841,39.74444],[-120.64827,39.74416],[-120.648,39.74399],[-120.64797,39.74377],[-120.64784,39.74371],[-120.64775,39.74355],[-120.64803,39.74334],[-120.64824,39.7429],[-120.64828,39.74265],[-120.64843,39.74243],[-120.64833,39.74242],[-120.64799,39.74251],[-120.64791,39.74249],[-120.64791,39.74241],[-120.64784,39.74242],[-120.64769,39.74255],[-120.64761,39.7429],[-120.64737,39.74306],[-120.64699,39.74316],[-120.64685,39.74312],[-120.64673,39.74314],[-120.64634,39.74334],[-120.64599,39.74335],[-120.64572,39.74361],[-120.64558,39.74363],[-120.64524,39.74395],[-120.64478,39.74421],[-120.64466,39.74432],[-120.64449,39.74439],[-120.64435,39.74454],[-120.64416,39.74459],[-120.64362,39.74457],[-120.6433,39.74441],[-120.64303,39.74437],[-120.64276,39.74381],[-120.64244,39.74354],[-120.64174,39.7435],[-120.64128,39.74355],[-120.64096,39.74341],[-120.64078,39.74319],[-120.6408,39.74293],[-120.64095,39.74259],[-120.64189,39.74227],[-120.64223,39.74178]]}},{"type":"Feature","properties":{"elev":5400.0},"geometry":{"type":"LineString","coordinates":[[-120.64223,39.74177],[-120.64243,39.74148]]}},{"type":"Feature","properties":{"elev":5400.0},"geometry":{"type":"LineString","coordinates":[[-120.64243,39.74148],[-120.64246,39.74143]]}},{"type":"Feature","properties":{"elev":5400.0},"geometry":{"type":"LineString","coordinates":[[-120.64246,39.74142],[-120.64248,39.74139]]}},{"type":"Feature","properties":{"elev":5400.0},"geometry":{"type":"LineString","coordinates":[[-120.64248,39.74138],[-120.64249,39.74137]]}},{"type":"Feature","properties":{"elev":5400.0},"geometry":{"type":"LineString","coordinates":[[-120.6425,39.74136],[-120.64252,39.74133]]}},{"type":"Feature","properties":{"elev":5400.0},"geometry":{"type":"LineString","coordinates":[[-120.64252,39.74132],[-120.64254,39.74129]]}},{"type":"Feature","properties":{"elev":5400.0},"geometry":{"type":"LineString","coordinates":[[-120.64254,39.74129],[-120.64255,39.74127]]}},{"type":"Feature","properties":{"elev":5400.0},"geometry":{"type":"LineString","coordinates":[[-120.64255,39.74127],[-120.64256,39.74126]]}},{"type":"Feature","properties":{"elev":5400.0},"geometry":{"type":"LineString","coordinates":[[-120.64256,39.74125],[-120.64257,39.74124]]}},{"type":"Feature","properties":{"elev":5400.0},"geometry":{"type":"LineString","coordinates":[[-120.64257,39.74124],[-120.64258,39.74123]]}},{"type":"Feature","properties":{"elev":5400.0},"geometry":{"type":"LineString","coordinates":[[-120.64258,39.74122],[-120.64259,39.74121]]}},{"type":"Feature","properties":{"elev":5400.0},"geometry":{"type":"LineString","coordinates":[[-120.64259,39.7412],[-120.64261,39.74118]]}},{"type":"Feature","properties":{"elev":5400.0},"geometry":{"type":"LineString","coordinates":[[-120.64261,39.74118],[-120.64262,39.74117]]}},{"type":"Feature","properties":{"elev":5400.0},"geometry":{"type":"LineString","coordinates":[[-120.64262,39.74116],[-120.64263,39.74115]]}},{"type":"Feature","properties":{"elev":5400.0},"geometry":{"type":"LineString","coordinates":[[-120.64263,39.74115],[-120.64264,39.74114]]}},{"type":"Feature","properties":{"elev":5400.0},"geometry":{"type":"LineString","coordinates":[[-120.64264,39.74113],[-120.64265,39.74112]]}},{"type":"Feature","properties":{"elev":5400.0},"geometry":{"type":"LineString","coordinates":[[-120.64265,39.74111],[-120.64266,39.7411]]}},{"type":"Feature","properties":{"elev":5400.0},"geometry":{"type":"LineString","coordinates":[[-120.64266,39.7411],[-120.64267,39.74109]]}},{"type":"Feature","properties":{"elev":5400.0},"geometry":{"type":"LineString","coordinates":[[-120.64267,39.74108],[-120.64268,39.74107]]}},{"type":"Feature","properties":{"elev":5400.0},"geometry":{"type":"LineString","coordinates":[[-120.64268,39.74106],[-120.64269,39.74105]]}},{"type":"Feature","properties":{"elev":5400.0},"geometry":{"type":"LineString","coordinates":[[-120.64269,39.74104],[-120.6427,39.74104]]}},{"type":"Feature","properties":{"elev":5400.0},"geometry":{"type":"LineString","coordinates":[[-120.6427,39.74102],[-120.64271,39.74101]]}},{"type":"Feature","properties":{"elev":5400.0},"geometry":{"type":"LineString","coordinates":[[-120.64272,39.74101],[-120.64272,39.741]]}},{"type":"Feature","properties":{"elev":5400.0},"geometry":{"type":"LineString","coordinates":[[-120.64273,39.74099],[-120.64273,39.74098]]}},{"type":"Feature","properties":{"elev":5400.0},"geometry":{"type":"LineString","coordinates":[[-120.64274,39.74097],[-120.64274,39.74096]]}},{"type":"Feature","properties":{"elev":5400.0},"geometry":{"type":"LineString","coordinates":[[-120.64275,39.74095],[-120.64276,39.74094]]}},{"type":"Feature","properties":{"elev":5400.0},"geometry":{"type":"LineString","coordinates":[[-120.64276,39.74093],[-120.64277,39.74092]]}},{"type":"Feature","properties":{"elev":5400.0},"geometry":{"type":"LineString","coordinates":[[-120.64277,39.74091],[-120.64278,39.74091]]}},{"type":"Feature","properties":{"elev":5400.0},"geometry":{"type":"LineString","coordinates":[[-120.64278,39.7409],[-120.64279,39.74089]]}},{"type":"Feature","properties":{"elev":5400.0},"geometry":{"type":"LineString","coordinates":[[-120.64279,39.74088],[-120.6428,39.74087]]}},{"type":"Feature","properties":{"elev":5400.0},"geometry":{"type":"LineString","coordinates":[[-120.6428,39.74086],[-120.64281,39.74086]]}},{"type":"Feature","properties":{"elev":5400.0},"geometry":{"type":"LineString","coordinates":[[-120.64281,39.74085],[-120.64282,39.74084]]}},{"type":"Feature","properties":{"elev":5400.0},"geometry":{"type":"LineString","coordinates":[[-120.64284,39.74081],[-120.64284,39.7408]]}},{"type":"Feature","properties":{"elev":5400.0},"geometry":{"type":"LineString","coordinates":[[-120.64285,39.74079],[-120.64285,39.74078]]}},{"type":"Feature","properties":{"elev":5400.0},"geometry":{"type":"LineString","coordinates":[[-120.64288,39.74073],[-120.64289,39.74073]]}},{"type":"Feature","properties":{"elev":5600.0},"geometry":{"type":"LineString","coordinates":[[-120.6594,39.73913],[-120.65827,39.73965],[-120.65667,39.74026]]}},{"type":"Feature","properties":{"elev":5600.0},"geometry":{"type":"LineString","coordinates":[[-120.66228,39.73852],[-120.66167,39.73879],[-120.66096,39.73899],[-120.66024,39.7391],[-120.6594,39.73913]]}},{"type":"Feature","properties":{"elev":5600.0},"geometry":{"type":"LineString","coordinates":[[-120.66236,39.73847],[-120.66228,39.73852]]}},{"type":"Feature","properties":{"elev":5600.0},"geometry":{"type":"LineString","coordinates":[[-120.66241,39.73845],[-120.66237,39.73847]]}},{"type":"Feature","properties":{"elev":5600.0},"geometry":{"type":"LineString","coordinates":[[-120.66248,39.7384],[-120.66241,39.73845]]}},{"type":"Feature","properties":{"elev":5600.0},"geometry":{"type":"LineString","coordinates":[[-120.66255,39.73836],[-120.66249,39.7384]]}},{"type":"Feature","properties":{"elev":5600.0},"geometry":{"type":"LineString","coordinates":[[-120.66256,39.73835],[-120.66255,39.73836]]}},{"type":"Feature","properties":{"elev":5600.0},"geometry":{"type":"LineString","coordinates":[[-120.66267,39.73828],[-120.66256,39.73835]]}},{"type":"Feature","properties":{"elev":5600.0},"geometry":{"type":"LineString","coordinates":[[-120.66268,39.73827],[-120.66267,39.73828]]}},{"type":"Feature","properties":{"elev":5600.0},"geometry":{"type":"LineString","coordinates":[[-120.66269,39.73826],[-120.66268,39.73827]]}},{"type":"Feature","properties":{"elev":5600.0},"geometry":{"type":"LineString","coordinates":[[-120.6628,39.73819],[-120.66269,39.73826]]}},{"type":"Feature","properties":{"elev":5600.0},"geometry":{"type":"LineString","coordinates":[[-120.66281,39.73818],[-120.6628,39.73819]]}},{"type":"Feature","properties":{"elev":5600.0},"geometry":{"type":"LineString","coordinates":[[-120.66282,39.73817],[-120.66281,39.73818]]}},{"type":"Feature","properties":{"elev":5600.0},"geometry":{"type":"LineString","coordinates":[[-120.66283,39.73816],[-120.66282,39.73817]]}},{"type":"Feature","properties":{"elev":5600.0},"geometry":{"type":"LineString","coordinates":[[-120.66284,39.73816],[-120.66283,39.73816]]}},{"type":"Feature","properties":{"elev":5600.0},"geometry":{"type":"LineString","coordinates":[[-120.66285,39.73815],[-120.66284,39.73815]]}},{"type":"Feature","properties":{"elev":5600.0},"geometry":{"type":"LineString","coordinates":[[-120.66286,39.73814],[-120.66285,39.73815]]}},{"type":"Feature","properties":{"elev":5600.0},"geometry":{"type":"LineString","coordinates":[[-120.66287,39.73813],[-120.66286,39.73814]]}},{"type":"Feature","properties":{"elev":5600.0},"geometry":{"type":"LineString","coordinates":[[-120.66291,39.7381],[-120.66287,39.73813]]}},{"type":"Feature","properties":{"elev":5600.0},"geometry":{"type":"LineString","coordinates":[[-120.66294,39.73807],[-120.66293,39.73808]]}},{"type":"Feature","properties":{"elev":5600.0},"geometry":{"type":"LineString","coordinates":[[-120.66297,39.73805],[-120.66294,39.73807]]}},{"type":"Feature","properties":{"elev":5600.0},"geometry":{"type":"LineString","coordinates":[[-120.66299,39.73803],[-120.66298,39.73803]]}},{"type":"Feature","properties":{"elev":5600.0},"geometry":{"type":"LineString","coordinates":[[-120.663,39.73802],[-120.66299,39.73802]]}},{"type":"Feature","properties":{"elev":5600.0},"geometry":{"type":"LineString","coordinates":[[-120.66301,39.73801],[-120.663,39.73802]]}},{"type":"Feature","properties":{"elev":5600.0},"geometry":{"type":"LineString","coordinates":[[-120.66302,39.738],[-120.66301,39.73801]]}},{"type":"Feature","properties":{"elev":5600.0},"geometry":{"type":"LineString","coordinates":[[-120.66303,39.73799],[-120.66302,39.738]]}},{"type":"Feature","properties":{"elev":5600.0},"geometry":{"type":"LineString","coordinates":[[-120.66304,39.73798],[-120.66304,39.73799]]}},{"type":"Feature","properties":{"elev":5600.0},"geometry":{"type":"LineString","coordinates":[[-120.66306,39.73798],[-120.66305,39.73798]]}},{"type":"Feature","properties":{"elev":5600.0},"geometry":{"type":"LineString","coordinates":[[-120.66307,39.73797],[-120.66306,39.73798]]}},{"type":"Feature","properties":{"elev":5600.0},"geometry":{"type":"LineString","coordinates":[[-120.6631,39.73794],[-120.66307,39.73797]]}},{"type":"Feature","properties":{"elev":5600.0},"geometry":{"type":"LineString","coordinates":[[-120.66311,39.73793],[-120.6631,39.73794]]}},{"type":"Feature","properties":{"elev":5600.0},"geometry":{"type":"LineString","coordinates":[[-120.66313,39.73791],[-120.66311,39.73793]]}},{"type":"Feature","properties":{"elev":5600.0},"geometry":{"type":"LineString","coordinates":[[-120.66316,39.73788],[-120.66314,39.73789]]}},{"type":"Feature","properties":{"elev":5600.0},"geometry":{"type":"LineString","coordinates":[[-120.66319,39.73785],[-120.66317,39.73787]]}},{"type":"Feature","properties":{"elev":5600.0},"geometry":{"type":"LineString","coordinates":[[-120.6632,39.73784],[-120.66319,39.73785]]}},{"type":"Feature","properties":{"elev":5600.0},"geometry":{"type":"LineString","coordinates":[[-120.66321,39.73782],[-120.6632,39.73783]]}},{"type":"Feature","properties":{"elev":5600.0},"geometry":{"type":"LineString","coordinates":[[-120.66322,39.73781],[-120.66321,39.73781]]}},{"type":"Feature","properties":{"elev":5600.0},"geometry":{"type":"LineString","coordinates":[[-120.66324,39.73778],[-120.66323,39.73779]]}},{"type":"Feature","properties":{"elev":5600.0},"geometry":{"type":"LineString","coordinates":[[-120.66325,39.73777],[-120.66324,39.73778]]}},{"type":"Feature","properties":{"elev":5600.0},"geometry":{"type":"LineString","coordinates":[[-120.66326,39.73777],[-120.66325,39.73777]]}},{"type":"Feature","properties":{"elev":5600.0},"geometry":{"type":"LineString","coordinates":[[-120.66327,39.73776],[-120.66326,39.73776]]}},{"type":"Feature","properties":{"elev":5600.0},"geometry":{"type":"LineString","coordinates":[[-120.66328,39.73775],[-120.66327,39.73776]]}},{"type":"Feature","properties":{"elev":5600.0},"geometry":{"type":"LineString","coordinates":[[-120.66329,39.73774],[-120.66329,39.73775]]}},{"type":"Feature","properties":{"elev":5600.0},"geometry":{"type":"LineString","coordinates":[[-120.66331,39.73773],[-120.6633,39.73774]]}},{"type":"Feature","properties":{"elev":5600.0},"geometry":{"type":"LineString","coordinates":[[-120.66332,39.73772],[-120.66331,39.73773]]}},{"type":"Feature","properties":{"elev":5600.0},"geometry":{"type":"LineString","coordinates":[[-120.66333,39.73772],[-120.66332,39.73772]]}},{"type":"Feature","properties":{"elev":5600.0},"geometry":{"type":"LineString","coordinates":[[-120.66334,39.73771],[-120.66333,39.73772]]}},{"type":"Feature","properties":{"elev":5600.0},"geometry":{"type":"LineString","coordinates":[[-120.66335,39.7377],[-120.66334,39.73771]]}},{"type":"Feature","properties":{"elev":5600.0},"geometry":{"type":"LineString","coordinates":[[-120.66336,39.73769],[-120.66335,39.7377]]}},{"type":"Feature","properties":{"elev":5600.0},"geometry":{"type":"LineString","coordinates":[[-120.6634,39.73766],[-120.66336,39.73769]]}},{"type":"Feature","properties":{"elev":5600.0},"geometry":{"type":"LineString","coordinates":[[-120.66342,39.73763],[-120.66342,39.73764]]}},{"type":"Feature","properties":{"elev":5600.0},"geometry":{"type":"LineString","coordinates":[[-120.66345,39.73762],[-120.66342,39.73763]]}},{"type":"Feature","properties":{"elev":5600.0},"geometry":{"type":"LineString","coordinates":[[-120.66347,39.7376],[-120.66346,39.7376]]}},{"type":"Feature","properties":{"elev":5600.0},"geometry":{"type":"LineString","coordinates":[[-120.66348,39.73759],[-120.66347,39.73759]]}},{"type":"Feature","properties":{"elev":5600.0},"geometry":{"type":"LineString","coordinates":[[-120.66349,39.73758],[-120.66348,39.73759]]}},{"type":"Feature","properties":{"elev":5400.0},"geometry":{"type":"LineString","coordinates":[[-120.64078,39.73729],[-120.64062,39.73772]]}},{"type":"Feature","properties":{"elev":5600.0},"geometry":{"type":"LineString","coordinates":[[-120.66353,39.73754],[-120.66349,39.73758]]}},{"type":"Feature","properties":{"elev":5600.0},"geometry":{"type":"LineString","coordinates":[[-120.66355,39.73752],[-120.66355,39.73753]]}},{"type":"Feature","properties":{"elev":5600.0},"geometry":{"type":"LineString","coordinates":[[-120.66357,39.73751],[-120.66356,39.73752]]}},{"type":"Feature","properties":{"elev":5600.0},"geometry":{"type":"LineString","coordinates":[[-120.66361,39.73748],[-120.66357,39.73751]]}},{"type":"Feature","properties":{"elev":5600.0},"geometry":{"type":"LineString","coordinates":[[-120.66362,39.73746],[-120.66361,39.73747]]}},{"type":"Feature","properties":{"elev":5600.0},"geometry":{"type":"LineString","coordinates":[[-120.66364,39.73744],[-120.66362,39.73746]]}},{"type":"Feature","properties":{"elev":5400.0},"geometry":{"type":"LineString","coordinates":[[-120.64081,39.73718],[-120.64078,39.73729]]}},{"type":"Feature","properties":{"elev":5600.0},"geometry":{"type":"LineString","coordinates":[[-120.66366,39.73742],[-120.66364,39.73744]]}},{"type":"Feature","properties":{"elev":5600.0},"geometry":{"type":"LineString","coordinates":[[-120.66369,39.7374],[-120.66367,39.73741]]}},{"type":"Feature","properties":{"elev":5400.0},"geometry":{"type":"LineString","coordinates":[[-120.64082,39.73711],[-120.64081,39.73717]]}},{"type":"Feature","properties":{"elev":5600.0},"geometry":{"type":"LineString","coordinates":[[-120.66371,39.73737],[-120.66369,39.73739]]}},{"type":"Feature","properties":{"elev":5600.0},"geometry":{"type":"LineString","coordinates":[[-120.66375,39.73733],[-120.66372,39.73736]]}},{"type":"Feature","properties":{"elev":5600.0},"geometry":{"type":"LineString","coordinates":[[-120.66377,39.7373],[-120.66375,39.73732]]}},{"type":"Feature","properties":{"elev":5400.0},"geometry":{"type":"LineString","coordinates":[[-120.64083,39.73704],[-120.64082,39.73711]]}},{"type":"Feature","properties":{"elev":5600.0},"geometry":{"type":"LineString","coordinates":[[-120.66378,39.73729],[-120.66377,39.7373]]}},{"type":"Feature","properties":{"elev":5600.0},"geometry":{"type":"LineString","coordinates":[[-120.66381,39.73727],[-120.66379,39.73728]]}},{"type":"Feature","properties":{"elev":5600.0},"geometry":{"type":"LineString","coordinates":[[-120.66383,39.73724],[-120.66381,39.73726]]}},{"type":"Feature","properties":{"elev":5400.0},"geometry":{"type":"LineString","coordinates":[[-120.64084,39.73697],[-120.64083,39.73703]]}},{"type":"Feature","properties":{"elev":5600.0},"geometry":{"type":"LineString","coordinates":[[-120.66384,39.73723],[-120.66383,39.73723]]}},{"type":"Feature","properties":{"elev":5600.0},"geometry":{"type":"LineString","coordinates":[[-120.66386,39.7372],[-120.66384,39.73722]]}},{"type":"Feature","properties":{"elev":5600.0},"geometry":{"type":"LineString","coordinates":[[-120.66387,39.73719],[-120.66386,39.73719]]}},{"type":"Feature","properties":{"elev":5400.0},"geometry":{"type":"LineString","coordinates":[[-120.64085,39.7369],[-120.64084,39.73696]]}},{"type":"Feature","properties":{"elev":5600.0},"geometry":{"type":"LineString","coordinates":[[-120.66389,39.73716],[-120.66387,39.73718]]}},{"type":"Feature","properties":{"elev":5600.0},"geometry":{"type":"LineString","coordinates":[[-120.66391,39.73713],[-120.6639,39.73715]]}},{"type":"Feature","properties":{"elev":5600.0},"geometry":{"type":"LineString","coordinates":[[-120.66393,39.73712],[-120.66391,39.73713]]}},{"type":"Feature","properties":{"elev":5600.0},"geometry":{"type":"LineString","coordinates":[[-120.66394,39.7371],[-120.66393,39.73711]]}},{"type":"Feature","properties":{"elev":5600.0},"geometry":{"type":"LineString","coordinates":[[-120.66395,39.73709],[-120.66394,39.7371]]}},{"type":"Feature","properties":{"elev":5400.0},"geometry":{"type":"LineString","coordinates":[[-120.64087,39.7368],[-120.64085,39.73688]]}},{"type":"Feature","properties":{"elev":5600.0},"geometry":{"type":"LineString","coordinates":[[-120.66397,39.73706],[-120.66395,39.73708]]}},{"type":"Feature","properties":{"elev":5600.0},"geometry":{"type":"LineString","coordinates":[[-120.66398,39.73704],[-120.66397,39.73706]]}},{"type":"Feature","properties":{"elev":5600.0},"geometry":{"type":"LineString","coordinates":[[-120.66399,39.73703],[-120.66398,39.73704]]}},{"type":"Feature","properties":{"elev":5600.0},"geometry":{"type":"LineString","coordinates":[[-120.664,39.73701],[-120.66399,39.73702]]}},{"type":"Feature","properties":{"elev":5600.0},"geometry":{"type":"LineString","coordinates":[[-120.66401,39.737],[-120.664,39.73701]]}},{"type":"Feature","properties":{"elev":5600.0},"geometry":{"type":"LineString","coordinates":[[-120.66402,39.73698],[-120.66401,39.73699]]}},{"type":"Feature","properties":{"elev":5600.0},"geometry":{"type":"LineString","coordinates":[[-120.66403,39.73696],[-120.66403,39.73697]]}},{"type":"Feature","properties":{"elev":5600.0},"geometry":{"type":"LineString","coordinates":[[-120.66405,39.73695],[-120.66404,39.73696]]}},{"type":"Feature","properties":{"elev":5600.0},"geometry":{"type":"LineString","coordinates":[[-120.66406,39.73693],[-120.66405,39.73694]]}},{"type":"Feature","properties":{"elev":5400.0},"geometry":{"type":"LineString","coordinates":[[-120.64088,39.73665],[-120.64087,39.73678]]}},{"type":"Feature","properties":{"elev":5600.0},"geometry":{"type":"LineString","coordinates":[[-120.66407,39.73691],[-120.66406,39.73692]]}},{"type":"Feature","properties":{"elev":5600.0},"geometry":{"type":"LineString","coordinates":[[-120.66408,39.7369],[-120.66407,39.73691]]}},{"type":"Feature","properties":{"elev":5600.0},"geometry":{"type":"LineString","coordinates":[[-120.66409,39.73688],[-120.66408,39.73689]]}},{"type":"Feature","properties":{"elev":5600.0},"geometry":{"type":"LineString","coordinates":[[-120.6641,39.73686],[-120.66409,39.73687]]}},{"type":"Feature","properties":{"elev":5400.0},"geometry":{"type":"LineString","coordinates":[[-120.64089,39.73658],[-120.64088,39.73664]]}},{"type":"Feature","properties":{"elev":5600.0},"geometry":{"type":"LineString","coordinates":[[-120.66411,39.73684],[-120.6641,39.73685]]}},{"type":"Feature","properties":{"elev":5600.0},"geometry":{"type":"LineString","coordinates":[[-120.66412,39.73682],[-120.66411,39.73683]]}},{"type":"Feature","properties":{"elev":5600.0},"geometry":{"type":"LineString","coordinates":[[-120.66413,39.7368],[-120.66413,39.73681]]}},{"type":"Feature","properties":{"elev":5600.0},"geometry":{"type":"LineString","coordinates":[[-120.66414,39.73678],[-120.66414,39.73679]]}},{"type":"Feature","properties":{"elev":5600.0},"geometry":{"type":"LineString","coordinates":[[-120.66416,39.73677],[-120.66415,39.73678]]}},{"type":"Feature","properties":{"elev":5400.0},"geometry":{"type":"LineString","coordinates":[[-120.6409,39.73649],[-120.64089,39.73656]]}},{"type":"Feature","properties":{"elev":5600.0},"geometry":{"type":"LineString","coordinates":[[-120.66417,39.73675],[-120.66416,39.73676]]}},{"type":"Feature","properties":{"elev":5600.0},"geometry":{"type":"LineString","coordinates":[[-120.66418,39.73673],[-120.66417,39.73675]]}},{"type":"Feature","properties":{"elev":5400.0},"geometry":{"type":"LineString","coordinates":[[-120.64092,39.73644],[-120.6409,39.73647]]}},{"type":"Feature","properties":{"elev":5600.0},"geometry":{"type":"LineString","coordinates":[[-120.66419,39.73671],[-120.66418,39.73672]]}},{"type":"Feature","properties":{"elev":5600.0},"geometry":{"type":"LineString","coordinates":[[-120.6642,39.73668],[-120.66419,39.7367]]}},{"type":"Feature","properties":{"elev":5600.0},"geometry":{"type":"LineString","coordinates":[[-120.66421,39.73666],[-120.6642,39.73667]]}},{"type":"Feature","properties":{"elev":5400.0},"geometry":{"type":"LineString","coordinates":[[-120.64093,39.73638],[-120.64092,39.73642]]}},{"type":"Feature","properties":{"elev":5600.0},"geometry":{"type":"LineString","coordinates":[[-120.66422,39.73664],[-120.66421,39.73665]]}},{"type":"Feature","properties":{"elev":5600.0},"geometry":{"type":"LineString","coordinates":[[-120.66423,39.73662],[-120.66423,39.73663]]}},{"type":"Feature","properties":{"elev":5600.0},"geometry":{"type":"LineString","coordinates":[[-120.66424,39.7366],[-120.66423,39.73661]]}},{"type":"Feature","properties":{"elev":5400.0},"geometry":{"type":"LineString","coordinates":[[-120.64094,39.73632],[-120.64093,39.73635]]}},{"type":"Feature","properties":{"elev":5600.0},"geometry":{"type":"LineString","coordinates":[[-120.66426,39.73657],[-120.66425,39.73659]]}},{"type":"Feature","properties":{"elev":5400.0},"geometry":{"type":"LineString","coordinates":[[-120.64095,39.73628],[-120.64094,39.7363]]}},{"type":"Feature","properties":{"elev":5600.0},"geometry":{"type":"LineString","coordinates":[[-120.66427,39.73655],[-120.66426,39.73656]]}},{"type":"Feature","properties":{"elev":5600.0},"geometry":{"type":"LineString","coordinates":[[-120.66428,39.73652],[-120.66427,39.73653]]}},{"type":"Feature","properties":{"elev":5400.0},"geometry":{"type":"LineString","coordinates":[[-120.64096,39.73624],[-120.64095,39.73626]]}},{"type":"Feature","properties":{"elev":5600.0},"geometry":{"type":"LineString","coordinates":[[-120.66429,39.7365],[-120.66428,39.73652]]}},{"type":"Feature","properties":{"elev":5600.0},"geometry":{"type":"LineString","coordinates":[[-120.6643,39.73647],[-120.66429,39.73649]]}},{"type":"Feature","properties":{"elev":5400.0},"geometry":{"type":"LineString","coordinates":[[-120.64097,39.73618],[-120.64096,39.73622]]}},{"type":"Feature","properties":{"elev":5600.0},"geometry":{"type":"LineString","coordinates":[[-120.66431,39.73644],[-120.6643,39.73646]]}},{"type":"Feature","properties":{"elev":5600.0},"geometry":{"type":"LineString","coordinates":[[-120.66432,39.73641],[-120.66431,39.73643]]}},{"type":"Feature","properties":{"elev":5600.0},"geometry":{"type":"LineString","coordinates":[[-120.66433,39.73638],[-120.66433,39.73639]]}},{"type":"Feature","properties":{"elev":5600.0},"geometry":{"type":"LineString","coordinates":[[-120.66435,39.73635],[-120.66434,39.73637]]}},{"type":"Feature","properties":{"elev":5600.0},"geometry":{"type":"LineString","coordinates":[[-120.66436,39.73632],[-120.66435,39.73634]]}},{"type":"Feature","properties":{"elev":5600.0},"geometry":{"type":"LineString","coordinates":[[-120.66437,39.73628],[-120.66436,39.7363]]}},{"type":"Feature","properties":{"elev":5600.0},"geometry":{"type":"LineString","coordinates":[[-120.66438,39.73625],[-120.66437,39.73626]]}},{"type":"Feature","properties":{"elev":5400.0},"geometry":{"type":"LineString","coordinates":[[-120.64099,39.73594],[-120.64098,39.73615]]}},{"type":"Feature","properties":{"elev":5600.0},"geometry":{"type":"LineString","coordinates":[[-120.66439,39.73621],[-120.66438,39.73623]]}},{"type":"Feature","properties":{"elev":5600.0},"geometry":{"type":"LineString","coordinates":[[-120.6644,39.73616],[-120.66439,39.73619]]}},{"type":"Feature","properties":{"elev":5600.0},"geometry":{"type":"LineString","coordinates":[[-120.66441,39.73611],[-120.66441,39.73613]]}},{"type":"Feature","properties":{"elev":5400.0},"geometry":{"type":"LineString","coordinates":[[-120.64101,39.73582],[-120.64101,39.73583]]}},{"type":"Feature","properties":{"elev":5600.0},"geometry":{"type":"LineString","coordinates":[[-120.66443,39.73607],[-120.66442,39.73609]]}},{"type":"Feature","properties":{"elev":5400.0},"geometry":{"type":"LineString","coordinates":[[-120.64103,39.73579],[-120.64103,39.7358]]}},{"type":"Feature","properties":{"elev":5400.0},"geometry":{"type":"LineString","coordinates":[[-120.64105,39.73577],[-120.64104,39.73578]]}},{"type":"Feature","properties":{"elev":5600.0},"geometry":{"type":"LineString","coordinates":[[-120.66444,39.73603],[-120.66443,39.73605]]}},{"type":"Feature","properties":{"elev":5400.0},"geometry":{"type":"LineString","coordinates":[[-120.64106,39.73575],[-120.64105,39.73576]]}},{"type":"Feature","properties":{"elev":5400.0},"geometry":{"type":"LineString","coordinates":[[-120.64107,39.73573],[-120.64106,39.73574]]}},{"type":"Feature","properties":{"elev":5600.0},"geometry":{"type":"LineString","coordinates":[[-120.66445,39.73597],[-120.66444,39.73599]]}},{"type":"Feature","properties":{"elev":5400.0},"geometry":{"type":"LineString","coordinates":[[-120.64108,39.7357],[-120.64107,39.73571]]}},{"type":"Feature","properties":{"elev":5400.0},"geometry":{"type":"LineString","coordinates":[[-120.64109,39.73567],[-120.64108,39.73567]]}},{"type":"Feature","properties":{"elev":5400.0},"geometry":{"type":"LineString","coordinates":[[-120.6411,39.73563],[-120.64109,39.73565]]}},{"type":"Feature","properties":{"elev":5600.0},"geometry":{"type":"LineString","coordinates":[[-120.66446,39.7359],[-120.66445,39.73592]]}},{"type":"Feature","properties":{"elev":5400.0},"geometry":{"type":"LineString","coordinates":[[-120.64111,39.7356],[-120.64111,39.73561]]}},{"type":"Feature","properties":{"elev":5400.0},"geometry":{"type":"LineString","coordinates":[[-120.64112,39.73556],[-120.64112,39.73557]]}},{"type":"Feature","properties":{"elev":5600.0},"geometry":{"type":"LineString","coordinates":[[-120.66447,39.73581],[-120.66447,39.73583]]}},{"type":"Feature","properties":{"elev":5400.0},"geometry":{"type":"LineString","coordinates":[[-120.64114,39.73553],[-120.64113,39.73554]]}},{"type":"Feature","properties":{"elev":5400.0},"geometry":{"type":"LineString","coordinates":[[-120.64115,39.73549],[-120.64114,39.7355]]}},{"type":"Feature","properties":{"elev":5400.0},"geometry":{"type":"LineString","coordinates":[[-120.64116,39.73545],[-120.64115,39.73546]]}},{"type":"Feature","properties":{"elev":5400.0},"geometry":{"type":"LineString","coordinates":[[-120.64117,39.73541],[-120.64116,39.73542]]}},{"type":"Feature","properties":{"elev":5600.0},"geometry":{"type":"LineString","coordinates":[[-120.66449,39.73567],[-120.66448,39.73569]]}},{"type":"Feature","properties":{"elev":5400.0},"geometry":{"type":"LineString","coordinates":[[-120.64118,39.73537],[-120.64117,39.73538]]}},{"type":"Feature","properties":{"elev":5400.0},"geometry":{"type":"LineString","coordinates":[[-120.64119,39.73532],[-120.64119,39.73534]]}},{"type":"Feature","properties":{"elev":5400.0},"geometry":{"type":"LineString","coordinates":[[-120.64121,39.73526],[-120.6412,39.73526]]}},{"type":"Feature","properties":{"elev":5400.0},"geometry":{"type":"LineString","coordinates":[[-120.64122,39.73521],[-120.64121,39.73522]]}},{"type":"Feature","properties":{"elev":5400.0},"geometry":{"type":"LineString","coordinates":[[-120.64123,39.73515],[-120.64122,39.73516]]}},{"type":"Feature","properties":{"elev":5400.0},"geometry":{"type":"LineString","coordinates":[[-120.64124,39.73507],[-120.64123,39.73508]]}},{"type":"Feature","properties":{"elev":5600.0},"geometry":{"type":"LineString","coordinates":[[-120.66453,39.73529],[-120.66452,39.7353]]}},{"type":"Feature","properties":{"elev":5600.0},"geometry":{"type":"LineString","coordinates":[[-120.66457,39.73522],[-120.66456,39.73523]]}},{"type":"Feature","properties":{"elev":5600.0},"geometry":{"type":"LineString","coordinates":[[-120.66462,39.73511],[-120.66462,39.73512]]}},{"type":"Feature","properties":{"elev":5600.0},"geometry":{"type":"LineString","coordinates":[[-120.66465,39.73507],[-120.66464,39.73508]]}},{"type":"Feature","properties":{"elev":5600.0},"geometry":{"type":"LineString","coordinates":[[-120.66467,39.73503],[-120.66466,39.73504]]}},{"type":"Feature","properties":{"elev":5600.0},"geometry":{"type":"LineString","coordinates":[[-120.66468,39.73501],[-120.66467,39.73501]]}},{"type":"Feature","properties":{"elev":5600.0},"geometry":{"type":"LineString","coordinates":[[-120.66469,39.73498],[-120.66468,39.73499]]}},{"type":"Feature","properties":{"elev":5600.0},"geometry":{"type":"LineString","coordinates":[[-120.66471,39.73492],[-120.66471,39.73493]]}},{"type":"Feature","properties":{"elev":5600.0},"geometry":{"type":"LineString","coordinates":[[-120.66472,39.7349],[-120.66472,39.73491]]}},{"type":"Feature","properties":{"elev":5600.0},"geometry":{"type":"LineString","coordinates":[[-120.66474,39.73487],[-120.66473,39.73488]]}},{"type":"Feature","properties":{"elev":5600.0},"geometry":{"type":"LineString","coordinates":[[-120.66475,39.73484],[-120.66474,39.73486]]}},{"type":"Feature","properties":{"elev":5600.0},"geometry":{"type":"LineString","coordinates":[[-120.66476,39.73481],[-120.66475,39.73482]]}},{"type":"Feature","properties":{"elev":5600.0},"geometry":{"type":"LineString","coordinates":[[-120.66477,39.73478],[-120.66476,39.73479]]}},{"type":"Feature","properties":{"elev":6000.0},"geometry":{"type":"LineString","coordinates":[[-120.66405,39.73475],[-120.66414,39.73475],[-120.66427,39.73483],[-120.66464,39.73487],[-120.66445,39.73532],[-120.66436,39.73587],[-120.66382,39.73582],[-120.66326,39.73623],[-120.66295,39.73601],[-120.66254,39.73608],[-120.66255,39.73601],[-120.66283,39.73573],[-120.66342,39.73535],[-120.66387,39.73489],[-120.66405,39.73475]]}},{"type":"Feature","properties":{"elev":5600.0},"geometry":{"type":"LineString","coordinates":[[-120.66478,39.73474],[-120.66477,39.73476]]}},{"type":"Feature","properties":{"elev":5600.0},"geometry":{"type":"LineString","coordinates":[[-120.66479,39.73471],[-120.66479,39.73472]]}},{"type":"Feature","properties":{"elev":5600.0},"geometry":{"type":"LineString","coordinates":[[-120.6648,39.73468],[-120.66479,39.73469]]}},{"type":"Feature","properties":{"elev":5600.0},"geometry":{"type":"LineString","coordinates":[[-120.66482,39.73463],[-120.66481,39.73465]]}},{"type":"Feature","properties":{"elev":5600.0},"geometry":{"type":"LineString","coordinates":[[-120.66483,39.73458],[-120.66482,39.7346]]}},{"type":"Feature","properties":{"elev":5600.0},"geometry":{"type":"LineString","coordinates":[[-120.66484,39.73454],[-120.66483,39.73456]]}},{"type":"Feature","properties":{"elev":5600.0},"geometry":{"type":"LineString","coordinates":[[-120.66485,39.7345],[-120.66484,39.73452]]}},{"type":"Feature","properties":{"elev":5600.0},"geometry":{"type":"LineString","coordinates":[[-120.66486,39.73443],[-120.66485,39.73447]]}},{"type":"Feature","properties":{"elev":5600.0},"geometry":{"type":"LineString","coordinates":[[-120.66487,39.73437],[-120.66486,39.7344]]}},{"type":"Feature","properties":{"elev":5600.0},"geometry":{"type":"LineString","coordinates":[[-120.66489,39.7343],[-120.66488,39.73434]]}},{"type":"Feature","properties":{"elev":5600.0},"geometry":{"type":"LineString","coordinates":[[-120.6649,39.7342],[-120.66489,39.73427]]}},{"type":"Feature","properties":{"elev":5600.0},"geometry":{"type":"LineString","coordinates":[[-120.66491,39.73373],[-120.6649,39.73416]]}},{"type":"Feature","properties":{"elev":5600.0},"geometry":{"type":"LineString","coordinates":[[-120.6649,39.73363],[-120.66491,39.73368]]}},{"type":"Feature","properties":{"elev":5600.0},"geometry":{"type":"LineString","coordinates":[[-120.66489,39.73353],[-120.6649,39.73358]]}},{"type":"Feature","properties":{"elev":5600.0},"geometry":{"type":"LineString","coordinates":[[-120.66488,39.73346],[-120.66489,39.7335]]}},{"type":"Feature","properties":{"elev":5600.0},"geometry":{"type":"LineString","coordinates":[[-120.66494,39.73337],[-120.66493,39.73338]]}},{"type":"Feature","properties":{"elev":5600.0},"geometry":{"type":"LineString","coordinates":[[-120.66495,39.73336],[-120.66494,39.73337]]}},{"type":"Feature","properties":{"elev":5600.0},"geometry":{"type":"LineString","coordinates":[[-120.66496,39.73335],[-120.66495,39.73336]]}},{"type":"Feature","properties":{"elev":5600.0},"geometry":{"type":"LineString","coordinates":[[-120.66497,39.73335],[-120.66496,39.73335]]}},{"type":"Feature","properties":{"elev":5600.0},"geometry":{"type":"LineString","coordinates":[[-120.66498,39.73334],[-120.66497,39.73334]]}},{"type":"Feature","properties":{"elev":5600.0},"geometry":{"type":"LineString","coordinates":[[-120.66499,39.73333],[-120.66498,39.73334]]}},{"type":"Feature","properties":{"elev":5600.0},"geometry":{"type":"LineString","coordinates":[[-120.66507,39.73328],[-120.66504,39.7333]]}},{"type":"Feature","properties":{"elev":5600.0},"geometry":{"type":"LineString","coordinates":[[-120.66508,39.73327],[-120.66507,39.73328]]}},{"type":"Feature","properties":{"elev":5600.0},"geometry":{"type":"LineString","coordinates":[[-120.66509,39.73327],[-120.66508,39.73327]]}},{"type":"Feature","properties":{"elev":5600.0},"geometry":{"type":"LineString","coordinates":[[-120.6651,39.73326],[-120.66509,39.73326]]}},{"type":"Feature","properties":{"elev":5600.0},"geometry":{"type":"LineString","coordinates":[[-120.66511,39.73325],[-120.6651,39.73325]]}},{"type":"Feature","properties":{"elev":5600.0},"geometry":{"type":"LineString","coordinates":[[-120.66512,39.73324],[-120.66511,39.73325]]}},{"type":"Feature","properties":{"elev":5600.0},"geometry":{"type":"LineString","coordinates":[[-120.66513,39.73323],[-120.66512,39.73324]]}},{"type":"Feature","properties":{"elev":5600.0},"geometry":{"type":"LineString","coordinates":[[-120.66514,39.73322],[-120.66513,39.73323]]}},{"type":"Feature","properties":{"elev":5600.0},"geometry":{"type":"LineString","coordinates":[[-120.66516,39.7332],[-120.66514,39.73322]]}},{"type":"Feature","properties":{"elev":5600.0},"geometry":{"type":"LineString","coordinates":[[-120.66517,39.73319],[-120.66517,39.7332]]}},{"type":"Feature","properties":{"elev":5600.0},"geometry":{"type":"LineString","coordinates":[[-120.66518,39.73318],[-120.66517,39.73319]]}},{"type":"Feature","properties":{"elev":5600.0},"geometry":{"type":"LineString","coordinates":[[-120.6652,39.73317],[-120.66519,39.73317]]}},{"type":"Feature","properties":{"elev":5600.0},"geometry":{"type":"LineString","coordinates":[[-120.66521,39.73315],[-120.6652,39.73316]]}},{"type":"Feature","properties":{"elev":5600.0},"geometry":{"type":"LineString","coordinates":[[-120.66528,39.73309],[-120.66526,39.73311]]}},{"type":"Feature","properties":{"elev":5600.0},"geometry":{"type":"LineString","coordinates":[[-120.66529,39.73309],[-120.66528,39.73309]]}},{"type":"Feature","properties":{"elev":5600.0},"geometry":{"type":"LineString","coordinates":[[-120.66531,39.73307],[-120.66531,39.73308]]}},{"type":"Feature","properties":{"elev":5600.0},"geometry":{"type":"LineString","coordinates":[[-120.66533,39.73306],[-120.66532,39.73307]]}},{"type":"Feature","properties":{"elev":5600.0},"geometry":{"type":"LineString","coordinates":[[-120.66534,39.73305],[-120.66533,39.73306]]}},{"type":"Feature","properties":{"elev":5600.0},"geometry":{"type":"LineString","coordinates":[[-120.66535,39.73305],[-120.66534,39.73305]]}},{"type":"Feature","properties":{"elev":5600.0},"geometry":{"type":"LineString","coordinates":[[-120.66536,39.73304],[-120.66535,39.73304]]}},{"type":"Feature","properties":{"elev":5600.0},"geometry":{"type":"LineString","coordinates":[[-120.66538,39.73302],[-120.66536,39.73304]]}},{"type":"Feature","properties":{"elev":5600.0},"geometry":{"type":"LineString","coordinates":[[-120.66542,39.73298],[-120.66541,39.73299]]}},{"type":"Feature","properties":{"elev":5600.0},"geometry":{"type":"LineString","coordinates":[[-120.66543,39.73297],[-120.66542,39.73298]]}},{"type":"Feature","properties":{"elev":5600.0},"geometry":{"type":"LineString","coordinates":[[-120.66546,39.73295],[-120.66545,39.73295]]}},{"type":"Feature","properties":{"elev":5600.0},"geometry":{"type":"LineString","coordinates":[[-120.66547,39.73294],[-120.66546,39.73295]]}},{"type":"Feature","properties":{"elev":5600.0},"geometry":{"type":"LineString","coordinates":[[-120.66551,39.7329],[-120.6655,39.7329]]}},{"type":"Feature","properties":{"elev":5600.0},"geometry":{"type":"LineString","coordinates":[[-120.66552,39.73289],[-120.66551,39.7329]]}},{"type":"Feature","properties":{"elev":5200.0},"geometry":{"type":"LineString","coordinates":[[-120.64986,39.75023],[-120.64976,39.7509],[-120.64923,39.75089],[-120.64904,39.75095],[-120.64868,39.75126],[-120.6482,39.75145],[-120.64768,39.75181],[-120.64715,39.75196],[-120.64683,39.75212],[-120.64628,39.75224],[-120.6454,39.75262],[-120.64425,39.75347],[-120.64382,39.75372],[-120.64356,39.7538],[-120.64351,39.75366],[-120.64359,39.75304],[-120.64341,39.75275],[-120.6434,39.75254],[-120.64348,39.75224],[-120.64389,39.75135],[-120.64379,39.75121],[-120.64391,39.751],[-120.64449,39.75042],[-120.64487,39.74985],[-120.64509,39.74939],[-120.64509,39.74928],[-120.645,39.7491],[-120.64507,39.74881],[-120.64507,39.74853],[-120.64491,39.74817],[-120.64474,39.7481],[-120.64461,39.74793],[-120.64469,39.74767],[-120.6449,39.74734],[-120.6449,39.74718],[-120.64479,39.74717],[-120.64463,39.74735],[-120.64417,39.74758],[-120.64409,39.7477],[-120.64407,39.74786],[-120.64387,39.74812],[-120.64353,39.7482],[-120.64256,39.74865],[-120.64243,39.74874],[-120.64207,39.74918],[-120.64188,39.7493],[-120.64172,39.7493],[-120.64164,39.74918],[-120.64156,39.74914],[-120.64128,39.74912],[-120.64106,39.74915],[-120.64086,39.74911],[-120.64056,39.74916],[-120.64012,39.74913],[-120.63974,39.74905],[-120.63925,39.74921],[-120.63882,39.74944],[-120.63869,39.74944],[-120.63858,39.74929],[-120.63851,39.74896],[-120.63836,39.74859],[-120.63822,39.74835],[-120.63807,39.7482],[-120.63811,39.74801],[-120.63823,39.74794],[-120.63831,39.74748],[-120.6383,39.74737],[-120.63813,39.74712],[-120.63818,39.74684],[-120.63826,39.74674],[-120.63837,39.74669],[-120.63862,39.7468],[-120.63869,39.74679],[-120.63865,39.74669],[-120.63839,39.74654],[-120.63842,39.74624],[-120.63832,39.74606],[-120.63844,39.7456],[-120.63812,39.74544],[-120.63806,39.74524],[-120.63789,39.74514],[-120.63776,39.74489],[-120.63745,39.74456],[-120.637,39.74425],[-120.63707,39.7441],[-120.63723,39.74393],[-120.63778,39.7435],[-120.63803,39.74296],[-120.63802,39.74282],[-120.63791,39.74269],[-120.63745,39.74246],[-120.63737,39.7423],[-120.63722,39.74224],[-120.63699,39.74226],[-120.63673,39.74218],[-120.63651,39.74202],[-120.63657,39.74197],[-120.63653,39.74191],[-120.63639,39.74185],[-120.63598,39.74179],[-120.6351,39.7418],[-120.63494,39.74177],[-120.63478,39.74167],[-120.63461,39.74143],[-120.63427,39.74111],[-120.63413,39.74108],[-120.63379,39.7412],[-120.63369,39.74127],[-120.63325,39.74195],[-120.63246,39.74295],[-120.63231,39.74334],[-120.63215,39.74357],[-120.63199,39.74373],[-120.63163,39.74395],[-120.63118,39.74393],[-120.63074,39.74385],[-120.62984,39.74421],[-120.62976,39.74415],[-120.6296,39.74391],[-120.62921,39.74393],[-120.62839,39.74367],[-120.62763,39.74353],[-120.62755,39.74344],[-120.62747,39.74319],[-120.62735,39.7431],[-120.62721,39.7431],[-120.62656,39.74324],[-120.62641,39.74322],[-120.62638,39.74304],[-120.62647,39.74282],[-120.62676,39.74247],[-120.62712,39.7422],[-120.6274,39.74181],[-120.62745,39.74152],[-120.62735,39.74127],[-120.62694,39.74095],[-120.62676,39.7409],[-120.6264,39.74097],[-120.62581,39.74117],[-120.62501,39.74153],[-120.62477,39.74159],[-120.62468,39.74157],[-120.62459,39.74146],[-120.62461,39.74123],[-120.62457,39.74112],[-120.62431,39.74097],[-120.62411,39.74094],[-120.62408,39.74089],[-120.62415,39.74071],[-120.62447,39.74034],[-120.62456,39.74017],[-120.62461,39.73965],[-120.62446,39.73932],[-120.62462,39.73888],[-120.62389,39.73884],[-120.6236,39.73878],[-120.62334,39.7388],[-120.62328,39.73877],[-120.62327,39.7387],[-120.62417,39.73812],[-120.6248,39.7375],[-120.62529,39.73673],[-120.62559,39.73645],[-120.62556,39.73625],[-120.62589,39.73558],[-120.62609,39.735],[-120.62626,39.73479],[-120.62678,39.7345],[-120.62837,39.73394],[-120.62944,39.73316],[-120.62973,39.73304],[-120.62995,39.73303],[-120.63042,39.73263],[-120.63075,39.73243]]}},{"type":"Feature","properties":{"elev":5600.0},"geometry":{"type":"LineString","coordinates":[[-120.6656,39.73282],[-120.66559,39.73282]]}},{"type":"Feature","properties":{"elev":5600.0},"geometry":{"type":"LineString","coordinates":[[-120.66561,39.73281],[-120.6656,39.73282]]}},{"type":"Feature","properties":{"elev":5600.0},"geometry":{"type":"LineString","coordinates":[[-120.66564,39.73278],[-120.66563,39.73278]]}},{"type":"Feature","properties":{"elev":5600.0},"geometry":{"type":"LineString","coordinates":[[-120.65666,39.74026],[-120.65574,39.74071],[-120.65508,39.74097],[-120.65466,39.7416],[-120.65408,39.74217],[-120.65356,39.74255],[-120.65306,39.74282],[-120.65291,39.743],[-120.65262,39.74356],[-120.65207,39.74421],[-120.65147,39.74468],[-120.65129,39.74476],[-120.65114,39.74479],[-120.65116,39.74464],[-120.651,39.7445],[-120.65093,39.74437],[-120.65137,39.74346],[-120.65145,39.74292],[-120.65156,39.7426],[-120.65183,39.74216],[-120.65213,39.74188],[-120.65321,39.74068],[-120.6537,39.7402],[-120.65428,39.73947],[-120.65557,39.73829],[-120.65577,39.73805],[-120.65585,39.7379],[-120.65633,39.73756],[-120.65642,39.73744],[-120.65647,39.73724],[-120.65669,39.73704],[-120.6567,39.73687],[-120.65723,39.73656],[-120.65767,39.73617],[-120.65769,39.73611],[-120.65765,39.73609],[-120.6571,39.73613],[-120.65685,39.73609],[-120.65678,39.73605],[-120.65677,39.73597],[-120.65712,39.73577],[-120.65756,39.73562],[-120.65782,39.73535],[-120.65801,39.73524],[-120.65804,39.73519],[-120.65795,39.73515],[-120.65794,39.73509],[-120.65798,39.73505],[-120.65807,39.73505],[-120.65814,39.73495],[-120.65804,39.73482],[-120.65792,39.73482],[-120.65791,39.73473],[-120.65795,39.73469],[-120.65811,39.73467],[-120.65814,39.73463],[-120.65796,39.73453],[-120.65805,39.73441],[-120.65797,39.73417],[-120.65806,39.7341],[-120.65835,39.73411],[-120.65842,39.73406],[-120.6583,39.73396],[-120.65825,39.73361],[-120.65804,39.73358],[-120.65801,39.73337],[-120.65787,39.73308],[-120.65785,39.73286],[-120.65767,39.73295],[-120.65765,39.73289],[-120.65758,39.7329],[-120.65748,39.73298],[-120.65749,39.73305],[-120.65745,39.73308],[-120.6574,39.73306],[-120.65741,39.73298],[-120.6572,39.73303],[-120.65718,39.73294],[-120.65707,39.73318],[-120.65694,39.73327],[-120.65686,39.73325],[-120.65687,39.73297],[-120.65705,39.73272],[-120.65714,39.73267],[-120.6571,39.73262],[-120.65718,39.73233],[-120.65711,39.73235],[-120.6569,39.7326],[-120.6567,39.73275],[-120.65654,39.73304],[-120.65639,39.73317],[-120.65611,39.73316],[-120.65582,39.73325],[-120.65556,39.73309],[-120.6552,39.7331],[-120.65507,39.73303],[-120.6548,39.73303],[-120.6545,39.73294],[-120.65436,39.73302],[-120.65381,39.7335],[-120.6536,39.73362],[-120.65359,39.73355],[-120.65376,39.7332],[-120.65366,39.73323],[-120.65325,39.73377],[-120.65304,39.73424],[-120.65273,39.73447],[-120.65273,39.73455],[-120.65282,39.73468],[-120.65281,39.73476],[-120.65268,39.73495],[-120.6526,39.73517],[-120.65243,39.73534],[-120.65222,39.73542],[-120.65199,39.73563],[-120.65129,39.73596],[-120.65094,39.73628],[-120.65071,39.7364],[-120.6503,39.73652],[-120.65011,39.73669],[-120.64995,39.73677],[-120.64983,39.73692],[-120.64919,39.7373],[-120.6486,39.73774],[-120.64841,39.73809],[-120.64787,39.73869],[-120.64762,39.73889],[-120.64725,39.73906],[-120.64704,39.73926],[-120.64673,39.73936],[-120.64655,39.73973],[-120.64621,39.73986],[-120.646,39.74023],[-120.64574,39.74052],[-120.64561,39.74084],[-120.64537,39.74113],[-120.64487,39.74236],[-120.64462,39.74262],[-120.64447,39.74267],[-120.64435,39.7426],[-120.64425,39.74198],[-120.6442,39.74187],[-120.64409,39.74179],[-120.6439,39.74167],[-120.64371,39.74167],[-120.64361,39.74155],[-120.64335,39.74148],[-120.64299,39.74125],[-120.64283,39.74127],[-120.64269,39.74123],[-120.64281,39.74095],[-120.6432,39.74029],[-120.64405,39.73904],[-120.64467,39.73822],[-120.64578,39.73693],[-120.64701,39.73565],[-120.64834,39.73454],[-120.64911,39.73381],[-120.64949,39.733],[-120.64982,39.73245]]}},{"type":"Feature","properties":{"elev":5400.0},"geometry":{"type":"LineString","coordinates":[[-120.64062,39.73773],[-120.64027,39.73858],[-120.63962,39.73952],[-120.63937,39.7398],[-120.63922,39.73977],[-120.63908,39.73982],[-120.63884,39.73965],[-120.63849,39.73955],[-120.63767,39.73945],[-120.63738,39.73947],[-120.63636,39.73969],[-120.63609,39.73966],[-120.6359,39.73951],[-120.63583,39.73933],[-120.63576,39.73875],[-120.6358,39.73855],[-120.63546,39.73839],[-120.63514,39.7385],[-120.63492,39.73863],[-120.63443,39.73904],[-120.63403,39.73928],[-120.63369,39.73927],[-120.6335,39.73929],[-120.63284,39.73965],[-120.63263,39.73971],[-120.63257,39.7397],[-120.63241,39.73951],[-120.63226,39.7395],[-120.63175,39.73976],[-120.63155,39.7398],[-120.6315,39.73976],[-120.63149,39.73968],[-120.63174,39.7388],[-120.63168,39.73859],[-120.6315,39.73846],[-120.63118,39.73833],[-120.63099,39.73831],[-120.63085,39.73823],[-120.63025,39.73838],[-120.6301,39.73837],[-120.62995,39.73828],[-120.6296,39.73791],[-120.6294,39.73784],[-120.62894,39.73788],[-120.62849,39.73808],[-120.62836,39.73819],[-120.62811,39.7383],[-120.62805,39.73828],[-120.62796,39.73813],[-120.62763,39.7381],[-120.62748,39.73804],[-120.62742,39.73786],[-120.62719,39.73775],[-120.62718,39.73764],[-120.62734,39.73744],[-120.62777,39.7371],[-120.62798,39.73683],[-120.62793,39.73679],[-120.62755,39.73675],[-120.62741,39.73666],[-120.62735,39.73641],[-120.62703,39.73584],[-120.62707,39.73571],[-120.62719,39.73557],[-120.62744,39.73538],[-120.62835,39.735],[-120.62925,39.73456],[-120.62986,39.7342],[-120.63051,39.73376],[-120.6315,39.73303],[-120.63196,39.73261],[-120.63198,39.73255],[-120.63189,39.73242],[-120.63189,39.73214],[-120.63242,39.73199],[-120.63295,39.73191],[-120.63402,39.73188]]}},{"type":"Feature","properties":{"elev":5400.0},"geometry":{"type":"LineString","coordinates":[[-120.63404,39.73188],[-120.63406,39.73188]]}},{"type":"Feature","properties":{"elev":5400.0},"geometry":{"type":"LineString","coordinates":[[-120.63407,39.73188],[-120.63411,39.73187]]}},{"type":"Feature","properties":{"elev":5400.0},"geometry":{"type":"LineString","coordinates":[[-120.63412,39.73187],[-120.63417,39.73186]]}},{"type":"Feature","properties":{"elev":5400.0},"geometry":{"type":"LineString","coordinates":[[-120.6342,39.73186],[-120.63421,39.73185]]}},{"type":"Feature","properties":{"elev":5400.0},"geometry":{"type":"LineString","coordinates":[[-120.63422,39.73185],[-120.63423,39.73185]]}},{"type":"Feature","properties":{"elev":5400.0},"geometry":{"type":"LineString","coordinates":[[-120.63424,39.73185],[-120.63426,39.73184]]}},{"type":"Feature","properties":{"elev":5400.0},"geometry":{"type":"LineString","coordinates":[[-120.63427,39.73184],[-120.6343,39.73183]]}},{"type":"Feature","properties":{"elev":5400.0},"geometry":{"type":"LineString","coordinates":[[-120.63432,39.73183],[-120.63434,39.73182]]}},{"type":"Feature","properties":{"elev":5400.0},"geometry":{"type":"LineString","coordinates":[[-120.63439,39.73181],[-120.6344,39.73181]]}},{"type":"Feature","properties":{"elev":5400.0},"geometry":{"type":"LineString","coordinates":[[-120.63441,39.7318],[-120.63442,39.7318]]}},{"type":"Feature","properties":{"elev":5400.0},"geometry":{"type":"LineString","coordinates":[[-120.63444,39.73179],[-120.63446,39.73178]]}},{"type":"Feature","properties":{"elev":5400.0},"geometry":{"type":"LineString","coordinates":[[-120.63447,39.73178],[-120.63448,39.73177]]}},{"type":"Feature","properties":{"elev":5400.0},"geometry":{"type":"LineString","coordinates":[[-120.63449,39.73177],[-120.6345,39.73177]]}},{"type":"Feature","properties":{"elev":5400.0},"geometry":{"type":"LineString","coordinates":[[-120.63451,39.73176],[-120.63452,39.73176]]}},{"type":"Feature","properties":{"elev":5400.0},"geometry":{"type":"LineString","coordinates":[[-120.63453,39.73176],[-120.63454,39.73175]]}},{"type":"Feature","properties":{"elev":5400.0},"geometry":{"type":"LineString","coordinates":[[-120.63455,39.73175],[-120.63456,39.73174]]}},{"type":"Feature","properties":{"elev":5400.0},"geometry":{"type":"LineString","coordinates":[[-120.63457,39.73174],[-120.63458,39.73173]]}},{"type":"Feature","properties":{"elev":5400.0},"geometry":{"type":"LineString","coordinates":[[-120.6346,39.73173],[-120.63461,39.73173]]}},{"type":"Feature","properties":{"elev":5400.0},"geometry":{"type":"LineString","coordinates":[[-120.63462,39.73173],[-120.63463,39.73172]]}},{"type":"Feature","properties":{"elev":5400.0},"geometry":{"type":"LineString","coordinates":[[-120.63465,39.73172],[-120.63465,39.73171]]}},{"type":"Feature","properties":{"elev":5400.0},"geometry":{"type":"LineString","coordinates":[[-120.63467,39.73171],[-120.63468,39.7317]]}},{"type":"Feature","properties":{"elev":5400.0},"geometry":{"type":"LineString","coordinates":[[-120.63469,39.7317],[-120.6347,39.7317]]}},{"type":"Feature","properties":{"elev":5400.0},"geometry":{"type":"LineString","coordinates":[[-120.63471,39.73169],[-120.63472,39.73169]]}},{"type":"Feature","properties":{"elev":5400.0},"geometry":{"type":"LineString","coordinates":[[-120.63473,39.73168],[-120.63474,39.73168]]}},{"type":"Feature","properties":{"elev":5400.0},"geometry":{"type":"LineString","coordinates":[[-120.63476,39.73168],[-120.63477,39.73167]]}},{"type":"Feature","properties":{"elev":4800.0},"geometry":{"type":"LineString","coordinates":[[-120.60425,39.73131],[-120.60452,39.73167],[-120.60422,39.73205]]}},{"type":"Feature","properties":{"elev":5400.0},"geometry":{"type":"LineString","coordinates":[[-120.63478,39.73167],[-120.63479,39.73166]]}},{"type":"Feature","properties":{"elev":5400.0},"geometry":{"type":"LineString","coordinates":[[-120.63483,39.73165],[-120.63484,39.73165]]}},{"type":"Feature","properties":{"elev":5400.0},"geometry":{"type":"LineString","coordinates":[[-120.63485,39.73165],[-120.63487,39.73164]]}},{"type":"Feature","properties":{"elev":5400.0},"geometry":{"type":"LineString","coordinates":[[-120.63489,39.73164],[-120.63489,39.73163]]}},{"type":"Feature","properties":{"elev":5400.0},"geometry":{"type":"LineString","coordinates":[[-120.63492,39.73163],[-120.63492,39.73162]]}},{"type":"Feature","properties":{"elev":5400.0},"geometry":{"type":"LineString","coordinates":[[-120.63497,39.73161],[-120.63498,39.73161]]}},{"type":"Feature","properties":{"elev":5400.0},"geometry":{"type":"LineString","coordinates":[[-120.63499,39.73161],[-120.635,39.7316]]}},{"type":"Feature","properties":{"elev":5400.0},"geometry":{"type":"LineString","coordinates":[[-120.63502,39.7316],[-120.63503,39.73159]]}},{"type":"Feature","properties":{"elev":5400.0},"geometry":{"type":"LineString","coordinates":[[-120.63508,39.73158],[-120.63509,39.73158]]}},{"type":"Feature","properties":{"elev":5400.0},"geometry":{"type":"LineString","coordinates":[[-120.63511,39.73157],[-120.63512,39.73157]]}},{"type":"Feature","properties":{"elev":5400.0},"geometry":{"type":"LineString","coordinates":[[-120.63516,39.73156],[-120.63517,39.73155]]}},{"type":"Feature","properties":{"elev":5400.0},"geometry":{"type":"LineString","coordinates":[[-120.63522,39.73154],[-120.63523,39.73154]]}},{"type":"Feature","properties":{"elev":5400.0},"geometry":{"type":"LineString","coordinates":[[-120.6353,39.73152],[-120.63531,39.73151]]}},{"type":"Feature","properties":{"elev":5400.0},"geometry":{"type":"LineString","coordinates":[[-120.63543,39.73148],[-120.63544,39.73147]]}},{"type":"Feature","properties":{"elev":5400.0},"geometry":{"type":"LineString","coordinates":[[-120.63546,39.73147],[-120.63547,39.73147]]}},{"type":"Feature","properties":{"elev":5800.0},"geometry":{"type":"LineString","coordinates":[[-120.63777,39.73141],[-120.63833,39.7315],[-120.63879,39.73167],[-120.63882,39.7317],[-120.63877,39.73184],[-120.63879,39.73195],[-120.63854,39.73212],[-120.63726,39.73251],[-120.63708,39.73255],[-120.63695,39.73254],[-120.63692,39.7325],[-120.63694,39.73244],[-120.6372,39.73209],[-120.63747,39.73181],[-120.6375,39.73144],[-120.63777,39.73141]]}},{"type":"Feature","properties":{"elev":5600.0},"geometry":{"type":"LineString","coordinates":[[-120.63756,39.73137],[-120.63797,39.73139],[-120.63839,39.73149],[-120.6388,39.73162],[-120.63928,39.73184],[-120.63964,39.73206],[-120.64002,39.73235],[-120.64068,39.73305],[-120.64097,39.73351],[-120.64107,39.73376],[-120.64118,39.73415],[-120.64122,39.73453],[-120.64121,39.73495],[-120.64114,39.73532],[-120.64089,39.73597],[-120.64052,39.736],[-120.64036,39.73596],[-120.63988,39.73603],[-120.63944,39.73595],[-120.63907,39.73584],[-120.63864,39.73543],[-120.63849,39.73513],[-120.63842,39.73484],[-120.63815,39.73436],[-120.63778,39.73412],[-120.63742,39.73395],[-120.63726,39.73396],[-120.63707,39.73402],[-120.63667,39.73443],[-120.63604,39.73491],[-120.63531,39.73519],[-120.63473,39.73547],[-120.6346,39.73545],[-120.63442,39.73529],[-120.63412,39.73518],[-120.63402,39.73502],[-120.63395,39.73476],[-120.63383,39.7346],[-120.63307,39.7347],[-120.63205,39.73465],[-120.63195,39.73462],[-120.63191,39.73452],[-120.63193,39.73439],[-120.63223,39.73407],[-120.63371,39.73308],[-120.63399,39.73287],[-120.63413,39.73267],[-120.63442,39.7324],[-120.63445,39.73232],[-120.63436,39.73213],[-120.6344,39.73187],[-120.63486,39.73168],[-120.63594,39.73138],[-120.63756,39.73137]]}},{"type":"Feature","properties":{"elev":5600.0},"geometry":{"type":"LineString","coordinates":[[-120.64983,39.73245],[-120.65015,39.73201],[-120.65069,39.73146]]}},{"type":"Feature","properties":{"elev":5200.0},"geometry":{"type":"LineString","coordinates":[[-120.63076,39.73109],[-120.63077,39.73112]]}},{"type":"Feature","properties":{"elev":5200.0},"geometry":{"type":"LineString","coordinates":[[-120.63075,39.73106],[-120.63076,39.73108]]}},{"type":"Feature","properties":{"elev":5200.0},"geometry":{"type":"LineString","coordinates":[[-120.63074,39.73102],[-120.63075,39.73103]]}},{"type":"Feature","properties":{"elev":5600.0},"geometry":{"type":"LineString","coordinates":[[-120.65069,39.73146],[-120.65082,39.73125]]}},{"type":"Feature","properties":{"elev":5600.0},"geometry":{"type":"LineString","coordinates":[[-120.65082,39.73125],[-120.65094,39.73106]]}},{"type":"Feature","properties":{"elev":5600.0},"geometry":{"type":"LineString","coordinates":[[-120.65094,39.73106],[-120.65095,39.73105]]}},{"type":"Feature","properties":{"elev":5600.0},"geometry":{"type":"LineString","coordinates":[[-120.65095,39.73104],[-120.651,39.73098]]}},{"type":"Feature","properties":{"elev":5600.0},"geometry":{"type":"LineString","coordinates":[[-120.651,39.73097],[-120.65101,39.73096]]}},{"type":"Feature","properties":{"elev":5600.0},"geometry":{"type":"LineString","coordinates":[[-120.65101,39.73095],[-120.65106,39.73087]]}},{"type":"Feature","properties":{"elev":5600.0},"geometry":{"type":"LineString","coordinates":[[-120.65106,39.73087],[-120.65107,39.73085]]}},{"type":"Feature","properties":{"elev":5600.0},"geometry":{"type":"LineString","coordinates":[[-120.65107,39.73085],[-120.65108,39.73083]]}},{"type":"Feature","properties":{"elev":5600.0},"geometry":{"type":"LineString","coordinates":[[-120.65108,39.73082],[-120.65113,39.73076]]}},{"type":"Feature","properties":{"elev":5600.0},"geometry":{"type":"LineString","coordinates":[[-120.65113,39.73075],[-120.65114,39.73074]]}},{"type":"Feature","properties":{"elev":5600.0},"geometry":{"type":"LineString","coordinates":[[-120.65114,39.73073],[-120.65117,39.73068]]}},{"type":"Feature","properties":{"elev":5600.0},"geometry":{"type":"LineString","coordinates":[[-120.65117,39.73068],[-120.65118,39.73067]]}},{"type":"Feature","properties":{"elev":5600.0},"geometry":{"type":"LineString","coordinates":[[-120.65118,39.73066],[-120.65119,39.73065]]}},{"type":"Feature","properties":{"elev":5600.0},"geometry":{"type":"LineString","coordinates":[[-120.65119,39.73064],[-120.65122,39.73061]]}},{"type":"Feature","properties":{"elev":5600.0},"geometry":{"type":"LineString","coordinates":[[-120.65122,39.7306],[-120.65123,39.73059]]}},{"type":"Feature","properties":{"elev":5600.0},"geometry":{"type":"LineString","coordinates":[[-120.65123,39.73059],[-120.65124,39.73058]]}},{"type":"Feature","properties":{"elev":5600.0},"geometry":{"type":"LineString","coordinates":[[-120.65124,39.73057],[-120.65126,39.73054]]}},{"type":"Feature","properties":{"elev":5600.0},"geometry":{"type":"LineString","coordinates":[[-120.65126,39.73053],[-120.65127,39.73052]]}},{"type":"Feature","properties":{"elev":5600.0},"geometry":{"type":"LineString","coordinates":[[-120.65127,39.73051],[-120.65129,39.73048]]}},{"type":"Feature","properties":{"elev":5600.0},"geometry":{"type":"LineString","coordinates":[[-120.65129,39.73047],[-120.6513,39.73046]]}},{"type":"Feature","properties":{"elev":5600.0},"geometry":{"type":"LineString","coordinates":[[-120.6513,39.73045],[-120.65133,39.73042]]}},{"type":"Feature","properties":{"elev":5600.0},"geometry":{"type":"LineString","coordinates":[[-120.65133,39.73042],[-120.65134,39.7304]]}},{"type":"Feature","properties":{"elev":5600.0},"geometry":{"type":"LineString","coordinates":[[-120.65134,39.7304],[-120.65135,39.73039]]}},{"type":"Feature","properties":{"elev":5600.0},"geometry":{"type":"LineString","coordinates":[[-120.65135,39.73038],[-120.65137,39.73035]]}},{"type":"Feature","properties":{"elev":5600.0},"geometry":{"type":"LineString","coordinates":[[-120.65137,39.73034],[-120.65138,39.73033]]}},{"type":"Feature","properties":{"elev":5600.0},"geometry":{"type":"LineString","coordinates":[[-120.65138,39.73032],[-120.65139,39.73031]]}},{"type":"Feature","properties":{"elev":5600.0},"geometry":{"type":"LineString","coordinates":[[-120.65139,39.73031],[-120.6514,39.7303]]}},{"type":"Feature","properties":{"elev":5600.0},"geometry":{"type":"LineString","coordinates":[[-120.6514,39.73029],[-120.65141,39.73027]]}},{"type":"Feature","properties":{"elev":5600.0},"geometry":{"type":"LineString","coordinates":[[-120.65141,39.73027],[-120.65142,39.73026]]}},{"type":"Feature","properties":{"elev":5600.0},"geometry":{"type":"LineString","coordinates":[[-120.65143,39.73025],[-120.65143,39.73024]]}},{"type":"Feature","properties":{"elev":5600.0},"geometry":{"type":"LineString","coordinates":[[-120.65144,39.73023],[-120.65144,39.73022]]}},{"type":"Feature","properties":{"elev":5600.0},"geometry":{"type":"LineString","coordinates":[[-120.65145,39.73021],[-120.65146,39.7302]]}},{"type":"Feature","properties":{"elev":5600.0},"geometry":{"type":"LineString","coordinates":[[-120.65146,39.7302],[-120.65147,39.73018]]}},{"type":"Feature","properties":{"elev":5600.0},"geometry":{"type":"LineString","coordinates":[[-120.65147,39.73018],[-120.65148,39.73017]]}},{"type":"Feature","properties":{"elev":5600.0},"geometry":{"type":"LineString","coordinates":[[-120.65148,39.73016],[-120.65149,39.73015]]}},{"type":"Feature","properties":{"elev":5600.0},"geometry":{"type":"LineString","coordinates":[[-120.65149,39.73014],[-120.6515,39.73013]]}},{"type":"Feature","properties":{"elev":5600.0},"geometry":{"type":"LineString","coordinates":[[-120.6515,39.73012],[-120.65151,39.73011]]}},{"type":"Feature","properties":{"elev":5600.0},"geometry":{"type":"LineString","coordinates":[[-120.65151,39.7301],[-120.65152,39.73009]]}},{"type":"Feature","properties":{"elev":5600.0},"geometry":{"type":"LineString","coordinates":[[-120.65152,39.73009],[-120.65153,39.73008]]}},{"type":"Feature","properties":{"elev":5600.0},"geometry":{"type":"LineString","coordinates":[[-120.65154,39.73007],[-120.65155,39.73005]]}},{"type":"Feature","properties":{"elev":5600.0},"geometry":{"type":"LineString","coordinates":[[-120.65155,39.73005],[-120.65156,39.73004]]}},{"type":"Feature","properties":{"elev":5600.0},"geometry":{"type":"LineString","coordinates":[[-120.65156,39.73003],[-120.65157,39.73002]]}},{"type":"Feature","properties":{"elev":5600.0},"geometry":{"type":"LineString","coordinates":[[-120.65157,39.73001],[-120.65158,39.73]]}},{"type":"Feature","properties":{"elev":5600.0},"geometry":{"type":"LineString","coordinates":[[-120.65158,39.72999],[-120.65159,39.72998]]}},{"type":"Feature","properties":{"elev":5600.0},"geometry":{"type":"LineString","coordinates":[[-120.65159,39.72997],[-120.6516,39.72995]]}},{"type":"Feature","properties":{"elev":5600.0},"geometry":{"type":"LineString","coordinates":[[-120.6516,39.72995],[-120.65161,39.72994]]}},{"type":"Feature","properties":{"elev":5600.0},"geometry":{"type":"LineString","coordinates":[[-120.65161,39.72993],[-120.65162,39.72991]]}},{"type":"Feature","properties":{"elev":5600.0},"geometry":{"type":"LineString","coordinates":[[-120.65162,39.72991],[-120.65163,39.7299]]}},{"type":"Feature","properties":{"elev":5600.0},"geometry":{"type":"LineString","coordinates":[[-120.65164,39.72989],[-120.65164,39.72988]]}},{"type":"Feature","properties":{"elev":5600.0},"geometry":{"type":"LineString","coordinates":[[-120.65165,39.72987],[-120.65165,39.72986]]}},{"type":"Feature","properties":{"elev":5600.0},"geometry":{"type":"LineString","coordinates":[[-120.65166,39.72985],[-120.65167,39.72983]]}},{"type":"Feature","properties":{"elev":5600.0},"geometry":{"type":"LineString","coordinates":[[-120.65167,39.72983],[-120.65168,39.72982]]}},{"type":"Feature","properties":{"elev":5600.0},"geometry":{"type":"LineString","coordinates":[[-120.65168,39.72981],[-120.65169,39.7298]]}},{"type":"Feature","properties":{"elev":5600.0},"geometry":{"type":"LineString","coordinates":[[-120.65169,39.72979],[-120.6517,39.72978]]}},{"type":"Feature","properties":{"elev":5600.0},"geometry":{"type":"LineString","coordinates":[[-120.6517,39.72977],[-120.65171,39.72976]]}},{"type":"Feature","properties":{"elev":5400.0},"geometry":{"type":"LineString","coordinates":[[-120.62967,39.72949],[-120.62969,39.72951]]}},{"type":"Feature","properties":{"elev":5600.0},"geometry":{"type":"LineString","coordinates":[[-120.65171,39.72974],[-120.65172,39.72973]]}},{"type":"Feature","properties":{"elev":5400.0},"geometry":{"type":"LineString","coordinates":[[-120.62965,39.72946],[-120.62967,39.72948]]}},{"type":"Feature","properties":{"elev":5600.0},"geometry":{"type":"LineString","coordinates":[[-120.65172,39.72972],[-120.65173,39.72971]]}},{"type":"Feature","properties":{"elev":5400.0},"geometry":{"type":"LineString","coordinates":[[-120.62964,39.72945],[-120.62965,39.72945]]}},{"type":"Feature","properties":{"elev":5600.0},"geometry":{"type":"LineString","coordinates":[[-120.65173,39.7297],[-120.65174,39.72969]]}},{"type":"Feature","properties":{"elev":5400.0},"geometry":{"type":"LineString","coordinates":[[-120.62963,39.72943],[-120.62964,39.72944]]}},{"type":"Feature","properties":{"elev":5400.0},"geometry":{"type":"LineString","coordinates":[[-120.62962,39.72941],[-120.62963,39.72942]]}},{"type":"Feature","properties":{"elev":5600.0},"geometry":{"type":"LineString","coordinates":[[-120.65175,39.72968],[-120.65175,39.72967]]}},{"type":"Feature","properties":{"elev":5600.0},"geometry":{"type":"LineString","coordinates":[[-120.65176,39.72966],[-120.65176,39.72965]]}},{"type":"Feature","properties":{"elev":5400.0},"geometry":{"type":"LineString","coordinates":[[-120.6296,39.72939],[-120.62962,39.72941]]}},{"type":"Feature","properties":{"elev":5400.0},"geometry":{"type":"LineString","coordinates":[[-120.62959,39.72937],[-120.6296,39.72938]]}},{"type":"Feature","properties":{"elev":5600.0},"geometry":{"type":"LineString","coordinates":[[-120.65177,39.72964],[-120.65178,39.72963]]}},{"type":"Feature","properties":{"elev":5600.0},"geometry":{"type":"LineString","coordinates":[[-120.65178,39.72962],[-120.65179,39.72961]]}},{"type":"Feature","properties":{"elev":5600.0},"geometry":{"type":"LineString","coordinates":[[-120.65179,39.7296],[-120.6518,39.72959]]}},{"type":"Feature","properties":{"elev":5400.0},"geometry":{"type":"LineString","coordinates":[[-120.62955,39.72931],[-120.62955,39.72932]]}},{"type":"Feature","properties":{"elev":5600.0},"geometry":{"type":"LineString","coordinates":[[-120.6518,39.72957],[-120.65181,39.72956]]}},{"type":"Feature","properties":{"elev":5600.0},"geometry":{"type":"LineString","coordinates":[[-120.65181,39.72955],[-120.65182,39.72954]]}},{"type":"Feature","properties":{"elev":5600.0},"geometry":{"type":"LineString","coordinates":[[-120.65182,39.72954],[-120.65183,39.72953]]}},{"type":"Feature","properties":{"elev":4600.0},"geometry":{"type":"LineString","coordinates":[[-120.60427,39.72939],[-120.6045,39.72934],[-120.60458,39.7292],[-120.60454,39.729],[-120.60428,39.72896]]}},{"type":"Feature","properties":{"elev":5600.0},"geometry":{"type":"LineString","coordinates":[[-120.65183,39.72952],[-120.65184,39.72951]]}},{"type":"Feature","properties":{"elev":5600.0},"geometry":{"type":"LineString","coordinates":[[-120.65185,39.7295],[-120.65185,39.72949]]}},{"type":"Feature","properties":{"elev":5600.0},"geometry":{"type":"LineString","coordinates":[[-120.65186,39.72947],[-120.65187,39.72946]]}},{"type":"Feature","properties":{"elev":5600.0},"geometry":{"type":"LineString","coordinates":[[-120.65187,39.72945],[-120.65188,39.72944]]}},{"type":"Feature","properties":{"elev":5600.0},"geometry":{"type":"LineString","coordinates":[[-120.65188,39.72943],[-120.65189,39.72941]]}},{"type":"Feature","properties":{"elev":5600.0},"geometry":{"type":"LineString","coordinates":[[-120.65189,39.72941],[-120.6519,39.7294]]}},{"type":"Feature","properties":{"elev":5600.0},"geometry":{"type":"LineString","coordinates":[[-120.6519,39.72939],[-120.65191,39.72938]]}},{"type":"Feature","properties":{"elev":5600.0},"geometry":{"type":"LineString","coordinates":[[-120.65191,39.72937],[-120.65192,39.72936]]}},{"type":"Feature","properties":{"elev":5600.0},"geometry":{"type":"LineString","coordinates":[[-120.65192,39.72935],[-120.65193,39.72934]]}},{"type":"Feature","properties":{"elev":5600.0},"geometry":{"type":"LineString","coordinates":[[-120.65193,39.72933],[-120.65194,39.72932]]}},{"type":"Feature","properties":{"elev":5600.0},"geometry":{"type":"LineString","coordinates":[[-120.65194,39.72932],[-120.65195,39.72931]]}},{"type":"Feature","properties":{"elev":5600.0},"geometry":{"type":"LineString","coordinates":[[-120.65196,39.7293],[-120.65196,39.72929]]}},{"type":"Feature","properties":{"elev":5600.0},"geometry":{"type":"LineString","coordinates":[[-120.65197,39.72928],[-120.65197,39.72927]]}},{"type":"Feature","properties":{"elev":5600.0},"geometry":{"type":"LineString","coordinates":[[-120.65198,39.72927],[-120.65199,39.72926]]}},{"type":"Feature","properties":{"elev":5600.0},"geometry":{"type":"LineString","coordinates":[[-120.65199,39.72925],[-120.652,39.72924]]}},{"type":"Feature","properties":{"elev":5600.0},"geometry":{"type":"LineString","coordinates":[[-120.652,39.72924],[-120.65201,39.72923]]}},{"type":"Feature","properties":{"elev":5600.0},"geometry":{"type":"LineString","coordinates":[[-120.65201,39.72923],[-120.65203,39.72921]]}},{"type":"Feature","properties":{"elev":5600.0},"geometry":{"type":"LineString","coordinates":[[-120.65203,39.72921],[-120.65204,39.7292]]}},{"type":"Feature","properties":{"elev":5600.0},"geometry":{"type":"LineString","coordinates":[[-120.65207,39.72913],[-120.65207,39.72911]]}},{"type":"Feature","properties":{"elev":5600.0},"geometry":{"type":"LineString","coordinates":[[-120.65208,39.72909],[-120.65209,39.72907]]}},{"type":"Feature","properties":{"elev":5600.0},"geometry":{"type":"LineString","coordinates":[[-120.65209,39.72906],[-120.6521,39.72905]]}},{"type":"Feature","properties":{"elev":5600.0},"geometry":{"type":"LineString","coordinates":[[-120.6521,39.72904],[-120.65211,39.72903]]}},{"type":"Feature","properties":{"elev":5600.0},"geometry":{"type":"LineString","coordinates":[[-120.65211,39.72902],[-120.65212,39.72901]]}},{"type":"Feature","properties":{"elev":5600.0},"geometry":{"type":"LineString","coordinates":[[-120.65212,39.729],[-120.65213,39.729]]}},{"type":"Feature","properties":{"elev":5600.0},"geometry":{"type":"LineString","coordinates":[[-120.65214,39.72896],[-120.65215,39.72895]]}},{"type":"Feature","properties":{"elev":5600.0},"geometry":{"type":"LineString","coordinates":[[-120.65215,39.72894],[-120.65216,39.72892]]}},{"type":"Feature","properties":{"elev":5600.0},"geometry":{"type":"LineString","coordinates":[[-120.65218,39.7289],[-120.65218,39.72889]]}},{"type":"Feature","properties":{"elev":5600.0},"geometry":{"type":"LineString","coordinates":[[-120.65219,39.72888],[-120.65219,39.72887]]}},{"type":"Feature","properties":{"elev":5600.0},"geometry":{"type":"LineString","coordinates":[[-120.65221,39.72884],[-120.65222,39.72883]]}},{"type":"Feature","properties":{"elev":5600.0},"geometry":{"type":"LineString","coordinates":[[-120.65222,39.72882],[-120.65223,39.72881]]}},{"type":"Feature","properties":{"elev":5600.0},"geometry":{"type":"LineString","coordinates":[[-120.65223,39.7288],[-120.65224,39.72879]]}},{"type":"Feature","properties":{"elev":5600.0},"geometry":{"type":"LineString","coordinates":[[-120.65224,39.72878],[-120.65225,39.72878]]}},{"type":"Feature","properties":{"elev":6000.0},"geometry":{"type":"LineString","coordinates":[[-120.66595,39.73243],[-120.6655,39.73282],[-120.66527,39.73284],[-120.66519,39.73272],[-120.66487,39.73245],[-120.66453,39.73239],[-120.66421,39.73211],[-120.66436,39.73155],[-120.66498,39.73025],[-120.6654,39.72919],[-120.66566,39.72897],[-120.66579,39.72901],[-120.66589,39.72893],[-120.66601,39.72898]]}},{"type":"Feature","properties":{"elev":5600.0},"geometry":{"type":"LineString","coordinates":[[-120.65225,39.72876],[-120.65226,39.72875]]}},{"type":"Feature","properties":{"elev":5600.0},"geometry":{"type":"LineString","coordinates":[[-120.65227,39.72874],[-120.65227,39.72873]]}},{"type":"Feature","properties":{"elev":5600.0},"geometry":{"type":"LineString","coordinates":[[-120.66595,39.72887],[-120.66596,39.72888]]}},{"type":"Feature","properties":{"elev":5600.0},"geometry":{"type":"LineString","coordinates":[[-120.65228,39.72872],[-120.65228,39.72871]]}},{"type":"Feature","properties":{"elev":5600.0},"geometry":{"type":"LineString","coordinates":[[-120.66593,39.72885],[-120.66594,39.72886]]}},{"type":"Feature","properties":{"elev":5600.0},"geometry":{"type":"LineString","coordinates":[[-120.65229,39.7287],[-120.65229,39.72869]]}},{"type":"Feature","properties":{"elev":5600.0},"geometry":{"type":"LineString","coordinates":[[-120.66591,39.72882],[-120.66592,39.72883]]}},{"type":"Feature","properties":{"elev":5600.0},"geometry":{"type":"LineString","coordinates":[[-120.6523,39.72868],[-120.65231,39.72867]]}},{"type":"Feature","properties":{"elev":5600.0},"geometry":{"type":"LineString","coordinates":[[-120.6659,39.72882],[-120.66591,39.72882]]}},{"type":"Feature","properties":{"elev":5600.0},"geometry":{"type":"LineString","coordinates":[[-120.65231,39.72866],[-120.65232,39.72865]]}},{"type":"Feature","properties":{"elev":5600.0},"geometry":{"type":"LineString","coordinates":[[-120.66588,39.72879],[-120.66589,39.7288]]}},{"type":"Feature","properties":{"elev":5600.0},"geometry":{"type":"LineString","coordinates":[[-120.65232,39.72864],[-120.65233,39.72864]]}},{"type":"Feature","properties":{"elev":5600.0},"geometry":{"type":"LineString","coordinates":[[-120.66587,39.72878],[-120.66588,39.72879]]}},{"type":"Feature","properties":{"elev":5600.0},"geometry":{"type":"LineString","coordinates":[[-120.65233,39.72863],[-120.65234,39.72862]]}},{"type":"Feature","properties":{"elev":5600.0},"geometry":{"type":"LineString","coordinates":[[-120.65234,39.72861],[-120.65235,39.7286]]}},{"type":"Feature","properties":{"elev":5600.0},"geometry":{"type":"LineString","coordinates":[[-120.66583,39.72875],[-120.66584,39.72876]]}},{"type":"Feature","properties":{"elev":5600.0},"geometry":{"type":"LineString","coordinates":[[-120.66583,39.72874],[-120.66583,39.72875]]}},{"type":"Feature","properties":{"elev":5600.0},"geometry":{"type":"LineString","coordinates":[[-120.65235,39.72859],[-120.65236,39.72859]]}},{"type":"Feature","properties":{"elev":5600.0},"geometry":{"type":"LineString","coordinates":[[-120.66579,39.72871],[-120.6658,39.72871]]}},{"type":"Feature","properties":{"elev":5600.0},"geometry":{"type":"LineString","coordinates":[[-120.65238,39.72855],[-120.65238,39.72854]]}},{"type":"Feature","properties":{"elev":5600.0},"geometry":{"type":"LineString","coordinates":[[-120.66576,39.72867],[-120.66578,39.72869]]}},{"type":"Feature","properties":{"elev":5600.0},"geometry":{"type":"LineString","coordinates":[[-120.65239,39.72853],[-120.6524,39.72851]]}},{"type":"Feature","properties":{"elev":5600.0},"geometry":{"type":"LineString","coordinates":[[-120.66575,39.72867],[-120.66576,39.72867]]}},{"type":"Feature","properties":{"elev":5600.0},"geometry":{"type":"LineString","coordinates":[[-120.66574,39.72866],[-120.66575,39.72866]]}},{"type":"Feature","properties":{"elev":4600.0},"geometry":{"type":"LineString","coordinates":[[-120.60428,39.72866],[-120.60464,39.72864],[-120.60471,39.72856],[-120.60474,39.72843],[-120.605,39.72821],[-120.60498,39.72817],[-120.60484,39.72824],[-120.60477,39.72823],[-120.6048,39.72816],[-120.60474,39.72809],[-120.60476,39.72799],[-120.60473,39.72794],[-120.60463,39.72801],[-120.6043,39.72802]]}},{"type":"Feature","properties":{"elev":5600.0},"geometry":{"type":"LineString","coordinates":[[-120.65241,39.72848],[-120.65242,39.72847]]}},{"type":"Feature","properties":{"elev":5600.0},"geometry":{"type":"LineString","coordinates":[[-120.6657,39.72862],[-120.66571,39.72862]]}},{"type":"Feature","properties":{"elev":5600.0},"geometry":{"type":"LineString","coordinates":[[-120.66569,39.72861],[-120.6657,39.72861]]}},{"type":"Feature","properties":{"elev":5600.0},"geometry":{"type":"LineString","coordinates":[[-120.65242,39.72847],[-120.65243,39.72846]]}},{"type":"Feature","properties":{"elev":5600.0},"geometry":{"type":"LineString","coordinates":[[-120.65243,39.72845],[-120.65244,39.72844]]}},{"type":"Feature","properties":{"elev":5600.0},"geometry":{"type":"LineString","coordinates":[[-120.66567,39.72858],[-120.66569,39.7286]]}},{"type":"Feature","properties":{"elev":5600.0},"geometry":{"type":"LineString","coordinates":[[-120.66566,39.72857],[-120.66567,39.72858]]}},{"type":"Feature","properties":{"elev":5600.0},"geometry":{"type":"LineString","coordinates":[[-120.65244,39.72843],[-120.65245,39.72842]]}},{"type":"Feature","properties":{"elev":5600.0},"geometry":{"type":"LineString","coordinates":[[-120.66565,39.72857],[-120.66566,39.72857]]}},{"type":"Feature","properties":{"elev":5600.0},"geometry":{"type":"LineString","coordinates":[[-120.66564,39.72856],[-120.66565,39.72856]]}},{"type":"Feature","properties":{"elev":5600.0},"geometry":{"type":"LineString","coordinates":[[-120.65245,39.72841],[-120.65246,39.72841]]}},{"type":"Feature","properties":{"elev":5600.0},"geometry":{"type":"LineString","coordinates":[[-120.66563,39.72855],[-120.66564,39.72856]]}},{"type":"Feature","properties":{"elev":5600.0},"geometry":{"type":"LineString","coordinates":[[-120.66562,39.72854],[-120.66562,39.72855]]}},{"type":"Feature","properties":{"elev":5600.0},"geometry":{"type":"LineString","coordinates":[[-120.65246,39.7284],[-120.65247,39.72839]]}},{"type":"Feature","properties":{"elev":5600.0},"geometry":{"type":"LineString","coordinates":[[-120.66561,39.72853],[-120.66561,39.72854]]}},{"type":"Feature","properties":{"elev":5600.0},"geometry":{"type":"LineString","coordinates":[[-120.6656,39.72852],[-120.6656,39.72853]]}},{"type":"Feature","properties":{"elev":5600.0},"geometry":{"type":"LineString","coordinates":[[-120.65247,39.72838],[-120.65248,39.72837]]}},{"type":"Feature","properties":{"elev":5600.0},"geometry":{"type":"LineString","coordinates":[[-120.66558,39.72852],[-120.66559,39.72852]]}},{"type":"Feature","properties":{"elev":5600.0},"geometry":{"type":"LineString","coordinates":[[-120.66557,39.72851],[-120.66558,39.72851]]}},{"type":"Feature","properties":{"elev":5600.0},"geometry":{"type":"LineString","coordinates":[[-120.66556,39.7285],[-120.66557,39.72851]]}},{"type":"Feature","properties":{"elev":5600.0},"geometry":{"type":"LineString","coordinates":[[-120.66555,39.72849],[-120.66556,39.7285]]}},{"type":"Feature","properties":{"elev":5600.0},"geometry":{"type":"LineString","coordinates":[[-120.66554,39.72848],[-120.66555,39.72849]]}},{"type":"Feature","properties":{"elev":5600.0},"geometry":{"type":"LineString","coordinates":[[-120.6525,39.72835],[-120.65251,39.72833]]}},{"type":"Feature","properties":{"elev":5600.0},"geometry":{"type":"LineString","coordinates":[[-120.66553,39.72847],[-120.66554,39.72848]]}},{"type":"Feature","properties":{"elev":5600.0},"geometry":{"type":"LineString","coordinates":[[-120.66552,39.72847],[-120.66553,39.72847]]}},{"type":"Feature","properties":{"elev":5600.0},"geometry":{"type":"LineString","coordinates":[[-120.65251,39.72833],[-120.65252,39.72832]]}},{"type":"Feature","properties":{"elev":5600.0},"geometry":{"type":"LineString","coordinates":[[-120.66551,39.72846],[-120.66552,39.72846]]}},{"type":"Feature","properties":{"elev":5600.0},"geometry":{"type":"LineString","coordinates":[[-120.65252,39.72831],[-120.65253,39.7283]]}},{"type":"Feature","properties":{"elev":5600.0},"geometry":{"type":"LineString","coordinates":[[-120.65253,39.72829],[-120.65254,39.72828]]}},{"type":"Feature","properties":{"elev":5600.0},"geometry":{"type":"LineString","coordinates":[[-120.65254,39.72828],[-120.65255,39.72827]]}},{"type":"Feature","properties":{"elev":5600.0},"geometry":{"type":"LineString","coordinates":[[-120.65255,39.72826],[-120.65256,39.72825]]}},{"type":"Feature","properties":{"elev":5600.0},"geometry":{"type":"LineString","coordinates":[[-120.65256,39.72825],[-120.65257,39.72824]]}},{"type":"Feature","properties":{"elev":5600.0},"geometry":{"type":"LineString","coordinates":[[-120.65257,39.72823],[-120.65258,39.72823]]}},{"type":"Feature","properties":{"elev":5600.0},"geometry":{"type":"LineString","coordinates":[[-120.65258,39.72822],[-120.65259,39.72821]]}},{"type":"Feature","properties":{"elev":5600.0},"geometry":{"type":"LineString","coordinates":[[-120.6526,39.7282],[-120.6526,39.72819]]}},{"type":"Feature","properties":{"elev":5600.0},"geometry":{"type":"LineString","coordinates":[[-120.65261,39.72819],[-120.65262,39.72818]]}},{"type":"Feature","properties":{"elev":5600.0},"geometry":{"type":"LineString","coordinates":[[-120.66532,39.72831],[-120.66551,39.72845]]}},{"type":"Feature","properties":{"elev":5600.0},"geometry":{"type":"LineString","coordinates":[[-120.65262,39.72817],[-120.65263,39.72816]]}},{"type":"Feature","properties":{"elev":5600.0},"geometry":{"type":"LineString","coordinates":[[-120.65263,39.72816],[-120.65265,39.72814]]}},{"type":"Feature","properties":{"elev":5600.0},"geometry":{"type":"LineString","coordinates":[[-120.65265,39.72813],[-120.65266,39.72812]]}},{"type":"Feature","properties":{"elev":5600.0},"geometry":{"type":"LineString","coordinates":[[-120.66522,39.72825],[-120.66532,39.72831]]}},{"type":"Feature","properties":{"elev":5600.0},"geometry":{"type":"LineString","coordinates":[[-120.65266,39.72811],[-120.65267,39.7281]]}},{"type":"Feature","properties":{"elev":5600.0},"geometry":{"type":"LineString","coordinates":[[-120.65267,39.7281],[-120.65269,39.72808]]}},{"type":"Feature","properties":{"elev":5600.0},"geometry":{"type":"LineString","coordinates":[[-120.65269,39.72807],[-120.6527,39.72806]]}},{"type":"Feature","properties":{"elev":5600.0},"geometry":{"type":"LineString","coordinates":[[-120.65271,39.72806],[-120.65272,39.72804]]}},{"type":"Feature","properties":{"elev":5600.0},"geometry":{"type":"LineString","coordinates":[[-120.65273,39.72803],[-120.65274,39.72802]]}},{"type":"Feature","properties":{"elev":5600.0},"geometry":{"type":"LineString","coordinates":[[-120.65275,39.72801],[-120.65276,39.728]]}},{"type":"Feature","properties":{"elev":5600.0},"geometry":{"type":"LineString","coordinates":[[-120.65276,39.72799],[-120.65278,39.72797]]}},{"type":"Feature","properties":{"elev":5600.0},"geometry":{"type":"LineString","coordinates":[[-120.65278,39.72797],[-120.6528,39.72795]]}},{"type":"Feature","properties":{"elev":5600.0},"geometry":{"type":"LineString","coordinates":[[-120.6528,39.72794],[-120.65282,39.72793]]}},{"type":"Feature","properties":{"elev":5600.0},"geometry":{"type":"LineString","coordinates":[[-120.65283,39.72792],[-120.65284,39.7279]]}},{"type":"Feature","properties":{"elev":5600.0},"geometry":{"type":"LineString","coordinates":[[-120.65285,39.7279],[-120.65287,39.72788]]}},{"type":"Feature","properties":{"elev":5600.0},"geometry":{"type":"LineString","coordinates":[[-120.65287,39.72788],[-120.65288,39.72787]]}},{"type":"Feature","properties":{"elev":5600.0},"geometry":{"type":"LineString","coordinates":[[-120.65288,39.72786],[-120.6529,39.72784]]}},{"type":"Feature","properties":{"elev":5600.0},"geometry":{"type":"LineString","coordinates":[[-120.6529,39.72784],[-120.65291,39.72784]]}},{"type":"Feature","properties":{"elev":5600.0},"geometry":{"type":"LineString","coordinates":[[-120.65291,39.72783],[-120.65293,39.72781]]}},{"type":"Feature","properties":{"elev":5600.0},"geometry":{"type":"LineString","coordinates":[[-120.65293,39.72781],[-120.65294,39.7278]]}},{"type":"Feature","properties":{"elev":5600.0},"geometry":{"type":"LineString","coordinates":[[-120.65294,39.7278],[-120.653,39.72775]]}},{"type":"Feature","properties":{"elev":5600.0},"geometry":{"type":"LineString","coordinates":[[-120.653,39.72775],[-120.65301,39.72775]]}},{"type":"Feature","properties":{"elev":5600.0},"geometry":{"type":"LineString","coordinates":[[-120.65301,39.72774],[-120.65302,39.72774]]}},{"type":"Feature","properties":{"elev":5400.0},"geometry":{"type":"LineString","coordinates":[[-120.62817,39.72743],[-120.62817,39.72744]]}},{"type":"Feature","properties":{"elev":5600.0},"geometry":{"type":"LineString","coordinates":[[-120.65303,39.72772],[-120.65304,39.72771]]}},{"type":"Feature","properties":{"elev":5600.0},"geometry":{"type":"LineString","coordinates":[[-120.65304,39.72771],[-120.65306,39.72769]]}},{"type":"Feature","properties":{"elev":5800.0},"geometry":{"type":"LineString","coordinates":[[-120.66592,39.73247],[-120.66535,39.73301],[-120.66486,39.7334],[-120.66488,39.7341],[-120.66483,39.73447],[-120.66472,39.73484],[-120.66449,39.73532],[-120.66442,39.73597],[-120.66426,39.73649],[-120.66404,39.73691],[-120.66375,39.7373],[-120.66286,39.73811],[-120.66241,39.73842],[-120.66207,39.73859],[-120.66162,39.73877],[-120.6611,39.73891],[-120.66088,39.73894],[-120.66086,39.73866],[-120.66082,39.73861],[-120.66056,39.73856],[-120.66033,39.7386],[-120.66025,39.73868],[-120.66027,39.73903],[-120.65938,39.7391],[-120.65813,39.73967],[-120.65657,39.74026],[-120.65558,39.74074],[-120.65509,39.74089],[-120.65506,39.74071],[-120.65488,39.74051],[-120.6549,39.74043],[-120.65563,39.73954],[-120.65633,39.73889],[-120.65751,39.73803],[-120.6582,39.73744],[-120.65876,39.73705],[-120.65906,39.73691],[-120.66018,39.73658],[-120.66062,39.73634],[-120.66083,39.73618],[-120.66118,39.73553],[-120.66115,39.73504],[-120.66107,39.73468],[-120.66151,39.73372],[-120.66172,39.73316],[-120.66176,39.73297],[-120.66171,39.73287],[-120.66171,39.73273],[-120.66179,39.73247],[-120.66216,39.73192],[-120.6624,39.73177],[-120.6626,39.73155],[-120.6626,39.73133],[-120.66267,39.73117],[-120.66279,39.73098],[-120.66301,39.73082],[-120.66306,39.7307],[-120.6633,39.73045],[-120.6633,39.73035],[-120.6635,39.73004],[-120.66351,39.72988],[-120.66361,39.72959],[-120.66383,39.72926],[-120.66396,39.72886],[-120.66394,39.72863],[-120.66404,39.72821],[-120.66426,39.72799],[-120.66423,39.72781],[-120.66441,39.72784],[-120.66505,39.72816],[-120.66563,39.72858],[-120.666,39.72894]]}},{"type":"Feature","properties":{"elev":5400.0},"geometry":{"type":"LineString","coordinates":[[-120.62811,39.72736],[-120.62812,39.72736]]}},{"type":"Feature","properties":{"elev":5400.0},"geometry":{"type":"LineString","coordinates":[[-120.6281,39.72734],[-120.62811,39.72735]]}},{"type":"Feature","properties":{"elev":5400.0},"geometry":{"type":"LineString","coordinates":[[-120.62809,39.72733],[-120.6281,39.72733]]}},{"type":"Feature","properties":{"elev":5400.0},"geometry":{"type":"LineString","coordinates":[[-120.62807,39.7273],[-120.62808,39.72731]]}},{"type":"Feature","properties":{"elev":5400.0},"geometry":{"type":"LineString","coordinates":[[-120.62805,39.72728],[-120.62806,39.72728]]}},{"type":"Feature","properties":{"elev":5600.0},"geometry":{"type":"LineString","coordinates":[[-120.65306,39.72769],[-120.65322,39.72757]]}},{"type":"Feature","properties":{"elev":5600.0},"geometry":{"type":"LineString","coordinates":[[-120.65322,39.72757],[-120.65323,39.72756]]}},{"type":"Feature","properties":{"elev":5400.0},"geometry":{"type":"LineString","coordinates":[[-120.62804,39.72726],[-120.62805,39.72727]]}},{"type":"Feature","properties":{"elev":5600.0},"geometry":{"type":"LineString","coordinates":[[-120.65323,39.72756],[-120.65324,39.72755]]}},{"type":"Feature","properties":{"elev":5600.0},"geometry":{"type":"LineString","coordinates":[[-120.65324,39.72755],[-120.65324,39.72754]]}},{"type":"Feature","properties":{"elev":5400.0},"geometry":{"type":"LineString","coordinates":[[-120.62802,39.72724],[-120.62803,39.72724]]}},{"type":"Feature","properties":{"elev":5400.0},"geometry":{"type":"LineString","coordinates":[[-120.62801,39.72722],[-120.62802,39.72723]]}},{"type":"Feature","properties":{"elev":5400.0},"geometry":{"type":"LineString","coordinates":[[-120.628,39.7272],[-120.62801,39.72721]]}},{"type":"Feature","properties":{"elev":5400.0},"geometry":{"type":"LineString","coordinates":[[-120.62799,39.72719],[-120.628,39.72719]]}},{"type":"Feature","properties":{"elev":5600.0},"geometry":{"type":"LineString","coordinates":[[-120.62789,39.72719],[-120.62829,39.72766],[-120.62924,39.72893],[-120.62958,39.72951],[-120.62954,39.72954],[-120.62938,39.72951],[-120.62919,39.72962],[-120.62887,39.72989],[-120.62834,39.73026],[-120.62717,39.73085],[-120.62699,39.73085],[-120.62691,39.73078],[-120.62694,39.73065],[-120.6271,39.73023],[-120.62734,39.72981],[-120.62737,39.7294],[-120.62723,39.72906],[-120.62688,39.72877],[-120.62686,39.72864],[-120.62717,39.72792],[-120.62713,39.72777],[-120.62715,39.72769],[-120.62729,39.72748],[-120.62763,39.72724],[-120.62784,39.72725],[-120.62789,39.72719]]}},{"type":"Feature","properties":{"elev":5400.0},"geometry":{"type":"LineString","coordinates":[[-120.62797,39.72717],[-120.62798,39.72718]]}},{"type":"Feature","properties":{"elev":5400.0},"geometry":{"type":"LineString","coordinates":[[-120.62797,39.72716],[-120.62797,39.72717]]}},{"type":"Feature","properties":{"elev":5400.0},"geometry":{"type":"LineString","coordinates":[[-120.62795,39.72714],[-120.62796,39.72715]]}},{"type":"Feature","properties":{"elev":5400.0},"geometry":{"type":"LineString","coordinates":[[-120.62794,39.72712],[-120.62794,39.72713]]}},{"type":"Feature","properties":{"elev":5400.0},"geometry":{"type":"LineString","coordinates":[[-120.62792,39.7271],[-120.62793,39.72711]]}},{"type":"Feature","properties":{"elev":5600.0},"geometry":{"type":"LineString","coordinates":[[-120.65325,39.72754],[-120.65345,39.72739]]}},{"type":"Feature","properties":{"elev":5400.0},"geometry":{"type":"LineString","coordinates":[[-120.62791,39.72709],[-120.62792,39.7271]]}},{"type":"Feature","properties":{"elev":5600.0},"geometry":{"type":"LineString","coordinates":[[-120.65345,39.72739],[-120.65346,39.72738]]}},{"type":"Feature","properties":{"elev":5600.0},"geometry":{"type":"LineString","coordinates":[[-120.65346,39.72738],[-120.65351,39.72735]]}},{"type":"Feature","properties":{"elev":5400.0},"geometry":{"type":"LineString","coordinates":[[-120.62788,39.72704],[-120.62791,39.72708]]}},{"type":"Feature","properties":{"elev":5600.0},"geometry":{"type":"LineString","coordinates":[[-120.65352,39.72735],[-120.65353,39.72734]]}},{"type":"Feature","properties":{"elev":5600.0},"geometry":{"type":"LineString","coordinates":[[-120.65353,39.72734],[-120.65354,39.72733]]}},{"type":"Feature","properties":{"elev":5400.0},"geometry":{"type":"LineString","coordinates":[[-120.62787,39.72703],[-120.62788,39.72704]]}},{"type":"Feature","properties":{"elev":5400.0},"geometry":{"type":"LineString","coordinates":[[-120.62785,39.727],[-120.62787,39.72703]]}},{"type":"Feature","properties":{"elev":5400.0},"geometry":{"type":"LineString","coordinates":[[-120.62783,39.72698],[-120.62785,39.727]]}},{"type":"Feature","properties":{"elev":5600.0},"geometry":{"type":"LineString","coordinates":[[-120.65354,39.72733],[-120.65362,39.72728]]}},{"type":"Feature","properties":{"elev":5400.0},"geometry":{"type":"LineString","coordinates":[[-120.62781,39.72695],[-120.62783,39.72698]]}},{"type":"Feature","properties":{"elev":5600.0},"geometry":{"type":"LineString","coordinates":[[-120.65363,39.72727],[-120.65366,39.72725]]}},{"type":"Feature","properties":{"elev":5600.0},"geometry":{"type":"LineString","coordinates":[[-120.65367,39.72725],[-120.65368,39.72724]]}},{"type":"Feature","properties":{"elev":5600.0},"geometry":{"type":"LineString","coordinates":[[-120.65368,39.72724],[-120.65372,39.72722]]}},{"type":"Feature","properties":{"elev":5600.0},"geometry":{"type":"LineString","coordinates":[[-120.65372,39.72722],[-120.65375,39.7272]]}},{"type":"Feature","properties":{"elev":5600.0},"geometry":{"type":"LineString","coordinates":[[-120.65376,39.7272],[-120.65376,39.72719]]}},{"type":"Feature","properties":{"elev":5600.0},"geometry":{"type":"LineString","coordinates":[[-120.65377,39.72719],[-120.6538,39.72717]]}},{"type":"Feature","properties":{"elev":5600.0},"geometry":{"type":"LineString","coordinates":[[-120.65381,39.72717],[-120.65385,39.72715]]}},{"type":"Feature","properties":{"elev":5600.0},"geometry":{"type":"LineString","coordinates":[[-120.65385,39.72715],[-120.65388,39.72713]]}},{"type":"Feature","properties":{"elev":5600.0},"geometry":{"type":"LineString","coordinates":[[-120.65389,39.72713],[-120.65391,39.72711]]}},{"type":"Feature","properties":{"elev":5600.0},"geometry":{"type":"LineString","coordinates":[[-120.65392,39.72711],[-120.65394,39.7271]]}},{"type":"Feature","properties":{"elev":5600.0},"geometry":{"type":"LineString","coordinates":[[-120.65395,39.7271],[-120.65398,39.72708]]}},{"type":"Feature","properties":{"elev":5600.0},"geometry":{"type":"LineString","coordinates":[[-120.65398,39.72708],[-120.65403,39.72706]]}},{"type":"Feature","properties":{"elev":5600.0},"geometry":{"type":"LineString","coordinates":[[-120.65404,39.72706],[-120.65406,39.72704]]}},{"type":"Feature","properties":{"elev":5600.0},"geometry":{"type":"LineString","coordinates":[[-120.65407,39.72704],[-120.65412,39.72702]]}},{"type":"Feature","properties":{"elev":5600.0},"geometry":{"type":"LineString","coordinates":[[-120.65412,39.72702],[-120.65414,39.72701]]}},{"type":"Feature","properties":{"elev":5600.0},"geometry":{"type":"LineString","coordinates":[[-120.65414,39.72701],[-120.65423,39.72697]]}},{"type":"Feature","properties":{"elev":5600.0},"geometry":{"type":"LineString","coordinates":[[-120.65424,39.72697],[-120.65425,39.72696]]}},{"type":"Feature","properties":{"elev":5600.0},"geometry":{"type":"LineString","coordinates":[[-120.65426,39.72696],[-120.65451,39.72687]]}},{"type":"Feature","properties":{"elev":5600.0},"geometry":{"type":"LineString","coordinates":[[-120.65452,39.72686],[-120.65454,39.72686]]}},{"type":"Feature","properties":{"elev":5600.0},"geometry":{"type":"LineString","coordinates":[[-120.65454,39.72686],[-120.65461,39.72683]]}},{"type":"Feature","properties":{"elev":5600.0},"geometry":{"type":"LineString","coordinates":[[-120.65462,39.72683],[-120.65466,39.72682]]}},{"type":"Feature","properties":{"elev":5600.0},"geometry":{"type":"LineString","coordinates":[[-120.65467,39.72682],[-120.65469,39.72681]]}},{"type":"Feature","properties":{"elev":5600.0},"geometry":{"type":"LineString","coordinates":[[-120.65469,39.72681],[-120.65474,39.72679]]}},{"type":"Feature","properties":{"elev":5600.0},"geometry":{"type":"LineString","coordinates":[[-120.65474,39.72679],[-120.65477,39.72679]]}},{"type":"Feature","properties":{"elev":5600.0},"geometry":{"type":"LineString","coordinates":[[-120.65478,39.72679],[-120.65482,39.72677]]}},{"type":"Feature","properties":{"elev":5600.0},"geometry":{"type":"LineString","coordinates":[[-120.65483,39.72677],[-120.65486,39.72676]]}},{"type":"Feature","properties":{"elev":5600.0},"geometry":{"type":"LineString","coordinates":[[-120.65486,39.72676],[-120.65489,39.72675]]}},{"type":"Feature","properties":{"elev":5600.0},"geometry":{"type":"LineString","coordinates":[[-120.65489,39.72675],[-120.65492,39.72675]]}},{"type":"Feature","properties":{"elev":5600.0},"geometry":{"type":"LineString","coordinates":[[-120.65493,39.72675],[-120.65495,39.72674]]}},{"type":"Feature","properties":{"elev":5600.0},"geometry":{"type":"LineString","coordinates":[[-120.65496,39.72674],[-120.65502,39.72672]]}},{"type":"Feature","properties":{"elev":5600.0},"geometry":{"type":"LineString","coordinates":[[-120.65503,39.72672],[-120.65506,39.72672]]}},{"type":"Feature","properties":{"elev":5600.0},"geometry":{"type":"LineString","coordinates":[[-120.65506,39.72672],[-120.65513,39.7267]]}},{"type":"Feature","properties":{"elev":5600.0},"geometry":{"type":"LineString","coordinates":[[-120.65514,39.7267],[-120.65518,39.72669]]}},{"type":"Feature","properties":{"elev":5800.0},"geometry":{"type":"LineString","coordinates":[[-120.65541,39.72669],[-120.65729,39.72675],[-120.6573,39.72712],[-120.65717,39.72732],[-120.657,39.7274],[-120.65686,39.72767],[-120.65669,39.72778],[-120.65664,39.7279],[-120.65616,39.72838],[-120.65608,39.72856],[-120.65598,39.72867],[-120.65583,39.72878],[-120.6557,39.72881],[-120.65547,39.72915],[-120.65513,39.72937],[-120.65498,39.7296],[-120.65475,39.72971],[-120.6546,39.7301],[-120.654,39.7312],[-120.65375,39.73144],[-120.65341,39.73163],[-120.65333,39.73166],[-120.6532,39.73164],[-120.65286,39.73186],[-120.65263,39.73195],[-120.65225,39.732],[-120.65201,39.7321],[-120.65148,39.73244],[-120.65106,39.73253],[-120.65005,39.73333],[-120.64997,39.73332],[-120.64982,39.73323],[-120.64949,39.73322],[-120.64957,39.73295],[-120.64997,39.73228],[-120.65073,39.73145],[-120.65208,39.72919],[-120.65245,39.72847],[-120.65285,39.72793],[-120.65342,39.72743],[-120.65399,39.7271],[-120.65473,39.72682],[-120.65541,39.72669]]}},{"type":"Feature","properties":{"elev":5600.0},"geometry":{"type":"LineString","coordinates":[[-120.6552,39.72669],[-120.65527,39.72668]]}},{"type":"Feature","properties":{"elev":5600.0},"geometry":{"type":"LineString","coordinates":[[-120.65537,39.72667],[-120.65863,39.72672],[-120.65901,39.72679],[-120.66099,39.72681],[-120.66224,39.72692],[-120.66282,39.72705],[-120.66336,39.72724],[-120.66486,39.72803],[-120.66521,39.72825]]}},{"type":"Feature","properties":{"elev":5600.0},"geometry":{"type":"LineString","coordinates":[[-120.65528,39.72668],[-120.65536,39.72667]]}},{"type":"Feature","properties":{"elev":4800.0},"geometry":{"type":"LineString","coordinates":[[-120.63221,39.75507],[-120.63222,39.75602],[-120.63231,39.75634],[-120.63233,39.75742],[-120.63237,39.75747],[-120.63284,39.75747],[-120.63321,39.75727],[-120.63342,39.75702],[-120.63353,39.7567],[-120.63412,39.75629],[-120.63446,39.75619],[-120.63491,39.75598],[-120.63535,39.75565],[-120.63653,39.75503],[-120.63697,39.75476],[-120.63714,39.75447],[-120.63696,39.75437],[-120.63695,39.754],[-120.63678,39.754],[-120.63689,39.75352],[-120.63675,39.75335],[-120.63682,39.75321],[-120.63712,39.75305],[-120.63716,39.75296],[-120.63708,39.75292],[-120.63707,39.75284],[-120.63682,39.75287],[-120.63636,39.75283],[-120.63617,39.75286],[-120.63546,39.75319],[-120.63521,39.75317],[-120.63492,39.75327],[-120.63458,39.75347],[-120.63445,39.7535],[-120.6341,39.75377],[-120.63377,39.75378],[-120.63361,39.75386],[-120.63344,39.75386],[-120.63294,39.75356],[-120.6327,39.75331],[-120.63183,39.75283],[-120.63135,39.75241],[-120.63103,39.75225],[-120.63097,39.75212],[-120.63104,39.75189],[-120.63099,39.75165],[-120.63106,39.75135],[-120.63103,39.75129],[-120.63077,39.75137],[-120.63063,39.7515],[-120.63029,39.75169],[-120.62975,39.75167],[-120.62896,39.75131],[-120.62834,39.75071],[-120.62762,39.75026],[-120.62732,39.75016],[-120.62695,39.75011],[-120.62671,39.75013],[-120.62639,39.75037],[-120.62577,39.75074],[-120.62522,39.75058],[-120.62456,39.75052],[-120.62434,39.75062],[-120.62387,39.75075],[-120.62315,39.75126],[-120.62256,39.75147],[-120.62201,39.75119],[-120.62168,39.75115],[-120.62131,39.75087],[-120.62126,39.75076],[-120.62134,39.75059],[-120.62135,39.75036],[-120.62125,39.75021],[-120.62131,39.74999],[-120.62126,39.74995],[-120.62109,39.75],[-120.62085,39.75018],[-120.62037,39.75034],[-120.61972,39.7502],[-120.61988,39.7506],[-120.61993,39.75087],[-120.6199,39.75104],[-120.61995,39.75138],[-120.6198,39.75159],[-120.61949,39.75159],[-120.61907,39.75151],[-120.61866,39.75156],[-120.6184,39.75148],[-120.61825,39.75139],[-120.61781,39.7513],[-120.61766,39.75123],[-120.61765,39.75115],[-120.61782,39.75068],[-120.6177,39.74981],[-120.61761,39.74945],[-120.61764,39.74918],[-120.61756,39.74842],[-120.61759,39.7481],[-120.61816,39.74688],[-120.61824,39.74679],[-120.61834,39.7468],[-120.61835,39.74673],[-120.61857,39.74642],[-120.61868,39.74595],[-120.61868,39.7456],[-120.61881,39.74532],[-120.61924,39.74462],[-120.61955,39.74429],[-120.61979,39.74393],[-120.61983,39.74372],[-120.61976,39.74364],[-120.61956,39.74381],[-120.61948,39.74378],[-120.61945,39.74365],[-120.61935,39.74355],[-120.61921,39.74349],[-120.61897,39.74367],[-120.61888,39.74362],[-120.61885,39.74356],[-120.61896,39.74334],[-120.61928,39.74309],[-120.6197,39.74264],[-120.61971,39.74258],[-120.61892,39.74295],[-120.61867,39.74315],[-120.61844,39.74325],[-120.61811,39.74349],[-120.61798,39.74354],[-120.61775,39.74352],[-120.61761,39.74355],[-120.61747,39.74342],[-120.61766,39.74313],[-120.61731,39.7432],[-120.61728,39.74314],[-120.6174,39.74304],[-120.61739,39.74299],[-120.61705,39.74288],[-120.61676,39.74289],[-120.61604,39.74318],[-120.61563,39.74345],[-120.61536,39.74371],[-120.61507,39.74415],[-120.61488,39.74431],[-120.6147,39.74435],[-120.61395,39.74427],[-120.6128,39.74401],[-120.61218,39.74377],[-120.6116,39.74363],[-120.61136,39.74349],[-120.61116,39.74342],[-120.61109,39.74333],[-120.61101,39.74262],[-120.61096,39.74257],[-120.61062,39.74253],[-120.61027,39.74254],[-120.60954,39.7425],[-120.60932,39.74245],[-120.60869,39.74262],[-120.60848,39.74263],[-120.60822,39.74257],[-120.60796,39.74235],[-120.6078,39.74204],[-120.60688,39.74174],[-120.60647,39.74145],[-120.60628,39.74114],[-120.60582,39.74084],[-120.60587,39.74065],[-120.6061,39.74031],[-120.60611,39.74005],[-120.60604,39.73983],[-120.60553,39.73936],[-120.60541,39.73905],[-120.60519,39.73866],[-120.60483,39.73839],[-120.6048,39.73809],[-120.60483,39.738],[-120.60498,39.73789],[-120.60506,39.73775],[-120.60505,39.73751],[-120.60511,39.73726],[-120.60506,39.73666],[-120.60516,39.73642],[-120.60519,39.73593],[-120.60548,39.73529],[-120.60548,39.73506],[-120.6054,39.73485],[-120.60543,39.73466],[-120.60557,39.73452],[-120.60597,39.73427],[-120.60629,39.73418],[-120.60645,39.73409],[-120.60657,39.7339],[-120.60625,39.73361],[-120.60602,39.73349],[-120.6058,39.73345],[-120.6058,39.73317],[-120.60587,39.733],[-120.6056,39.73279],[-120.60555,39.73271],[-120.60526,39.73255],[-120.60522,39.73242],[-120.60529,39.7322],[-120.60536,39.73213],[-120.60558,39.73214],[-120.60577,39.73207],[-120.60586,39.73199],[-120.60589,39.73184],[-120.606,39.73175],[-120.60634,39.73172],[-120.60647,39.73166],[-120.60657,39.73155],[-120.60713,39.73133],[-120.60722,39.73112],[-120.60734,39.73103],[-120.60777,39.73086],[-120.60805,39.73084],[-120.60809,39.73074],[-120.60824,39.7306],[-120.60818,39.73055],[-120.60714,39.73041],[-120.60659,39.73043],[-120.60681,39.73015],[-120.60702,39.73002],[-120.60697,39.72996],[-120.60674,39.72989],[-120.60655,39.72952],[-120.60684,39.72931],[-120.60681,39.72908],[-120.60686,39.72901],[-120.60704,39.72885],[-120.60723,39.72884],[-120.60721,39.72862],[-120.60737,39.7285],[-120.60742,39.72829],[-120.60731,39.72809],[-120.60731,39.72799],[-120.6074,39.72786],[-120.60734,39.72769],[-120.60736,39.72761],[-120.60754,39.72753],[-120.60783,39.72749],[-120.60813,39.72726],[-120.60827,39.7272],[-120.60862,39.72721],[-120.6095,39.72706],[-120.61026,39.72707],[-120.61048,39.72704],[-120.61049,39.727],[-120.61035,39.72686],[-120.61016,39.72653],[-120.61022,39.72617],[-120.61029,39.7261],[-120.61066,39.72594],[-120.61085,39.72577],[-120.61117,39.72567],[-120.61127,39.72554],[-120.61106,39.72556],[-120.61082,39.72553],[-120.61043,39.72558],[-120.61008,39.72542],[-120.60998,39.7253],[-120.60955,39.72541],[-120.60935,39.72525],[-120.60923,39.72528],[-120.60911,39.7254],[-120.60902,39.72544],[-120.60896,39.7254],[-120.60889,39.72523],[-120.60868,39.72546],[-120.60858,39.72552],[-120.60818,39.72557],[-120.60795,39.72551],[-120.60751,39.72504],[-120.60728,39.72494],[-120.60711,39.72477],[-120.60684,39.7247],[-120.60655,39.72451],[-120.60628,39.72419],[-120.60628,39.72412],[-120.60643,39.72398],[-120.60655,39.7236],[-120.60654,39.72323],[-120.6065,39.7232],[-120.6063,39.72329],[-120.60626,39.72345],[-120.60606,39.72363],[-120.60597,39.72386],[-120.60577,39.72416],[-120.60575,39.72441],[-120.60564,39.72476],[-120.60577,39.72517],[-120.6058,39.72567],[-120.60567,39.72601],[-120.60544,39.72624],[-120.60526,39.72634],[-120.60513,39.72636],[-120.60481,39.72633],[-120.60449,39.72651],[-120.60433,39.72653]]}},{"type":"Feature","properties":{"elev":5400.0},"geometry":{"type":"LineString","coordinates":[[-120.62502,39.72314],[-120.62703,39.72593],[-120.62781,39.72695]]}},{"type":"Feature","properties":{"elev":5400.0},"geometry":{"type":"LineString","coordinates":[[-120.62384,39.72151],[-120.62501,39.72313]]}},{"type":"Feature","properties":{"elev":5400.0},"geometry":{"type":"LineString","coordinates":[[-120.62378,39.72143],[-120.62384,39.72151]]}},{"type":"Feature","properties":{"elev":5400.0},"geometry":{"type":"LineString","coordinates":[[-120.6237,39.72131],[-120.62378,39.72142]]}},{"type":"Feature","properties":{"elev":5400.0},"geometry":{"type":"LineString","coordinates":[[-120.62365,39.72125],[-120.62369,39.72131]]}},{"type":"Feature","properties":{"elev":5400.0},"geometry":{"type":"LineString","coordinates":[[-120.62362,39.72121],[-120.62365,39.72125]]}},{"type":"Feature","properties":{"elev":5400.0},"geometry":{"type":"LineString","coordinates":[[-120.62361,39.7212],[-120.62362,39.72121]]}},{"type":"Feature","properties":{"elev":5400.0},"geometry":{"type":"LineString","coordinates":[[-120.62356,39.72112],[-120.62361,39.72119]]}},{"type":"Feature","properties":{"elev":5400.0},"geometry":{"type":"LineString","coordinates":[[-120.62354,39.7211],[-120.62356,39.72112]]}},{"type":"Feature","properties":{"elev":5400.0},"geometry":{"type":"LineString","coordinates":[[-120.62353,39.72108],[-120.62354,39.72109]]}},{"type":"Feature","properties":{"elev":5400.0},"geometry":{"type":"LineString","coordinates":[[-120.62352,39.72106],[-120.62353,39.72107]]}},{"type":"Feature","properties":{"elev":5400.0},"geometry":{"type":"LineString","coordinates":[[-120.62349,39.72102],[-120.62352,39.72106]]}},{"type":"Feature","properties":{"elev":5400.0},"geometry":{"type":"LineString","coordinates":[[-120.62347,39.721],[-120.62349,39.72102]]}},{"type":"Feature","properties":{"elev":5400.0},"geometry":{"type":"LineString","coordinates":[[-120.62345,39.72097],[-120.62347,39.72099]]}},{"type":"Feature","properties":{"elev":5400.0},"geometry":{"type":"LineString","coordinates":[[-120.62344,39.72095],[-120.62345,39.72096]]}},{"type":"Feature","properties":{"elev":5400.0},"geometry":{"type":"LineString","coordinates":[[-120.62342,39.72093],[-120.62343,39.72095]]}},{"type":"Feature","properties":{"elev":5400.0},"geometry":{"type":"LineString","coordinates":[[-120.62341,39.72091],[-120.62341,39.72092]]}},{"type":"Feature","properties":{"elev":5400.0},"geometry":{"type":"LineString","coordinates":[[-120.62339,39.7209],[-120.6234,39.72091]]}},{"type":"Feature","properties":{"elev":5400.0},"geometry":{"type":"LineString","coordinates":[[-120.62338,39.72088],[-120.62339,39.72089]]}},{"type":"Feature","properties":{"elev":5400.0},"geometry":{"type":"LineString","coordinates":[[-120.62337,39.72086],[-120.62338,39.72087]]}},{"type":"Feature","properties":{"elev":5400.0},"geometry":{"type":"LineString","coordinates":[[-120.62336,39.72084],[-120.62337,39.72086]]}},{"type":"Feature","properties":{"elev":5400.0},"geometry":{"type":"LineString","coordinates":[[-120.62334,39.72082],[-120.62335,39.72083]]}},{"type":"Feature","properties":{"elev":5400.0},"geometry":{"type":"LineString","coordinates":[[-120.62333,39.72081],[-120.62334,39.72081]]}},{"type":"Feature","properties":{"elev":5400.0},"geometry":{"type":"LineString","coordinates":[[-120.62331,39.72078],[-120.62333,39.7208]]}},{"type":"Feature","properties":{"elev":5400.0},"geometry":{"type":"LineString","coordinates":[[-120.6233,39.72076],[-120.62331,39.72077]]}},{"type":"Feature","properties":{"elev":5400.0},"geometry":{"type":"LineString","coordinates":[[-120.62328,39.72074],[-120.6233,39.72076]]}},{"type":"Feature","properties":{"elev":5400.0},"geometry":{"type":"LineString","coordinates":[[-120.62327,39.72072],[-120.62328,39.72073]]}},{"type":"Feature","properties":{"elev":5400.0},"geometry":{"type":"LineString","coordinates":[[-120.62325,39.7207],[-120.62327,39.72072]]}},{"type":"Feature","properties":{"elev":5400.0},"geometry":{"type":"LineString","coordinates":[[-120.62323,39.72067],[-120.62325,39.72069]]}},{"type":"Feature","properties":{"elev":5400.0},"geometry":{"type":"LineString","coordinates":[[-120.62321,39.72065],[-120.62322,39.72065]]}},{"type":"Feature","properties":{"elev":5400.0},"geometry":{"type":"LineString","coordinates":[[-120.6232,39.72063],[-120.62321,39.72064]]}},{"type":"Feature","properties":{"elev":5400.0},"geometry":{"type":"LineString","coordinates":[[-120.62319,39.72062],[-120.6232,39.72063]]}},{"type":"Feature","properties":{"elev":5400.0},"geometry":{"type":"LineString","coordinates":[[-120.62318,39.72061],[-120.62319,39.72061]]}},{"type":"Feature","properties":{"elev":5400.0},"geometry":{"type":"LineString","coordinates":[[-120.62316,39.72058],[-120.62317,39.7206]]}},{"type":"Feature","properties":{"elev":5400.0},"geometry":{"type":"LineString","coordinates":[[-120.62314,39.72056],[-120.62315,39.72057]]}},{"type":"Feature","properties":{"elev":5400.0},"geometry":{"type":"LineString","coordinates":[[-120.62312,39.72054],[-120.62313,39.72055]]}},{"type":"Feature","properties":{"elev":5400.0},"geometry":{"type":"LineString","coordinates":[[-120.62312,39.72053],[-120.62312,39.72054]]}},{"type":"Feature","properties":{"elev":5400.0},"geometry":{"type":"LineString","coordinates":[[-120.6231,39.72051],[-120.62311,39.72052]]}},{"type":"Feature","properties":{"elev":5400.0},"geometry":{"type":"LineString","coordinates":[[-120.62308,39.72049],[-120.62309,39.7205]]}},{"type":"Feature","properties":{"elev":5400.0},"geometry":{"type":"LineString","coordinates":[[-120.62308,39.72048],[-120.62308,39.72049]]}},{"type":"Feature","properties":{"elev":5400.0},"geometry":{"type":"LineString","coordinates":[[-120.62305,39.72046],[-120.62307,39.72047]]}},{"type":"Feature","properties":{"elev":5400.0},"geometry":{"type":"LineString","coordinates":[[-120.62302,39.72042],[-120.62303,39.72043]]}},{"type":"Feature","properties":{"elev":5400.0},"geometry":{"type":"LineString","coordinates":[[-120.62301,39.72041],[-120.62302,39.72042]]}},{"type":"Feature","properties":{"elev":5400.0},"geometry":{"type":"LineString","coordinates":[[-120.62299,39.72039],[-120.623,39.7204]]}},{"type":"Feature","properties":{"elev":5400.0},"geometry":{"type":"LineString","coordinates":[[-120.62298,39.72038],[-120.62299,39.72039]]}},{"type":"Feature","properties":{"elev":5400.0},"geometry":{"type":"LineString","coordinates":[[-120.62297,39.72037],[-120.62298,39.72038]]}},{"type":"Feature","properties":{"elev":5400.0},"geometry":{"type":"LineString","coordinates":[[-120.62294,39.72034],[-120.62295,39.72035]]}},{"type":"Feature","properties":{"elev":5400.0},"geometry":{"type":"LineString","coordinates":[[-120.62293,39.72033],[-120.62293,39.72034]]}},{"type":"Feature","properties":{"elev":5400.0},"geometry":{"type":"LineString","coordinates":[[-120.62292,39.72032],[-120.62292,39.72033]]}},{"type":"Feature","properties":{"elev":5400.0},"geometry":{"type":"LineString","coordinates":[[-120.62288,39.72029],[-120.62289,39.7203]]}},{"type":"Feature","properties":{"elev":5400.0},"geometry":{"type":"LineString","coordinates":[[-120.62287,39.72028],[-120.62288,39.72029]]}},{"type":"Feature","properties":{"elev":5400.0},"geometry":{"type":"LineString","coordinates":[[-120.62287,39.72027],[-120.62287,39.72028]]}},{"type":"Feature","properties":{"elev":5400.0},"geometry":{"type":"LineString","coordinates":[[-120.62286,39.72026],[-120.62286,39.72027]]}},{"type":"Feature","properties":{"elev":5400.0},"geometry":{"type":"LineString","coordinates":[[-120.62276,39.72018],[-120.62277,39.72019]]}},{"type":"Feature","properties":{"elev":5400.0},"geometry":{"type":"LineString","coordinates":[[-120.62273,39.72015],[-120.62275,39.72016]]}},{"type":"Feature","properties":{"elev":5400.0},"geometry":{"type":"LineString","coordinates":[[-120.62272,39.72014],[-120.62273,39.72015]]}},{"type":"Feature","properties":{"elev":5400.0},"geometry":{"type":"LineString","coordinates":[[-120.62271,39.72013],[-120.62271,39.72014]]}},{"type":"Feature","properties":{"elev":5400.0},"geometry":{"type":"LineString","coordinates":[[-120.6227,39.72012],[-120.6227,39.72013]]}},{"type":"Feature","properties":{"elev":5400.0},"geometry":{"type":"LineString","coordinates":[[-120.62269,39.72011],[-120.62269,39.72012]]}},{"type":"Feature","properties":{"elev":5400.0},"geometry":{"type":"LineString","coordinates":[[-120.62265,39.72009],[-120.62266,39.72009]]}},{"type":"Feature","properties":{"elev":5400.0},"geometry":{"type":"LineString","coordinates":[[-120.62263,39.72007],[-120.62265,39.72009]]}},{"type":"Feature","properties":{"elev":5400.0},"geometry":{"type":"LineString","coordinates":[[-120.62259,39.72005],[-120.6226,39.72005]]}},{"type":"Feature","properties":{"elev":5400.0},"geometry":{"type":"LineString","coordinates":[[-120.62258,39.72004],[-120.62259,39.72004]]}},{"type":"Feature","properties":{"elev":5400.0},"geometry":{"type":"LineString","coordinates":[[-120.62257,39.72003],[-120.62258,39.72004]]}},{"type":"Feature","properties":{"elev":5400.0},"geometry":{"type":"LineString","coordinates":[[-120.62256,39.72002],[-120.62257,39.72003]]}},{"type":"Feature","properties":{"elev":5400.0},"geometry":{"type":"LineString","coordinates":[[-120.62255,39.72001],[-120.62256,39.72002]]}},{"type":"Feature","properties":{"elev":5400.0},"geometry":{"type":"LineString","coordinates":[[-120.62254,39.72001],[-120.62255,39.72001]]}},{"type":"Feature","properties":{"elev":5400.0},"geometry":{"type":"LineString","coordinates":[[-120.62253,39.72],[-120.62254,39.72]]}},{"type":"Feature","properties":{"elev":5400.0},"geometry":{"type":"LineString","coordinates":[[-120.62252,39.71999],[-120.62253,39.71999]]}},{"type":"Feature","properties":{"elev":5400.0},"geometry":{"type":"LineString","coordinates":[[-120.62251,39.71998],[-120.62252,39.71999]]}},{"type":"Feature","properties":{"elev":5400.0},"geometry":{"type":"LineString","coordinates":[[-120.6225,39.71997],[-120.6225,39.71998]]}},{"type":"Feature","properties":{"elev":5400.0},"geometry":{"type":"LineString","coordinates":[[-120.62249,39.71996],[-120.62249,39.71997]]}},{"type":"Feature","properties":{"elev":5400.0},"geometry":{"type":"LineString","coordinates":[[-120.62247,39.71996],[-120.62248,39.71996]]}},{"type":"Feature","properties":{"elev":5400.0},"geometry":{"type":"LineString","coordinates":[[-120.62246,39.71995],[-120.62247,39.71995]]}},{"type":"Feature","properties":{"elev":5400.0},"geometry":{"type":"LineString","coordinates":[[-120.62244,39.71993],[-120.62246,39.71995]]}},{"type":"Feature","properties":{"elev":5400.0},"geometry":{"type":"LineString","coordinates":[[-120.62241,39.71991],[-120.62242,39.71992]]}},{"type":"Feature","properties":{"elev":5400.0},"geometry":{"type":"LineString","coordinates":[[-120.62239,39.7199],[-120.62241,39.71991]]}},{"type":"Feature","properties":{"elev":5400.0},"geometry":{"type":"LineString","coordinates":[[-120.62235,39.71987],[-120.62237,39.71989]]}},{"type":"Feature","properties":{"elev":5400.0},"geometry":{"type":"LineString","coordinates":[[-120.62232,39.71985],[-120.62233,39.71986]]}},{"type":"Feature","properties":{"elev":5400.0},"geometry":{"type":"LineString","coordinates":[[-120.62229,39.71984],[-120.62232,39.71985]]}},{"type":"Feature","properties":{"elev":5400.0},"geometry":{"type":"LineString","coordinates":[[-120.62226,39.71981],[-120.62226,39.71982]]}},{"type":"Feature","properties":{"elev":5400.0},"geometry":{"type":"LineString","coordinates":[[-120.62224,39.7198],[-120.62225,39.71981]]}},{"type":"Feature","properties":{"elev":5400.0},"geometry":{"type":"LineString","coordinates":[[-120.62222,39.71979],[-120.62224,39.7198]]}},{"type":"Feature","properties":{"elev":5400.0},"geometry":{"type":"LineString","coordinates":[[-120.6222,39.71978],[-120.62221,39.71978]]}},{"type":"Feature","properties":{"elev":5400.0},"geometry":{"type":"LineString","coordinates":[[-120.62219,39.71977],[-120.6222,39.71978]]}},{"type":"Feature","properties":{"elev":5400.0},"geometry":{"type":"LineString","coordinates":[[-120.62217,39.71976],[-120.62218,39.71977]]}},{"type":"Feature","properties":{"elev":5400.0},"geometry":{"type":"LineString","coordinates":[[-120.62214,39.71975],[-120.62215,39.71975]]}},{"type":"Feature","properties":{"elev":5400.0},"geometry":{"type":"LineString","coordinates":[[-120.62212,39.71974],[-120.62214,39.71974]]}},{"type":"Feature","properties":{"elev":5400.0},"geometry":{"type":"LineString","coordinates":[[-120.62209,39.71972],[-120.6221,39.71973]]}},{"type":"Feature","properties":{"elev":5400.0},"geometry":{"type":"LineString","coordinates":[[-120.62206,39.7197],[-120.62207,39.71971]]}},{"type":"Feature","properties":{"elev":5400.0},"geometry":{"type":"LineString","coordinates":[[-120.62205,39.71969],[-120.62205,39.7197]]}},{"type":"Feature","properties":{"elev":5400.0},"geometry":{"type":"LineString","coordinates":[[-120.62201,39.71968],[-120.62202,39.71968]]}},{"type":"Feature","properties":{"elev":5400.0},"geometry":{"type":"LineString","coordinates":[[-120.622,39.71967],[-120.62201,39.71968]]}},{"type":"Feature","properties":{"elev":5400.0},"geometry":{"type":"LineString","coordinates":[[-120.62197,39.71965],[-120.62198,39.71966]]}},{"type":"Feature","properties":{"elev":5400.0},"geometry":{"type":"LineString","coordinates":[[-120.62194,39.71964],[-120.62195,39.71964]]}},{"type":"Feature","properties":{"elev":5400.0},"geometry":{"type":"LineString","coordinates":[[-120.62189,39.71961],[-120.62189,39.71962]]}},{"type":"Feature","properties":{"elev":5400.0},"geometry":{"type":"LineString","coordinates":[[-120.62185,39.71959],[-120.62186,39.7196]]}},{"type":"Feature","properties":{"elev":5400.0},"geometry":{"type":"LineString","coordinates":[[-120.62183,39.71959],[-120.62184,39.71959]]}},{"type":"Feature","properties":{"elev":5400.0},"geometry":{"type":"LineString","coordinates":[[-120.62181,39.71958],[-120.62182,39.71958]]}},{"type":"Feature","properties":{"elev":5400.0},"geometry":{"type":"LineString","coordinates":[[-120.62179,39.71957],[-120.6218,39.71957]]}},{"type":"Feature","properties":{"elev":5400.0},"geometry":{"type":"LineString","coordinates":[[-120.62177,39.71956],[-120.62178,39.71956]]}},{"type":"Feature","properties":{"elev":5400.0},"geometry":{"type":"LineString","coordinates":[[-120.62175,39.71955],[-120.62176,39.71956]]}},{"type":"Feature","properties":{"elev":5400.0},"geometry":{"type":"LineString","coordinates":[[-120.62169,39.71953],[-120.6217,39.71953]]}},{"type":"Feature","properties":{"elev":5400.0},"geometry":{"type":"LineString","coordinates":[[-120.62167,39.71952],[-120.62168,39.71952]]}},{"type":"Feature","properties":{"elev":5400.0},"geometry":{"type":"LineString","coordinates":[[-120.62165,39.71951],[-120.62166,39.71951]]}},{"type":"Feature","properties":{"elev":5400.0},"geometry":{"type":"LineString","coordinates":[[-120.62163,39.7195],[-120.62164,39.71951]]}},{"type":"Feature","properties":{"elev":5400.0},"geometry":{"type":"LineString","coordinates":[[-120.62161,39.71949],[-120.62162,39.7195]]}},{"type":"Feature","properties":{"elev":5400.0},"geometry":{"type":"LineString","coordinates":[[-120.62159,39.71948],[-120.6216,39.71949]]}},{"type":"Feature","properties":{"elev":5400.0},"geometry":{"type":"LineString","coordinates":[[-120.62157,39.71948],[-120.62158,39.71948]]}},{"type":"Feature","properties":{"elev":5400.0},"geometry":{"type":"LineString","coordinates":[[-120.62152,39.71946],[-120.62153,39.71946]]}},{"type":"Feature","properties":{"elev":5400.0},"geometry":{"type":"LineString","coordinates":[[-120.6215,39.71945],[-120.62151,39.71946]]}},{"type":"Feature","properties":{"elev":5400.0},"geometry":{"type":"LineString","coordinates":[[-120.62147,39.71944],[-120.62148,39.71945]]}},{"type":"Feature","properties":{"elev":5400.0},"geometry":{"type":"LineString","coordinates":[[-120.62145,39.71943],[-120.62146,39.71944]]}},{"type":"Feature","properties":{"elev":5400.0},"geometry":{"type":"LineString","coordinates":[[-120.62142,39.71942],[-120.62144,39.71943]]}},{"type":"Feature","properties":{"elev":5400.0},"geometry":{"type":"LineString","coordinates":[[-120.6214,39.71942],[-120.62141,39.71942]]}},{"type":"Feature","properties":{"elev":5400.0},"geometry":{"type":"LineString","coordinates":[[-120.62137,39.71941],[-120.62139,39.71941]]}},{"type":"Feature","properties":{"elev":5400.0},"geometry":{"type":"LineString","coordinates":[[-120.62135,39.7194],[-120.62134,39.7194],[-120.62135,39.7194],[-120.62135,39.7194]]}},{"type":"Feature","properties":{"elev":5400.0},"geometry":{"type":"LineString","coordinates":[[-120.62132,39.71939],[-120.62133,39.7194]]}},{"type":"Feature","properties":{"elev":5400.0},"geometry":{"type":"LineString","coordinates":[[-120.6213,39.71938],[-120.62131,39.71939]]}},{"type":"Feature","properties":{"elev":5600.0},"geometry":{"type":"LineString","coordinates":[[-120.62109,39.71937],[-120.62184,39.71964],[-120.62262,39.72013],[-120.62303,39.72051],[-120.62326,39.72084],[-120.62327,39.72094],[-120.62319,39.72096],[-120.62303,39.72087],[-120.62291,39.72102],[-120.62275,39.72103],[-120.6222,39.72067],[-120.62188,39.7203],[-120.62133,39.72017],[-120.62118,39.7201],[-120.62096,39.71983],[-120.62113,39.71952],[-120.62109,39.71937]]}},{"type":"Feature","properties":{"elev":5400.0},"geometry":{"type":"LineString","coordinates":[[-120.62125,39.71936],[-120.62127,39.71937]]}},{"type":"Feature","properties":{"elev":5400.0},"geometry":{"type":"LineString","coordinates":[[-120.62122,39.71934],[-120.62123,39.71934]]}},{"type":"Feature","properties":{"elev":5400.0},"geometry":{"type":"LineString","coordinates":[[-120.62121,39.71933],[-120.62122,39.71934]]}},{"type":"Feature","properties":{"elev":5400.0},"geometry":{"type":"LineString","coordinates":[[-120.62119,39.71932],[-120.62121,39.71933]]}},{"type":"Feature","properties":{"elev":5400.0},"geometry":{"type":"LineString","coordinates":[[-120.62116,39.7193],[-120.62119,39.71932]]}},{"type":"Feature","properties":{"elev":5400.0},"geometry":{"type":"LineString","coordinates":[[-120.62113,39.71928],[-120.62114,39.71929]]}},{"type":"Feature","properties":{"elev":5400.0},"geometry":{"type":"LineString","coordinates":[[-120.62112,39.71927],[-120.62113,39.71928]]}},{"type":"Feature","properties":{"elev":5400.0},"geometry":{"type":"LineString","coordinates":[[-120.62109,39.71925],[-120.62112,39.71927]]}},{"type":"Feature","properties":{"elev":5400.0},"geometry":{"type":"LineString","coordinates":[[-120.62107,39.71924],[-120.62108,39.71924]]}},{"type":"Feature","properties":{"elev":5400.0},"geometry":{"type":"LineString","coordinates":[[-120.62105,39.71922],[-120.62107,39.71924]]}},{"type":"Feature","properties":{"elev":5400.0},"geometry":{"type":"LineString","coordinates":[[-120.62099,39.71919],[-120.62103,39.71921]]}},{"type":"Feature","properties":{"elev":5400.0},"geometry":{"type":"LineString","coordinates":[[-120.62095,39.71916],[-120.62097,39.71918]]}},{"type":"Feature","properties":{"elev":5400.0},"geometry":{"type":"LineString","coordinates":[[-120.62094,39.71915],[-120.62094,39.71916]]}},{"type":"Feature","properties":{"elev":5400.0},"geometry":{"type":"LineString","coordinates":[[-120.6209,39.71913],[-120.62093,39.71915]]}},{"type":"Feature","properties":{"elev":5400.0},"geometry":{"type":"LineString","coordinates":[[-120.62086,39.71911],[-120.62089,39.71913]]}},{"type":"Feature","properties":{"elev":5400.0},"geometry":{"type":"LineString","coordinates":[[-120.62085,39.7191],[-120.62086,39.71911]]}},{"type":"Feature","properties":{"elev":5400.0},"geometry":{"type":"LineString","coordinates":[[-120.62081,39.71909],[-120.62084,39.7191]]}},{"type":"Feature","properties":{"elev":5400.0},"geometry":{"type":"LineString","coordinates":[[-120.62079,39.71908],[-120.6208,39.71909]]}},{"type":"Feature","properties":{"elev":5400.0},"geometry":{"type":"LineString","coordinates":[[-120.62076,39.71906],[-120.62077,39.71907]]}},{"type":"Feature","properties":{"elev":5000.0},"geometry":{"type":"LineString","coordinates":[[-120.64992,39.75796],[-120.64992,39.75613],[-120.64989,39.75598],[-120.64976,39.75575],[-120.64912,39.75571],[-120.64887,39.7558],[-120.64819,39.75595],[-120.64809,39.75588],[-120.64795,39.75571],[-120.64769,39.75574],[-120.64741,39.75555],[-120.64707,39.75555],[-120.64684,39.75551],[-120.64642,39.7553],[-120.64613,39.75528],[-120.64584,39.75521],[-120.64545,39.75526],[-120.64509,39.75521],[-120.64469,39.75526],[-120.64428,39.75559],[-120.64385,39.75578],[-120.64362,39.75613],[-120.64326,39.75647],[-120.64292,39.75669],[-120.64201,39.75789],[-120.64173,39.75813],[-120.64158,39.75814],[-120.64138,39.75803],[-120.64106,39.75776],[-120.64094,39.75753],[-120.64051,39.7577],[-120.64021,39.75776],[-120.63976,39.75824],[-120.63917,39.75866],[-120.63898,39.7587],[-120.63859,39.75863],[-120.63834,39.75871],[-120.63805,39.75871],[-120.63799,39.75864],[-120.63804,39.75856],[-120.63829,39.7585],[-120.63841,39.75826],[-120.63833,39.75793],[-120.63822,39.75771],[-120.63786,39.75758],[-120.63774,39.75762],[-120.63752,39.75778],[-120.63729,39.75781],[-120.63705,39.75778],[-120.63667,39.75759],[-120.63582,39.757],[-120.63569,39.75686],[-120.6357,39.75677],[-120.63587,39.75656],[-120.63655,39.75606],[-120.63691,39.75588],[-120.63756,39.75567],[-120.63811,39.75537],[-120.6389,39.75457],[-120.63948,39.7541],[-120.63952,39.75386],[-120.63945,39.75343],[-120.6398,39.75307],[-120.63984,39.75277],[-120.64009,39.75238],[-120.64031,39.75213],[-120.64051,39.75199],[-120.64065,39.75175],[-120.64088,39.75153],[-120.64094,39.75138],[-120.64127,39.75122],[-120.6415,39.751],[-120.64152,39.75088],[-120.64139,39.75085],[-120.64119,39.75093],[-120.64072,39.75102],[-120.64023,39.7513],[-120.63942,39.75165],[-120.6388,39.75164],[-120.63826,39.75174],[-120.63807,39.7518],[-120.63768,39.75201],[-120.63725,39.75193],[-120.63694,39.75191],[-120.63618,39.75201],[-120.63546,39.7522],[-120.6349,39.75246],[-120.63434,39.75259],[-120.6343,39.75251],[-120.63432,39.75243],[-120.63445,39.7523],[-120.63465,39.7519],[-120.63461,39.75157],[-120.6345,39.75138],[-120.63439,39.75132],[-120.63438,39.7512],[-120.63473,39.75064],[-120.63474,39.75008],[-120.63491,39.74973],[-120.63524,39.74936],[-120.63528,39.74921],[-120.63494,39.74859],[-120.63464,39.74831],[-120.63459,39.74821],[-120.63446,39.74816],[-120.63432,39.74795],[-120.63431,39.7477],[-120.63415,39.74768],[-120.634,39.74762],[-120.6337,39.74764],[-120.63355,39.74755],[-120.6334,39.74742],[-120.63333,39.74725],[-120.63321,39.74713],[-120.63291,39.7469],[-120.63289,39.7468],[-120.63271,39.74685],[-120.63258,39.74679],[-120.6325,39.74666],[-120.63234,39.74658],[-120.63176,39.74647],[-120.63161,39.74649],[-120.63148,39.74659],[-120.6313,39.74664],[-120.63089,39.74649],[-120.6303,39.74655],[-120.62956,39.74655],[-120.62919,39.74663],[-120.62891,39.74665],[-120.6283,39.74646],[-120.6279,39.7465],[-120.62766,39.74649],[-120.62759,39.74647],[-120.62783,39.74638],[-120.62778,39.7463],[-120.62704,39.74625],[-120.6268,39.74616],[-120.62666,39.74615],[-120.6259,39.74638],[-120.62554,39.7466],[-120.62516,39.74678],[-120.6248,39.74669],[-120.62433,39.74673],[-120.62387,39.74709],[-120.62364,39.74714],[-120.62334,39.74708],[-120.62285,39.74665],[-120.62275,39.74652],[-120.62279,39.74643],[-120.62276,39.74625],[-120.6226,39.746],[-120.62244,39.74585],[-120.62236,39.74585],[-120.62204,39.74604],[-120.62189,39.74608],[-120.62134,39.74595],[-120.62119,39.74595],[-120.62104,39.74597],[-120.62073,39.74608],[-120.62033,39.74615],[-120.6198,39.74598],[-120.61978,39.74591],[-120.61982,39.74578],[-120.62008,39.74537],[-120.62113,39.74424],[-120.62144,39.74407],[-120.6223,39.7439],[-120.62259,39.74379],[-120.6229,39.7436],[-120.62314,39.74334],[-120.62316,39.74282],[-120.623,39.74225],[-120.62268,39.74191],[-120.62228,39.74127],[-120.62204,39.74106],[-120.62189,39.74084],[-120.62198,39.74058],[-120.62235,39.74012],[-120.62248,39.73988],[-120.62251,39.73974],[-120.62228,39.73924],[-120.62216,39.73912],[-120.62181,39.73849],[-120.6215,39.73805],[-120.62213,39.73785],[-120.62313,39.73762],[-120.62339,39.73748],[-120.62349,39.73737],[-120.62377,39.73725],[-120.62389,39.73713],[-120.6239,39.73707],[-120.62377,39.73707],[-120.62373,39.73698],[-120.62352,39.7371],[-120.62319,39.73721],[-120.62267,39.73729],[-120.62234,39.73725],[-120.62193,39.73711],[-120.62167,39.73712],[-120.62141,39.73717],[-120.62114,39.73714],[-120.62087,39.73722],[-120.62072,39.73723],[-120.6202,39.73742],[-120.62004,39.73768],[-120.62002,39.73902],[-120.61962,39.74025],[-120.61934,39.74079],[-120.61906,39.74112],[-120.61866,39.74143],[-120.61829,39.74159],[-120.61744,39.74167],[-120.61719,39.74162],[-120.61684,39.74142],[-120.61676,39.74132],[-120.61672,39.74116],[-120.6168,39.74089],[-120.61676,39.74063],[-120.6169,39.74045],[-120.61691,39.74037],[-120.61667,39.74017],[-120.61659,39.7399],[-120.61647,39.73985],[-120.6161,39.73985],[-120.61593,39.73981],[-120.6158,39.73972],[-120.61557,39.73948],[-120.61547,39.73949],[-120.61511,39.73971],[-120.61475,39.73984],[-120.61419,39.73981],[-120.61369,39.73993],[-120.61349,39.73992],[-120.61321,39.73982],[-120.61256,39.73972],[-120.61205,39.73973],[-120.61177,39.73963],[-120.61117,39.73892],[-120.61089,39.73865],[-120.61076,39.73842],[-120.61079,39.73783],[-120.61066,39.73767],[-120.61052,39.73723],[-120.61064,39.73686],[-120.61072,39.73676],[-120.61051,39.73664],[-120.61022,39.73603],[-120.61017,39.73579],[-120.61022,39.73517],[-120.61035,39.73496],[-120.61069,39.73471],[-120.61104,39.7342],[-120.61149,39.73378],[-120.61156,39.73364],[-120.61156,39.73359],[-120.61147,39.73354],[-120.61099,39.7334],[-120.6109,39.73332],[-120.61093,39.7332],[-120.61137,39.73238],[-120.6115,39.7323],[-120.61165,39.73229],[-120.61246,39.73246],[-120.61289,39.73218],[-120.61296,39.73205],[-120.61303,39.73179],[-120.61302,39.73163],[-120.61288,39.73131],[-120.61284,39.73103],[-120.61273,39.73081],[-120.61256,39.73024],[-120.61275,39.72992],[-120.61294,39.72969],[-120.61304,39.72963],[-120.61306,39.72942],[-120.61302,39.72926],[-120.61314,39.72897],[-120.61312,39.72884],[-120.6132,39.72847],[-120.61336,39.72833],[-120.61308,39.72806],[-120.61306,39.72798],[-120.61342,39.72755],[-120.61367,39.72743],[-120.61382,39.7273],[-120.61388,39.72699],[-120.61378,39.72674],[-120.61383,39.72658],[-120.61434,39.72612],[-120.61463,39.72603],[-120.61549,39.72589],[-120.61561,39.7257],[-120.61581,39.72556],[-120.61585,39.7253],[-120.61535,39.72496],[-120.61501,39.72478],[-120.61483,39.72477],[-120.61463,39.72464],[-120.61436,39.72438],[-120.61425,39.72413],[-120.61391,39.72385],[-120.61356,39.72371],[-120.61325,39.72346],[-120.61311,39.72329],[-120.61302,39.72301],[-120.61286,39.72296],[-120.61272,39.72308],[-120.61256,39.72314],[-120.61236,39.72317],[-120.61207,39.72315],[-120.61194,39.72308],[-120.61169,39.72278],[-120.61153,39.72277],[-120.61137,39.7227],[-120.61128,39.72245],[-120.61137,39.72226],[-120.61125,39.72217],[-120.61124,39.72195],[-120.61104,39.72156],[-120.61078,39.72166],[-120.61027,39.72201],[-120.61016,39.72218],[-120.60982,39.72237],[-120.60909,39.72259],[-120.6089,39.72279],[-120.60858,39.72328],[-120.60833,39.72345],[-120.60809,39.72353],[-120.60789,39.72349],[-120.60778,39.7233],[-120.60776,39.72293],[-120.60799,39.72238],[-120.60825,39.72211],[-120.60832,39.72195],[-120.60835,39.72177],[-120.60829,39.72147],[-120.60838,39.72109],[-120.60833,39.72104],[-120.6082,39.72102],[-120.60804,39.72089],[-120.60797,39.72093],[-120.60792,39.72112],[-120.6078,39.72117],[-120.60766,39.72114],[-120.60751,39.721],[-120.60731,39.72043],[-120.60726,39.7202],[-120.60687,39.71961],[-120.60686,39.7192],[-120.6067,39.71896],[-120.60651,39.71882],[-120.60642,39.71869],[-120.60637,39.71871],[-120.60634,39.71877],[-120.60639,39.71896],[-120.60639,39.71933],[-120.60623,39.71965],[-120.60627,39.71992],[-120.6062,39.72029],[-120.6062,39.72095],[-120.60599,39.72168],[-120.60588,39.72188],[-120.60569,39.72202],[-120.60565,39.72221],[-120.60545,39.72255],[-120.60508,39.72302],[-120.60478,39.72322],[-120.60439,39.7233]]}},{"type":"Feature","properties":{"elev":5400.0},"geometry":{"type":"LineString","coordinates":[[-120.62042,39.71879],[-120.62076,39.71906]]}},{"type":"Feature","properties":{"elev":5400.0},"geometry":{"type":"LineString","coordinates":[[-120.62041,39.71879],[-120.62042,39.71879]]}},{"type":"Feature","properties":{"elev":5400.0},"geometry":{"type":"LineString","coordinates":[[-120.62032,39.71872],[-120.62041,39.71879]]}},{"type":"Feature","properties":{"elev":5400.0},"geometry":{"type":"LineString","coordinates":[[-120.6203,39.71871],[-120.62031,39.71872]]}},{"type":"Feature","properties":{"elev":5400.0},"geometry":{"type":"LineString","coordinates":[[-120.62025,39.71868],[-120.6203,39.71871]]}},{"type":"Feature","properties":{"elev":5400.0},"geometry":{"type":"LineString","coordinates":[[-120.62024,39.71867],[-120.62025,39.71867]]}},{"type":"Feature","properties":{"elev":5400.0},"geometry":{"type":"LineString","coordinates":[[-120.6202,39.71864],[-120.62024,39.71867]]}},{"type":"Feature","properties":{"elev":5400.0},"geometry":{"type":"LineString","coordinates":[[-120.62017,39.71863],[-120.62018,39.71863]]}},{"type":"Feature","properties":{"elev":5400.0},"geometry":{"type":"LineString","coordinates":[[-120.62014,39.7186],[-120.62017,39.71863]]}},{"type":"Feature","properties":{"elev":5400.0},"geometry":{"type":"LineString","coordinates":[[-120.62013,39.71859],[-120.62013,39.7186]]}},{"type":"Feature","properties":{"elev":5400.0},"geometry":{"type":"LineString","coordinates":[[-120.62009,39.71857],[-120.62012,39.71859]]}},{"type":"Feature","properties":{"elev":5400.0},"geometry":{"type":"LineString","coordinates":[[-120.62007,39.71856],[-120.62008,39.71856]]}},{"type":"Feature","properties":{"elev":5400.0},"geometry":{"type":"LineString","coordinates":[[-120.62004,39.71854],[-120.62007,39.71856]]}},{"type":"Feature","properties":{"elev":5400.0},"geometry":{"type":"LineString","coordinates":[[-120.62001,39.71853],[-120.62004,39.71854]]}},{"type":"Feature","properties":{"elev":5400.0},"geometry":{"type":"LineString","coordinates":[[-120.61996,39.71849],[-120.61999,39.71852]]}},{"type":"Feature","properties":{"elev":5400.0},"geometry":{"type":"LineString","coordinates":[[-120.61995,39.71848],[-120.61995,39.71849]]}},{"type":"Feature","properties":{"elev":5400.0},"geometry":{"type":"LineString","coordinates":[[-120.61993,39.71848],[-120.61994,39.71848]]}},{"type":"Feature","properties":{"elev":5400.0},"geometry":{"type":"LineString","coordinates":[[-120.61989,39.71844],[-120.61993,39.71847]]}},{"type":"Feature","properties":{"elev":5400.0},"geometry":{"type":"LineString","coordinates":[[-120.61987,39.71843],[-120.61988,39.71844]]}},{"type":"Feature","properties":{"elev":5400.0},"geometry":{"type":"LineString","coordinates":[[-120.61986,39.71843],[-120.61987,39.71843]]}},{"type":"Feature","properties":{"elev":5400.0},"geometry":{"type":"LineString","coordinates":[[-120.61982,39.71838],[-120.61983,39.71838]]}},{"type":"Feature","properties":{"elev":5400.0},"geometry":{"type":"LineString","coordinates":[[-120.61981,39.71835],[-120.61982,39.71836]]}},{"type":"Feature","properties":{"elev":5400.0},"geometry":{"type":"LineString","coordinates":[[-120.6198,39.71833],[-120.61981,39.71834]]}},{"type":"Feature","properties":{"elev":5400.0},"geometry":{"type":"LineString","coordinates":[[-120.61979,39.71831],[-120.6198,39.71832]]}},{"type":"Feature","properties":{"elev":5400.0},"geometry":{"type":"LineString","coordinates":[[-120.61978,39.71828],[-120.61979,39.71829]]}},{"type":"Feature","properties":{"elev":5400.0},"geometry":{"type":"LineString","coordinates":[[-120.61977,39.71826],[-120.61978,39.71827]]}},{"type":"Feature","properties":{"elev":5400.0},"geometry":{"type":"LineString","coordinates":[[-120.61976,39.71823],[-120.61977,39.71824]]}},{"type":"Feature","properties":{"elev":5400.0},"geometry":{"type":"LineString","coordinates":[[-120.61975,39.71821],[-120.61976,39.71822]]}},{"type":"Feature","properties":{"elev":5400.0},"geometry":{"type":"LineString","coordinates":[[-120.61974,39.71819],[-120.61975,39.7182]]}},{"type":"Feature","properties":{"elev":5400.0},"geometry":{"type":"LineString","coordinates":[[-120.61973,39.71817],[-120.61973,39.71818]]}},{"type":"Feature","properties":{"elev":5400.0},"geometry":{"type":"LineString","coordinates":[[-120.61972,39.71815],[-120.61972,39.71816]]}},{"type":"Feature","properties":{"elev":5400.0},"geometry":{"type":"LineString","coordinates":[[-120.6197,39.7181],[-120.6197,39.71811]]}},{"type":"Feature","properties":{"elev":5400.0},"geometry":{"type":"LineString","coordinates":[[-120.61968,39.71806],[-120.61968,39.71807]]}},{"type":"Feature","properties":{"elev":5400.0},"geometry":{"type":"LineString","coordinates":[[-120.61966,39.71802],[-120.61966,39.71803]]}},{"type":"Feature","properties":{"elev":5400.0},"geometry":{"type":"LineString","coordinates":[[-120.61965,39.718],[-120.61965,39.71801]]}},{"type":"Feature","properties":{"elev":5400.0},"geometry":{"type":"LineString","coordinates":[[-120.61963,39.71796],[-120.61963,39.71797]]}},{"type":"Feature","properties":{"elev":5400.0},"geometry":{"type":"LineString","coordinates":[[-120.61957,39.71784],[-120.61956,39.71784],[-120.61957,39.71784],[-120.61957,39.71784]]}},{"type":"Feature","properties":{"elev":5400.0},"geometry":{"type":"LineString","coordinates":[[-120.61954,39.7178],[-120.61955,39.7178]]}},{"type":"Feature","properties":{"elev":5400.0},"geometry":{"type":"LineString","coordinates":[[-120.61951,39.71773],[-120.61952,39.71773]]}},{"type":"Feature","properties":{"elev":5400.0},"geometry":{"type":"LineString","coordinates":[[-120.61911,39.71715],[-120.61912,39.71715]]}},{"type":"Feature","properties":{"elev":5400.0},"geometry":{"type":"LineString","coordinates":[[-120.61902,39.71706],[-120.61903,39.71706]]}},{"type":"Feature","properties":{"elev":5400.0},"geometry":{"type":"LineString","coordinates":[[-120.61898,39.71701],[-120.61899,39.71702]]}},{"type":"Feature","properties":{"elev":5400.0},"geometry":{"type":"LineString","coordinates":[[-120.61894,39.71697],[-120.61895,39.71698]]}},{"type":"Feature","properties":{"elev":5400.0},"geometry":{"type":"LineString","coordinates":[[-120.6189,39.71693],[-120.61891,39.71694]]}},{"type":"Feature","properties":{"elev":5400.0},"geometry":{"type":"LineString","coordinates":[[-120.61885,39.71688],[-120.61885,39.71689]]}},{"type":"Feature","properties":{"elev":5400.0},"geometry":{"type":"LineString","coordinates":[[-120.61884,39.71687],[-120.61884,39.71688]]}},{"type":"Feature","properties":{"elev":5400.0},"geometry":{"type":"LineString","coordinates":[[-120.61854,39.71664],[-120.61855,39.71664]]}},{"type":"Feature","properties":{"elev":5400.0},"geometry":{"type":"LineString","coordinates":[[-120.61853,39.71663],[-120.61854,39.71664]]}},{"type":"Feature","properties":{"elev":5400.0},"geometry":{"type":"LineString","coordinates":[[-120.61852,39.71662],[-120.61853,39.71663]]}},{"type":"Feature","properties":{"elev":5400.0},"geometry":{"type":"LineString","coordinates":[[-120.61851,39.71661],[-120.61852,39.71662]]}},{"type":"Feature","properties":{"elev":5600.0},"geometry":{"type":"LineString","coordinates":[[-120.61764,39.71658],[-120.61768,39.71658],[-120.61768,39.71662],[-120.61763,39.71662],[-120.61764,39.71658]]}},{"type":"Feature","properties":{"elev":5400.0},"geometry":{"type":"LineString","coordinates":[[-120.61846,39.71658],[-120.61846,39.71659]]}},{"type":"Feature","properties":{"elev":5400.0},"geometry":{"type":"LineString","coordinates":[[-120.61845,39.71657],[-120.61845,39.71658]]}},{"type":"Feature","properties":{"elev":5400.0},"geometry":{"type":"LineString","coordinates":[[-120.61844,39.71656],[-120.61844,39.71657]]}},{"type":"Feature","properties":{"elev":5400.0},"geometry":{"type":"LineString","coordinates":[[-120.61842,39.71656],[-120.61843,39.71656]]}},{"type":"Feature","properties":{"elev":5400.0},"geometry":{"type":"LineString","coordinates":[[-120.6184,39.71654],[-120.61842,39.71655]]}},{"type":"Feature","properties":{"elev":5400.0},"geometry":{"type":"LineString","coordinates":[[-120.61838,39.71653],[-120.61839,39.71653]]}},{"type":"Feature","properties":{"elev":5400.0},"geometry":{"type":"LineString","coordinates":[[-120.61837,39.71652],[-120.61838,39.71653]]}},{"type":"Feature","properties":{"elev":5400.0},"geometry":{"type":"LineString","coordinates":[[-120.61834,39.7165],[-120.61835,39.71651]]}},{"type":"Feature","properties":{"elev":5400.0},"geometry":{"type":"LineString","coordinates":[[-120.61833,39.7165],[-120.61834,39.7165]]}},{"type":"Feature","properties":{"elev":5600.0},"geometry":{"type":"LineString","coordinates":[[-120.61809,39.71649],[-120.61835,39.71658],[-120.6185,39.71667],[-120.61886,39.71695],[-120.61918,39.71729],[-120.61948,39.71776],[-120.61976,39.71838],[-120.61977,39.7185],[-120.61926,39.71866],[-120.61907,39.71863],[-120.61859,39.71833],[-120.61828,39.71803],[-120.61813,39.71778],[-120.61811,39.71754],[-120.61796,39.71726],[-120.61794,39.71693],[-120.61806,39.71674],[-120.61809,39.71649]]}},{"type":"Feature","properties":{"elev":5400.0},"geometry":{"type":"LineString","coordinates":[[-120.61829,39.71647],[-120.61833,39.7165]]}},{"type":"Feature","properties":{"elev":5400.0},"geometry":{"type":"LineString","coordinates":[[-120.61826,39.71645],[-120.61829,39.71647]]}},{"type":"Feature","properties":{"elev":5400.0},"geometry":{"type":"LineString","coordinates":[[-120.61823,39.71644],[-120.61825,39.71645]]}},{"type":"Feature","properties":{"elev":5400.0},"geometry":{"type":"LineString","coordinates":[[-120.61819,39.71641],[-120.61821,39.71643]]}},{"type":"Feature","properties":{"elev":5400.0},"geometry":{"type":"LineString","coordinates":[[-120.61816,39.7164],[-120.61818,39.71641]]}},{"type":"Feature","properties":{"elev":5400.0},"geometry":{"type":"LineString","coordinates":[[-120.6181,39.71636],[-120.61814,39.71639]]}},{"type":"Feature","properties":{"elev":5400.0},"geometry":{"type":"LineString","coordinates":[[-120.61807,39.71635],[-120.6181,39.71636]]}},{"type":"Feature","properties":{"elev":5400.0},"geometry":{"type":"LineString","coordinates":[[-120.61804,39.71633],[-120.61806,39.71634]]}},{"type":"Feature","properties":{"elev":5200.0},"geometry":{"type":"LineString","coordinates":[[-120.63077,39.73113],[-120.63079,39.73155],[-120.63075,39.73168],[-120.63034,39.7317],[-120.63018,39.73175],[-120.62967,39.73204],[-120.62943,39.73225],[-120.62895,39.73249],[-120.62833,39.73267],[-120.62709,39.73315],[-120.62679,39.73321],[-120.62612,39.73324],[-120.62553,39.73341],[-120.62533,39.73343],[-120.62516,39.73358],[-120.62491,39.73357],[-120.62446,39.7337],[-120.62447,39.73388],[-120.62428,39.73406],[-120.62395,39.73421],[-120.62383,39.73433],[-120.62366,39.73484],[-120.62362,39.73509],[-120.62331,39.73568],[-120.62308,39.73593],[-120.62284,39.73606],[-120.6225,39.73613],[-120.62179,39.73613],[-120.62151,39.73617],[-120.62125,39.73615],[-120.62104,39.73621],[-120.62082,39.73618],[-120.62063,39.73626],[-120.6204,39.73627],[-120.61954,39.7366],[-120.61888,39.73737],[-120.61879,39.73739],[-120.61829,39.73735],[-120.61781,39.73754],[-120.61761,39.73753],[-120.61735,39.73739],[-120.61705,39.73732],[-120.61676,39.73721],[-120.61636,39.73721],[-120.61583,39.73709],[-120.61547,39.73709],[-120.61543,39.73694],[-120.61549,39.73639],[-120.6156,39.73617],[-120.61594,39.73575],[-120.61598,39.73563],[-120.61595,39.73538],[-120.61574,39.7351],[-120.61564,39.73487],[-120.61563,39.73445],[-120.61558,39.73425],[-120.61567,39.73402],[-120.61603,39.73359],[-120.61601,39.73351],[-120.6158,39.73331],[-120.61576,39.7332],[-120.61591,39.73271],[-120.61583,39.73216],[-120.61585,39.73194],[-120.61593,39.73188],[-120.61611,39.73189],[-120.61721,39.73212],[-120.61752,39.73214],[-120.6181,39.73198],[-120.61859,39.73195],[-120.61878,39.73187],[-120.61881,39.73177],[-120.61845,39.73148],[-120.6181,39.73127],[-120.61804,39.73118],[-120.61807,39.73072],[-120.61827,39.73038],[-120.61849,39.73018],[-120.61853,39.73008],[-120.61849,39.72998],[-120.61825,39.72978],[-120.61818,39.72967],[-120.61833,39.7296],[-120.61926,39.72964],[-120.6194,39.72963],[-120.61945,39.72959],[-120.61944,39.72951],[-120.61935,39.72943],[-120.61845,39.72899],[-120.61834,39.72888],[-120.61833,39.7288],[-120.61869,39.72809],[-120.61863,39.72803],[-120.61831,39.72798],[-120.61826,39.72773],[-120.61861,39.7272],[-120.6185,39.7271],[-120.61806,39.72702],[-120.61802,39.72697],[-120.61805,39.7269],[-120.61815,39.72679],[-120.61834,39.72668],[-120.61867,39.72662],[-120.61963,39.72669],[-120.6202,39.72665],[-120.62174,39.72663],[-120.62224,39.72658],[-120.62235,39.72641],[-120.62254,39.7263],[-120.62252,39.72549],[-120.62228,39.7251],[-120.622,39.72497],[-120.62176,39.72492],[-120.62158,39.72474],[-120.62152,39.72487],[-120.62138,39.72487],[-120.62089,39.72518],[-120.62077,39.72515],[-120.62042,39.72497],[-120.62034,39.72486],[-120.62034,39.72475],[-120.62055,39.72458],[-120.62131,39.72459],[-120.62134,39.72455],[-120.62119,39.72437],[-120.62076,39.72404],[-120.62071,39.72393],[-120.62066,39.72359],[-120.62054,39.7234],[-120.6203,39.72317],[-120.62006,39.72305],[-120.6194,39.72255],[-120.61867,39.72228],[-120.61847,39.72215],[-120.61828,39.72209],[-120.61806,39.72192],[-120.61766,39.7219],[-120.61678,39.72166],[-120.61646,39.72142],[-120.61633,39.72116],[-120.61623,39.72107],[-120.6157,39.72084],[-120.61505,39.7207],[-120.61488,39.72053],[-120.6149,39.72027],[-120.61486,39.72006],[-120.61477,39.7199],[-120.61465,39.71984],[-120.61434,39.7198],[-120.61423,39.71974],[-120.61409,39.71989],[-120.61383,39.71996],[-120.61373,39.71993],[-120.61364,39.71983],[-120.61349,39.71981],[-120.61338,39.71974],[-120.61314,39.71975],[-120.61304,39.71984],[-120.61275,39.7199],[-120.61243,39.71971],[-120.61242,39.71955],[-120.61222,39.71927],[-120.61201,39.71914],[-120.61162,39.71908],[-120.61149,39.71913],[-120.61127,39.71913],[-120.61106,39.7192],[-120.61094,39.7192],[-120.61069,39.7191],[-120.61036,39.71891],[-120.6102,39.71865],[-120.60968,39.71864],[-120.60942,39.71853],[-120.60922,39.71832],[-120.6088,39.71831],[-120.60845,39.71825],[-120.60837,39.71815],[-120.60833,39.71786],[-120.60841,39.7174],[-120.60838,39.71726],[-120.60787,39.71687],[-120.60768,39.7168],[-120.60753,39.71681],[-120.60723,39.71669],[-120.60696,39.71673],[-120.60689,39.7167],[-120.60651,39.71634],[-120.60649,39.71616]]}},{"type":"Feature","properties":{"elev":5400.0},"geometry":{"type":"LineString","coordinates":[[-120.62969,39.72951],[-120.63012,39.72996],[-120.63027,39.73018],[-120.63028,39.73031],[-120.63016,39.73034],[-120.63001,39.73031],[-120.62972,39.73049],[-120.62904,39.73107],[-120.62882,39.73133],[-120.62808,39.7318],[-120.62691,39.73223],[-120.62587,39.73233],[-120.625,39.73256],[-120.62473,39.73257],[-120.62397,39.73272],[-120.62322,39.73302],[-120.62294,39.73319],[-120.62272,39.73341],[-120.6226,39.73362],[-120.62255,39.73382],[-120.62258,39.73445],[-120.6223,39.73515],[-120.6221,39.7353],[-120.62197,39.73534],[-120.62148,39.73535],[-120.62102,39.73529],[-120.6204,39.73545],[-120.62003,39.73547],[-120.61958,39.73566],[-120.61938,39.73571],[-120.61877,39.73544],[-120.61856,39.73524],[-120.61849,39.73512],[-120.61845,39.73483],[-120.61824,39.73438],[-120.61819,39.73404],[-120.61811,39.73384],[-120.61815,39.73375],[-120.61869,39.73365],[-120.61893,39.73366],[-120.61987,39.73412],[-120.6205,39.73424],[-120.62067,39.73419],[-120.62077,39.73408],[-120.62085,39.7339],[-120.6211,39.73376],[-120.62132,39.73373],[-120.62179,39.73381],[-120.62205,39.73372],[-120.6223,39.73334],[-120.62237,39.73262],[-120.62225,39.73249],[-120.62186,39.73246],[-120.62179,39.73237],[-120.62226,39.73171],[-120.62227,39.7316],[-120.62209,39.73144],[-120.62142,39.73103],[-120.62136,39.73096],[-120.62137,39.73088],[-120.62151,39.73074],[-120.62171,39.73061],[-120.62176,39.73042],[-120.62188,39.73035],[-120.6222,39.73029],[-120.62333,39.7302],[-120.62356,39.73009],[-120.62424,39.72991],[-120.62464,39.72965],[-120.62469,39.7294],[-120.62458,39.72924],[-120.62442,39.72914],[-120.62441,39.72899],[-120.62471,39.72864],[-120.62475,39.72849],[-120.62444,39.72824],[-120.62391,39.72798],[-120.62383,39.72787],[-120.6238,39.72772],[-120.62397,39.72755],[-120.62466,39.72712],[-120.62554,39.7268],[-120.62591,39.72662],[-120.62602,39.72647],[-120.62594,39.72631],[-120.62597,39.72615],[-120.62499,39.72551],[-120.62444,39.7254],[-120.62431,39.72513],[-120.62392,39.72477],[-120.62332,39.72377],[-120.62311,39.7236],[-120.62271,39.72312],[-120.62236,39.72289],[-120.62194,39.72235],[-120.62151,39.72199],[-120.6209,39.72168],[-120.62048,39.72123],[-120.62009,39.72101],[-120.62005,39.72093],[-120.61992,39.72091],[-120.61921,39.72062],[-120.61877,39.7205],[-120.61832,39.72025],[-120.61809,39.72],[-120.61782,39.71981],[-120.6176,39.71956],[-120.61748,39.7195],[-120.61705,39.71914],[-120.61648,39.71813],[-120.61635,39.71808],[-120.61631,39.71798],[-120.61617,39.71788],[-120.6159,39.71775],[-120.61575,39.71755],[-120.61564,39.71727],[-120.61526,39.71715],[-120.61506,39.71699],[-120.61495,39.71701],[-120.61487,39.71717],[-120.61469,39.71726],[-120.61453,39.71728],[-120.61417,39.71722],[-120.61403,39.71724],[-120.61385,39.71739],[-120.61349,39.71748],[-120.61327,39.71744],[-120.61299,39.71725],[-120.61284,39.71722],[-120.61243,39.71732],[-120.61211,39.71731],[-120.61169,39.71706],[-120.61137,39.71695],[-120.6113,39.71672],[-120.61146,39.7165],[-120.6114,39.7164],[-120.61124,39.71629],[-120.61123,39.71622]]}},{"type":"Feature","properties":{"elev":5600.0},"geometry":{"type":"LineString","coordinates":[[-120.6179,39.71629],[-120.61788,39.71629]]}}]}