{"type":"FeatureCollection","features":[{"type":"Feature","properties":{"unit_id":101,"landing_id":3,"span_ft":1551.0,"deflection_pct":6.2,"min_clear_ft":11.0,"downhill":0,"span_class":"Medium yarder"},"geometry":{"type":"LineString","coordinates":[[-120.65645,39.72938],[-120.66186,39.73018]]}},{"type":"Feature","properties":{"unit_id":101,"landing_id":3,"span_ft":1621.0,"deflection_pct":6.8,"min_clear_ft":12.0,"downhill":1,"span_class":"Medium yarder"},"geometry":{"type":"LineString","coordinates":[[-120.65645,39.72938],[-120.66183,39.73097]]}},{"type":"Feature","properties":{"unit_id":101,"landing_id":3,"span_ft":1567.0,"deflection_pct":6.8,"min_clear_ft":13.7,"downhill":0,"span_class":"Medium yarder"},"geometry":{"type":"LineString","coordinates":[[-120.65645,39.72938],[-120.66123,39.73159]]}},{"type":"Feature","properties":{"unit_id":101,"landing_id":3,"span_ft":1560.0,"deflection_pct":6.1,"min_clear_ft":11.4,"downhill":0,"span_class":"Medium yarder"},"geometry":{"type":"LineString","coordinates":[[-120.65645,39.72938],[-120.66064,39.73218]]}},{"type":"Feature","properties":{"unit_id":101,"landing_id":3,"span_ft":2368.0,"deflection_pct":6.1,"min_clear_ft":12.8,"downhill":1,"span_class":"Long-span yarder"},"geometry":{"type":"LineString","coordinates":[[-120.65645,39.72938],[-120.66055,39.73506]]}},{"type":"Feature","properties":{"unit_id":101,"landing_id":4,"span_ft":350.0,"deflection_pct":8.2,"min_clear_ft":10.2,"downhill":1,"span_class":"Small yarder"},"geometry":{"type":"LineString","coordinates":[[-120.6559,39.7304],[-120.65654,39.72957]]}},{"type":"Feature","properties":{"unit_id":101,"landing_id":4,"span_ft":381.0,"deflection_pct":9.3,"min_clear_ft":10.9,"downhill":0,"span_class":"Small yarder"},"geometry":{"type":"LineString","coordinates":[[-120.6559,39.7304],[-120.65678,39.7296]]}},{"type":"Feature","properties":{"unit_id":101,"landing_id":4,"span_ft":520.0,"deflection_pct":7.5,"min_clear_ft":11.4,"downhill":0,"span_class":"Small yarder"},"geometry":{"type":"LineString","coordinates":[[-120.6559,39.7304],[-120.65751,39.7297]]}},{"type":"Feature","properties":{"unit_id":101,"landing_id":4,"span_ft":1146.0,"deflection_pct":6.8,"min_clear_ft":11.6,"downhill":0,"span_class":"Medium yarder"},"geometry":{"type":"LineString","coordinates":[[-120.6559,39.7304],[-120.65992,39.72989]]}},{"type":"Feature","properties":{"unit_id":101,"landing_id":4,"span_ft":1620.0,"deflection_pct":6.2,"min_clear_ft":13.4,"downhill":1,"span_class":"Medium yarder"},"geometry":{"type":"LineString","coordinates":[[-120.6559,39.7304],[-120.66155,39.73123]]}},{"type":"Feature","properties":{"unit_id":101,"landing_id":4,"span_ft":1887.0,"deflection_pct":6.7,"min_clear_ft":13.2,"downhill":1,"span_class":"Long-span yarder"},"geometry":{"type":"LineString","coordinates":[[-120.6559,39.7304],[-120.66097,39.73378]]}},{"type":"Feature","properties":{"unit_id":101,"landing_id":4,"span_ft":2096.0,"deflection_pct":6.6,"min_clear_ft":13.6,"downhill":1,"span_class":"Long-span yarder"},"geometry":{"type":"LineString","coordinates":[[-120.6559,39.7304],[-120.6606,39.73486]]}},{"type":"Feature","properties":{"unit_id":101,"landing_id":5,"span_ft":272.0,"deflection_pct":10.7,"min_clear_ft":11.5,"downhill":1,"span_class":"Small yarder"},"geometry":{"type":"LineString","coordinates":[[-120.65535,39.73141],[-120.65569,39.73071]]}},{"type":"Feature","properties":{"unit_id":101,"landing_id":5,"span_ft":1637.0,"deflection_pct":6.6,"min_clear_ft":11.9,"downhill":1,"span_class":"Medium yarder"},"geometry":{"type":"LineString","coordinates":[[-120.65535,39.73141],[-120.66079,39.73301]]}},{"type":"Feature","properties":{"unit_id":101,"landing_id":5,"span_ft":1860.0,"deflection_pct":7.0,"min_clear_ft":13.4,"downhill":1,"span_class":"Long-span yarder"},"geometry":{"type":"LineString","coordinates":[[-120.65535,39.73141],[-120.66103,39.73403]]}},{"type":"Feature","properties":{"unit_id":101,"landing_id":5,"span_ft":1969.0,"deflection_pct":6.7,"min_clear_ft":10.3,"downhill":1,"span_class":"Long-span yarder"},"geometry":{"type":"LineString","coordinates":[[-120.65535,39.73141],[-120.66064,39.73494]]}},{"type":"Feature","properties":{"unit_id":101,"landing_id":6,"span_ft":1761.0,"deflection_pct":6.3,"min_clear_ft":13.5,"downhill":1,"span_class":"Medium yarder"},"geometry":{"type":"LineString","coordinates":[[-120.65475,39.7324],[-120.6609,39.73331]]}},{"type":"Feature","properties":{"unit_id":101,"landing_id":6,"span_ft":1873.0,"deflection_pct":7.1,"min_clear_ft":13.6,"downhill":1,"span_class":"Long-span yarder"},"geometry":{"type":"LineString","coordinates":[[-120.65475,39.7324],[-120.66098,39.73423]]}},{"type":"Feature","properties":{"unit_id":102,"landing_id":1,"span_ft":218.0,"deflection_pct":13.1,"min_clear_ft":12.6,"downhill":0,"span_class":"Small yarder"},"geometry":{"type":"LineString","coordinates":[[-120.65144,39.73659],[-120.65221,39.7367]]}},{"type":"Feature","properties":{"unit_id":102,"landing_id":3,"span_ft":328.0,"deflection_pct":11.1,"min_clear_ft":12.0,"downhill":1,"span_class":"Small yarder"},"geometry":{"type":"LineString","coordinates":[[-120.65094,39.73695],[-120.65195,39.73651]]}},{"type":"Feature","properties":{"unit_id":102,"landing_id":3,"span_ft":378.0,"deflection_pct":9.0,"min_clear_ft":11.3,"downhill":1,"span_class":"Small yarder"},"geometry":{"type":"LineString","coordinates":[[-120.65094,39.73695],[-120.6522,39.73661]]}},{"type":"Feature","properties":{"unit_id":102,"landing_id":3,"span_ft":384.0,"deflection_pct":9.0,"min_clear_ft":10.8,"downhill":1,"span_class":"Small yarder"},"geometry":{"type":"LineString","coordinates":[[-120.65094,39.73695],[-120.65228,39.73678]]}},{"type":"Feature","properties":{"unit_id":102,"landing_id":7,"span_ft":773.0,"deflection_pct":7.7,"min_clear_ft":20.4,"downhill":1,"span_class":"Small yarder"},"geometry":{"type":"LineString","coordinates":[[-120.64647,39.74253],[-120.64918,39.74219]]}},{"type":"Feature","properties":{"unit_id":102,"landing_id":8,"span_ft":396.0,"deflection_pct":8.0,"min_clear_ft":11.8,"downhill":0,"span_class":"Small yarder"},"geometry":{"type":"LineString","coordinates":[[-120.64545,39.74397],[-120.64495,39.74499]]}},{"type":"Feature","properties":{"unit_id":102,"landing_id":8,"span_ft":491.0,"deflection_pct":7.8,"min_clear_ft":13.0,"downhill":0,"span_class":"Small yarder"},"geometry":{"type":"LineString","coordinates":[[-120.64545,39.74397],[-120.64717,39.74376]]}},{"type":"Feature","properties":{"unit_id":102,"landing_id":8,"span_ft":323.0,"deflection_pct":12.3,"min_clear_ft":13.2,"downhill":0,"span_class":"Small yarder"},"geometry":{"type":"LineString","coordinates":[[-120.64545,39.74397],[-120.6466,39.74399]]}},{"type":"Feature","properties":{"unit_id":102,"landing_id":8,"span_ft":325.0,"deflection_pct":13.0,"min_clear_ft":11.8,"downhill":0,"span_class":"Small yarder"},"geometry":{"type":"LineString","coordinates":[[-120.64545,39.74397],[-120.64658,39.74414]]}},{"type":"Feature","properties":{"unit_id":102,"landing_id":8,"span_ft":353.0,"deflection_pct":9.7,"min_clear_ft":12.3,"downhill":0,"span_class":"Small yarder"},"geometry":{"type":"LineString","coordinates":[[-120.64545,39.74397],[-120.64652,39.74447]]}},{"type":"Feature","properties":{"unit_id":102,"landing_id":8,"span_ft":379.0,"deflection_pct":10.0,"min_clear_ft":11.9,"downhill":0,"span_class":"Small yarder"},"geometry":{"type":"LineString","coordinates":[[-120.64545,39.74397],[-120.64647,39.74465]]}},{"type":"Feature","properties":{"unit_id":102,"landing_id":8,"span_ft":409.0,"deflection_pct":10.6,"min_clear_ft":17.5,"downhill":0,"span_class":"Small yarder"},"geometry":{"type":"LineString","coordinates":[[-120.64545,39.74397],[-120.64636,39.74484]]}},{"type":"Feature","properties":{"unit_id":102,"landing_id":8,"span_ft":458.0,"deflection_pct":10.8,"min_clear_ft":13.7,"downhill":0,"span_class":"Small yarder"},"geometry":{"type":"LineString","coordinates":[[-120.64545,39.74397],[-120.64624,39.74507]]}},{"type":"Feature","properties":{"unit_id":102,"landing_id":8,"span_ft":490.0,"deflection_pct":9.9,"min_clear_ft":12.1,"downhill":0,"span_class":"Small yarder"},"geometry":{"type":"LineString","coordinates":[[-120.64545,39.74397],[-120.64602,39.74524]]}},{"type":"Feature","properties":{"unit_id":102,"landing_id":8,"span_ft":453.0,"deflection_pct":6.6,"min_clear_ft":11.4,"downhill":0,"span_class":"Small yarder"},"geometry":{"type":"LineString","coordinates":[[-120.64545,39.74397],[-120.6457,39.7452]]}},{"type":"Feature","properties":{"unit_id":102,"landing_id":9,"span_ft":700.0,"deflection_pct":6.7,"min_clear_ft":13.2,"downhill":0,"span_class":"Small yarder"},"geometry":{"type":"LineString","coordinates":[[-120.64395,39.74512],[-120.64641,39.74481]]}},{"type":"Feature","properties":{"unit_id":103,"landing_id":2,"span_ft":429.0,"deflection_pct":13.0,"min_clear_ft":15.3,"downhill":0,"span_class":"Small yarder"},"geometry":{"type":"LineString","coordinates":[[-120.64505,39.74443],[-120.64601,39.74534]]}},{"type":"Feature","properties":{"unit_id":103,"landing_id":2,"span_ft":477.0,"deflection_pct":11.9,"min_clear_ft":12.6,"downhill":0,"span_class":"Small yarder"},"geometry":{"type":"LineString","coordinates":[[-120.64505,39.74443],[-120.64588,39.74557]]}},{"type":"Feature","properties":{"unit_id":103,"landing_id":2,"span_ft":1409.0,"deflection_pct":6.3,"min_clear_ft":11.3,"downhill":0,"span_class":"Medium yarder"},"geometry":{"type":"LineString","coordinates":[[-120.64505,39.74443],[-120.64585,39.74825]]}},{"type":"Feature","properties":{"unit_id":103,"landing_id":3,"span_ft":473.0,"deflection_pct":7.7,"min_clear_ft":10.7,"downhill":0,"span_class":"Small yarder"},"geometry":{"type":"LineString","coordinates":[[-120.64395,39.74512],[-120.64554,39.74469]]}},{"type":"Feature","properties":{"unit_id":103,"landing_id":3,"span_ft":570.0,"deflection_pct":6.5,"min_clear_ft":10.6,"downhill":0,"span_class":"Small yarder"},"geometry":{"type":"LineString","coordinates":[[-120.64395,39.74512],[-120.64596,39.74487]]}},{"type":"Feature","properties":{"unit_id":103,"landing_id":3,"span_ft":616.0,"deflection_pct":11.5,"min_clear_ft":14.7,"downhill":0,"span_class":"Small yarder"},"geometry":{"type":"LineString","coordinates":[[-120.64395,39.74512],[-120.64614,39.74514]]}},{"type":"Feature","properties":{"unit_id":103,"landing_id":3,"span_ft":602.0,"deflection_pct":14.1,"min_clear_ft":12.9,"downhill":0,"span_class":"Small yarder"},"geometry":{"type":"LineString","coordinates":[[-120.64395,39.74512],[-120.64605,39.74543]]}},{"type":"Feature","properties":{"unit_id":103,"landing_id":3,"span_ft":628.0,"deflection_pct":13.2,"min_clear_ft":12.9,"downhill":0,"span_class":"Small yarder"},"geometry":{"type":"LineString","coordinates":[[-120.64395,39.74512],[-120.64604,39.74573]]}},{"type":"Feature","properties":{"unit_id":103,"landing_id":3,"span_ft":715.0,"deflection_pct":11.4,"min_clear_ft":14.9,"downhill":0,"span_class":"Small yarder"},"geometry":{"type":"LineString","coordinates":[[-120.64395,39.74512],[-120.64614,39.74612]]}},{"type":"Feature","properties":{"unit_id":103,"landing_id":3,"span_ft":795.0,"deflection_pct":9.5,"min_clear_ft":11.1,"downhill":0,"span_class":"Small yarder"},"geometry":{"type":"LineString","coordinates":[[-120.64395,39.74512],[-120.64609,39.74654]]}},{"type":"Feature","properties":{"unit_id":103,"landing_id":3,"span_ft":929.0,"deflection_pct":10.7,"min_clear_ft":11.6,"downhill":0,"span_class":"Small yarder"},"geometry":{"type":"LineString","coordinates":[[-120.64395,39.74512],[-120.64604,39.74709]]}},{"type":"Feature","properties":{"unit_id":103,"landing_id":3,"span_ft":1165.0,"deflection_pct":9.4,"min_clear_ft":13.8,"downhill":0,"span_class":"Medium yarder"},"geometry":{"type":"LineString","coordinates":[[-120.64395,39.74512],[-120.64597,39.74791]]}},{"type":"Feature","properties":{"unit_id":103,"landing_id":3,"span_ft":1602.0,"deflection_pct":8.5,"min_clear_ft":13.3,"downhill":0,"span_class":"Medium yarder"},"geometry":{"type":"LineString","coordinates":[[-120.64395,39.74512],[-120.64582,39.74927]]}},{"type":"Feature","properties":{"unit_id":103,"landing_id":5,"span_ft":713.0,"deflection_pct":9.6,"min_clear_ft":26.3,"downhill":0,"span_class":"Small yarder"},"geometry":{"type":"LineString","coordinates":[[-120.64472,39.74892],[-120.64251,39.74987]]}},{"type":"Feature","properties":{"unit_id":103,"landing_id":5,"span_ft":368.0,"deflection_pct":8.9,"min_clear_ft":11.9,"downhill":1,"span_class":"Small yarder"},"geometry":{"type":"LineString","coordinates":[[-120.64472,39.74892],[-120.64586,39.74842]]}},{"type":"Feature","properties":{"unit_id":103,"landing_id":5,"span_ft":375.0,"deflection_pct":8.4,"min_clear_ft":11.0,"downhill":1,"span_class":"Small yarder"},"geometry":{"type":"LineString","coordinates":[[-120.64472,39.74892],[-120.64598,39.74858]]}},{"type":"Feature","properties":{"unit_id":103,"landing_id":5,"span_ft":382.0,"deflection_pct":6.3,"min_clear_ft":10.8,"downhill":1,"span_class":"Small yarder"},"geometry":{"type":"LineString","coordinates":[[-120.64472,39.74892],[-120.64605,39.74911]]}},{"type":"Feature","properties":{"unit_id":103,"landing_id":5,"span_ft":370.0,"deflection_pct":7.5,"min_clear_ft":10.1,"downhill":1,"span_class":"Small yarder"},"geometry":{"type":"LineString","coordinates":[[-120.64472,39.74892],[-120.64595,39.74928]]}},{"type":"Feature","properties":{"unit_id":103,"landing_id":5,"span_ft":332.0,"deflection_pct":8.9,"min_clear_ft":11.1,"downhill":1,"span_class":"Small yarder"},"geometry":{"type":"LineString","coordinates":[[-120.64472,39.74892],[-120.64562,39.74951]]}},{"type":"Feature","properties":{"unit_id":103,"landing_id":5,"span_ft":355.0,"deflection_pct":9.3,"min_clear_ft":12.3,"downhill":1,"span_class":"Small yarder"},"geometry":{"type":"LineString","coordinates":[[-120.64472,39.74892],[-120.64552,39.74967]]}},{"type":"Feature","properties":{"unit_id":103,"landing_id":5,"span_ft":356.0,"deflection_pct":9.3,"min_clear_ft":11.8,"downhill":1,"span_class":"Small yarder"},"geometry":{"type":"LineString","coordinates":[[-120.64472,39.74892],[-120.64534,39.74977]]}},{"type":"Feature","properties":{"unit_id":103,"landing_id":6,"span_ft":957.0,"deflection_pct":7.1,"min_clear_ft":10.9,"downhill":1,"span_class":"Small yarder"},"geometry":{"type":"LineString","coordinates":[[-120.64396,39.74984],[-120.6406,39.75026]]}},{"type":"Feature","properties":{"unit_id":103,"landing_id":6,"span_ft":728.0,"deflection_pct":7.7,"min_clear_ft":11.2,"downhill":1,"span_class":"Small yarder"},"geometry":{"type":"LineString","coordinates":[[-120.64396,39.74984],[-120.6427,39.7481]]}},{"type":"Feature","properties":{"unit_id":103,"landing_id":6,"span_ft":762.0,"deflection_pct":7.1,"min_clear_ft":11.1,"downhill":1,"span_class":"Small yarder"},"geometry":{"type":"LineString","coordinates":[[-120.64396,39.74984],[-120.64307,39.74787]]}},{"type":"Feature","properties":{"unit_id":103,"landing_id":6,"span_ft":887.0,"deflection_pct":6.4,"min_clear_ft":10.2,"downhill":1,"span_class":"Small yarder"},"geometry":{"type":"LineString","coordinates":[[-120.64396,39.74984],[-120.64602,39.748]]}},{"type":"Feature","properties":{"unit_id":103,"landing_id":6,"span_ft":733.0,"deflection_pct":6.6,"min_clear_ft":11.3,"downhill":1,"span_class":"Small yarder"},"geometry":{"type":"LineString","coordinates":[[-120.64396,39.74984],[-120.64598,39.74857]]}},{"type":"Feature","properties":{"unit_id":103,"landing_id":6,"span_ft":496.0,"deflection_pct":7.6,"min_clear_ft":10.9,"downhill":1,"span_class":"Small yarder"},"geometry":{"type":"LineString","coordinates":[[-120.64396,39.74984],[-120.64562,39.7494]]}},{"type":"Feature","properties":{"unit_id":103,"landing_id":6,"span_ft":363.0,"deflection_pct":10.4,"min_clear_ft":10.9,"downhill":1,"span_class":"Small yarder"},"geometry":{"type":"LineString","coordinates":[[-120.64396,39.74984],[-120.64523,39.74968]]}},{"type":"Feature","properties":{"unit_id":103,"landing_id":6,"span_ft":350.0,"deflection_pct":11.2,"min_clear_ft":12.5,"downhill":1,"span_class":"Small yarder"},"geometry":{"type":"LineString","coordinates":[[-120.64396,39.74984],[-120.6452,39.74986]]}},{"type":"Feature","properties":{"unit_id":103,"landing_id":6,"span_ft":346.0,"deflection_pct":11.3,"min_clear_ft":13.4,"downhill":1,"span_class":"Small yarder"},"geometry":{"type":"LineString","coordinates":[[-120.64396,39.74984],[-120.64516,39.75002]]}},{"type":"Feature","properties":{"unit_id":103,"landing_id":6,"span_ft":295.0,"deflection_pct":11.9,"min_clear_ft":13.8,"downhill":1,"span_class":"Small yarder"},"geometry":{"type":"LineString","coordinates":[[-120.64396,39.74984],[-120.64494,39.75013]]}},{"type":"Feature","properties":{"unit_id":103,"landing_id":6,"span_ft":289.0,"deflection_pct":13.0,"min_clear_ft":13.6,"downhill":1,"span_class":"Small yarder"},"geometry":{"type":"LineString","coordinates":[[-120.64396,39.74984],[-120.64484,39.75025]]}},{"type":"Feature","properties":{"unit_id":103,"landing_id":7,"span_ft":768.0,"deflection_pct":10.2,"min_clear_ft":10.6,"downhill":1,"span_class":"Small yarder"},"geometry":{"type":"LineString","coordinates":[[-120.64318,39.75076],[-120.64112,39.74938]]}},{"type":"Feature","properties":{"unit_id":103,"landing_id":7,"span_ft":782.0,"deflection_pct":10.5,"min_clear_ft":10.2,"downhill":1,"span_class":"Small yarder"},"geometry":{"type":"LineString","coordinates":[[-120.64318,39.75076],[-120.64143,39.74909]]}},{"type":"Feature","properties":{"unit_id":103,"landing_id":7,"span_ft":988.0,"deflection_pct":13.0,"min_clear_ft":10.6,"downhill":1,"span_class":"Small yarder"},"geometry":{"type":"LineString","coordinates":[[-120.64318,39.75076],[-120.64263,39.74808]]}},{"type":"Feature","properties":{"unit_id":103,"landing_id":7,"span_ft":1136.0,"deflection_pct":6.3,"min_clear_ft":12.8,"downhill":1,"span_class":"Medium yarder"},"geometry":{"type":"LineString","coordinates":[[-120.64318,39.75076],[-120.64583,39.7484]]}},{"type":"Feature","properties":{"unit_id":103,"landing_id":7,"span_ft":455.0,"deflection_pct":7.8,"min_clear_ft":12.8,"downhill":1,"span_class":"Small yarder"},"geometry":{"type":"LineString","coordinates":[[-120.64318,39.75076],[-120.64471,39.75035]]}},{"type":"Feature","properties":{"unit_id":103,"landing_id":7,"span_ft":653.0,"deflection_pct":6.3,"min_clear_ft":11.6,"downhill":1,"span_class":"Small yarder"},"geometry":{"type":"LineString","coordinates":[[-120.64318,39.75076],[-120.64548,39.75047]]}},{"type":"Feature","properties":{"unit_id":103,"landing_id":7,"span_ft":615.0,"deflection_pct":6.5,"min_clear_ft":11.7,"downhill":1,"span_class":"Small yarder"},"geometry":{"type":"LineString","coordinates":[[-120.64318,39.75076],[-120.64537,39.75078]]}},{"type":"Feature","properties":{"unit_id":103,"landing_id":8,"span_ft":932.0,"deflection_pct":14.6,"min_clear_ft":10.4,"downhill":1,"span_class":"Small yarder"},"geometry":{"type":"LineString","coordinates":[[-120.64283,39.75182],[-120.64074,39.74984]]}},{"type":"Feature","properties":{"unit_id":103,"landing_id":8,"span_ft":999.0,"deflection_pct":16.0,"min_clear_ft":10.9,"downhill":1,"span_class":"Small yarder"},"geometry":{"type":"LineString","coordinates":[[-120.64283,39.75182],[-120.6411,39.74943]]}},{"type":"Feature","properties":{"unit_id":103,"landing_id":8,"span_ft":1082.0,"deflection_pct":15.5,"min_clear_ft":11.2,"downhill":1,"span_class":"Medium yarder"},"geometry":{"type":"LineString","coordinates":[[-120.64283,39.75182],[-120.64157,39.74901]]}},{"type":"Feature","properties":{"unit_id":103,"landing_id":9,"span_ft":606.0,"deflection_pct":6.3,"min_clear_ft":10.7,"downhill":0,"span_class":"Small yarder"},"geometry":{"type":"LineString","coordinates":[[-120.64273,39.75292],[-120.64162,39.75434]]}},{"type":"Feature","properties":{"unit_id":103,"landing_id":9,"span_ft":1351.0,"deflection_pct":6.8,"min_clear_ft":11.1,"downhill":1,"span_class":"Medium yarder"},"geometry":{"type":"LineString","coordinates":[[-120.64273,39.75292],[-120.64115,39.74941]]}},{"type":"Feature","properties":{"unit_id":103,"landing_id":10,"span_ft":236.0,"deflection_pct":12.9,"min_clear_ft":10.9,"downhill":1,"span_class":"Small yarder"},"geometry":{"type":"LineString","coordinates":[[-120.64263,39.75401],[-120.64262,39.75466]]}},{"type":"Feature","properties":{"unit_id":103,"landing_id":10,"span_ft":228.0,"deflection_pct":13.9,"min_clear_ft":11.6,"downhill":1,"span_class":"Small yarder"},"geometry":{"type":"LineString","coordinates":[[-120.64263,39.75401],[-120.64248,39.75463]]}},{"type":"Feature","properties":{"unit_id":103,"landing_id":10,"span_ft":225.0,"deflection_pct":11.9,"min_clear_ft":11.7,"downhill":0,"span_class":"Small yarder"},"geometry":{"type":"LineString","coordinates":[[-120.64263,39.75401],[-120.64234,39.75459]]}},{"type":"Feature","properties":{"unit_id":103,"landing_id":10,"span_ft":226.0,"deflection_pct":12.3,"min_clear_ft":11.2,"downhill":0,"span_class":"Small yarder"},"geometry":{"type":"LineString","coordinates":[[-120.64263,39.75401],[-120.64222,39.75454]]}},{"type":"Feature","properties":{"unit_id":103,"landing_id":10,"span_ft":231.0,"deflection_pct":11.8,"min_clear_ft":11.3,"downhill":0,"span_class":"Small yarder"},"geometry":{"type":"LineString","coordinates":[[-120.64263,39.75401],[-120.64209,39.75449]]}},{"type":"Feature","properties":{"unit_id":103,"landing_id":10,"span_ft":241.0,"deflection_pct":11.8,"min_clear_ft":12.6,"downhill":0,"span_class":"Small yarder"},"geometry":{"type":"LineString","coordinates":[[-120.64263,39.75401],[-120.64197,39.75443]]}},{"type":"Feature","properties":{"unit_id":103,"landing_id":10,"span_ft":257.0,"deflection_pct":11.5,"min_clear_ft":12.6,"downhill":0,"span_class":"Small yarder"},"geometry":{"type":"LineString","coordinates":[[-120.64263,39.75401],[-120.64183,39.75436]]}},{"type":"Feature","properties":{"unit_id":103,"landing_id":10,"span_ft":284.0,"deflection_pct":9.5,"min_clear_ft":12.5,"downhill":0,"span_class":"Small yarder"},"geometry":{"type":"LineString","coordinates":[[-120.64263,39.75401],[-120.64167,39.75427]]}},{"type":"Feature","properties":{"unit_id":103,"landing_id":10,"span_ft":331.0,"deflection_pct":6.6,"min_clear_ft":10.3,"downhill":0,"span_class":"Small yarder"},"geometry":{"type":"LineString","coordinates":[[-120.64263,39.75401],[-120.64147,39.75416]]}},{"type":"Feature","properties":{"unit_id":103,"landing_id":10,"span_ft":668.0,"deflection_pct":7.0,"min_clear_ft":12.0,"downhill":0,"span_class":"Small yarder"},"geometry":{"type":"LineString","coordinates":[[-120.64263,39.75401],[-120.6403,39.75367]]}},{"type":"Feature","properties":{"unit_id":103,"landing_id":10,"span_ft":1546.0,"deflection_pct":7.3,"min_clear_ft":11.3,"downhill":1,"span_class":"Medium yarder"},"geometry":{"type":"LineString","coordinates":[[-120.64263,39.75401],[-120.64083,39.75]]}},{"type":"Feature","properties":{"unit_id":103,"landing_id":10,"span_ft":1835.0,"deflection_pct":6.5,"min_clear_ft":11.5,"downhill":1,"span_class":"Long-span yarder"},"geometry":{"type":"LineString","coordinates":[[-120.64263,39.75401],[-120.64159,39.74904]]}},{"type":"Feature","properties":{"unit_id":103,"landing_id":10,"span_ft":522.0,"deflection_pct":7.1,"min_clear_ft":10.9,"downhill":1,"span_class":"Small yarder"},"geometry":{"type":"LineString","coordinates":[[-120.64263,39.75401],[-120.64407,39.75311]]}},{"type":"Feature","properties":{"unit_id":103,"landing_id":10,"span_ft":311.0,"deflection_pct":10.4,"min_clear_ft":10.1,"downhill":1,"span_class":"Small yarder"},"geometry":{"type":"LineString","coordinates":[[-120.64263,39.75401],[-120.64368,39.75373]]}},{"type":"Feature","properties":{"unit_id":103,"landing_id":10,"span_ft":250.0,"deflection_pct":8.3,"min_clear_ft":10.3,"downhill":1,"span_class":"Small yarder"},"geometry":{"type":"LineString","coordinates":[[-120.64263,39.75401],[-120.64292,39.75466]]}},{"type":"Feature","properties":{"unit_id":104,"landing_id":2,"span_ft":635.0,"deflection_pct":7.4,"min_clear_ft":11.8,"downhill":0,"span_class":"Small yarder"},"geometry":{"type":"LineString","coordinates":[[-120.64229,39.75448],[-120.64035,39.75358]]}},{"type":"Feature","properties":{"unit_id":104,"landing_id":2,"span_ft":332.0,"deflection_pct":6.3,"min_clear_ft":11.7,"downhill":0,"span_class":"Small yarder"},"geometry":{"type":"LineString","coordinates":[[-120.64229,39.75448],[-120.64139,39.75388]]}},{"type":"Feature","properties":{"unit_id":104,"landing_id":2,"span_ft":251.0,"deflection_pct":7.0,"min_clear_ft":10.6,"downhill":0,"span_class":"Small yarder"},"geometry":{"type":"LineString","coordinates":[[-120.64229,39.75448],[-120.64172,39.75394]]}},{"type":"Feature","properties":{"unit_id":104,"landing_id":2,"span_ft":215.0,"deflection_pct":9.6,"min_clear_ft":12.5,"downhill":0,"span_class":"Small yarder"},"geometry":{"type":"LineString","coordinates":[[-120.64229,39.75448],[-120.64192,39.75396]]}},{"type":"Feature","properties":{"unit_id":104,"landing_id":2,"span_ft":204.0,"deflection_pct":15.6,"min_clear_ft":11.9,"downhill":1,"span_class":"Small yarder"},"geometry":{"type":"LineString","coordinates":[[-120.64229,39.75448],[-120.64297,39.7543]]}},{"type":"Feature","properties":{"unit_id":104,"landing_id":2,"span_ft":223.0,"deflection_pct":12.6,"min_clear_ft":10.5,"downhill":1,"span_class":"Small yarder"},"geometry":{"type":"LineString","coordinates":[[-120.64229,39.75448],[-120.64307,39.75438]]}},{"type":"Feature","properties":{"unit_id":104,"landing_id":3,"span_ft":247.0,"deflection_pct":8.8,"min_clear_ft":11.0,"downhill":1,"span_class":"Small yarder"},"geometry":{"type":"LineString","coordinates":[[-120.64136,39.75531],[-120.64219,39.75509]]}},{"type":"Feature","properties":{"unit_id":104,"landing_id":7,"span_ft":339.0,"deflection_pct":7.7,"min_clear_ft":11.8,"downhill":0,"span_class":"Small yarder"},"geometry":{"type":"LineString","coordinates":[[-120.63708,39.75813],[-120.63603,39.75859]]}},{"type":"Feature","properties":{"unit_id":104,"landing_id":7,"span_ft":321.0,"deflection_pct":8.9,"min_clear_ft":11.1,"downhill":0,"span_class":"Small yarder"},"geometry":{"type":"LineString","coordinates":[[-120.63708,39.75813],[-120.636,39.75842]]}},{"type":"Feature","properties":{"unit_id":104,"landing_id":7,"span_ft":312.0,"deflection_pct":10.8,"min_clear_ft":11.2,"downhill":0,"span_class":"Small yarder"},"geometry":{"type":"LineString","coordinates":[[-120.63708,39.75813],[-120.63599,39.75827]]}},{"type":"Feature","properties":{"unit_id":104,"landing_id":7,"span_ft":309.0,"deflection_pct":11.1,"min_clear_ft":11.6,"downhill":0,"span_class":"Small yarder"},"geometry":{"type":"LineString","coordinates":[[-120.63708,39.75813],[-120.63598,39.75812]]}},{"type":"Feature","properties":{"unit_id":104,"landing_id":7,"span_ft":313.0,"deflection_pct":10.7,"min_clear_ft":12.0,"downhill":0,"span_class":"Small yarder"},"geometry":{"type":"LineString","coordinates":[[-120.63708,39.75813],[-120.63599,39.75797]]}},{"type":"Feature","properties":{"unit_id":104,"landing_id":7,"span_ft":324.0,"deflection_pct":10.7,"min_clear_ft":12.3,"downhill":0,"span_class":"Small yarder"},"geometry":{"type":"LineString","coordinates":[[-120.63708,39.75813],[-120.63601,39.75782]]}},{"type":"Feature","properties":{"unit_id":104,"landing_id":7,"span_ft":344.0,"deflection_pct":9.5,"min_clear_ft":11.5,"downhill":0,"span_class":"Small yarder"},"geometry":{"type":"LineString","coordinates":[[-120.63708,39.75813],[-120.63603,39.75765]]}},{"type":"Feature","properties":{"unit_id":104,"landing_id":7,"span_ft":377.0,"deflection_pct":8.0,"min_clear_ft":11.1,"downhill":0,"span_class":"Small yarder"},"geometry":{"type":"LineString","coordinates":[[-120.63708,39.75813],[-120.63607,39.75746]]}},{"type":"Feature","properties":{"unit_id":104,"landing_id":7,"span_ft":432.0,"deflection_pct":7.3,"min_clear_ft":11.5,"downhill":1,"span_class":"Small yarder"},"geometry":{"type":"LineString","coordinates":[[-120.63708,39.75813],[-120.63611,39.75721]]}},{"type":"Feature","properties":{"unit_id":104,"landing_id":7,"span_ft":530.0,"deflection_pct":6.6,"min_clear_ft":11.6,"downhill":1,"span_class":"Small yarder"},"geometry":{"type":"LineString","coordinates":[[-120.63708,39.75813],[-120.63616,39.75686]]}},{"type":"Feature","properties":{"unit_id":402,"landing_id":2,"span_ft":681.0,"deflection_pct":10.8,"min_clear_ft":10.1,"downhill":0,"span_class":"Small yarder"},"geometry":{"type":"LineString","coordinates":[[-120.64505,39.74443],[-120.64502,39.7463]]}},{"type":"Feature","properties":{"unit_id":402,"landing_id":2,"span_ft":363.0,"deflection_pct":12.4,"min_clear_ft":20.3,"downhill":0,"span_class":"Small yarder"},"geometry":{"type":"LineString","coordinates":[[-120.64505,39.74443],[-120.64526,39.74541]]}},{"type":"Feature","properties":{"unit_id":402,"landing_id":2,"span_ft":390.0,"deflection_pct":11.5,"min_clear_ft":15.0,"downhill":0,"span_class":"Small yarder"},"geometry":{"type":"LineString","coordinates":[[-120.64505,39.74443],[-120.64515,39.7455]]}},{"type":"Feature","properties":{"unit_id":402,"landing_id":3,"span_ft":300.0,"deflection_pct":11.0,"min_clear_ft":14.7,"downhill":0,"span_class":"Small yarder"},"geometry":{"type":"LineString","coordinates":[[-120.64455,39.74481],[-120.64546,39.74524]]}},{"type":"Feature","properties":{"unit_id":402,"landing_id":3,"span_ft":320.0,"deflection_pct":12.7,"min_clear_ft":14.9,"downhill":0,"span_class":"Small yarder"},"geometry":{"type":"LineString","coordinates":[[-120.64455,39.74481],[-120.64547,39.74533]]}},{"type":"Feature","properties":{"unit_id":402,"landing_id":3,"span_ft":321.0,"deflection_pct":16.0,"min_clear_ft":18.0,"downhill":0,"span_class":"Small yarder"},"geometry":{"type":"LineString","coordinates":[[-120.64455,39.74481],[-120.64541,39.74539]]}},{"type":"Feature","properties":{"unit_id":402,"landing_id":3,"span_ft":323.0,"deflection_pct":16.7,"min_clear_ft":12.0,"downhill":0,"span_class":"Small yarder"},"geometry":{"type":"LineString","coordinates":[[-120.64455,39.74481],[-120.64535,39.74545]]}},{"type":"Feature","properties":{"unit_id":402,"landing_id":3,"span_ft":328.0,"deflection_pct":18.0,"min_clear_ft":12.6,"downhill":0,"span_class":"Small yarder"},"geometry":{"type":"LineString","coordinates":[[-120.64455,39.74481],[-120.64528,39.74551]]}},{"type":"Feature","properties":{"unit_id":402,"landing_id":3,"span_ft":334.0,"deflection_pct":18.6,"min_clear_ft":11.7,"downhill":0,"span_class":"Small yarder"},"geometry":{"type":"LineString","coordinates":[[-120.64455,39.74481],[-120.64521,39.74557]]}},{"type":"Feature","properties":{"unit_id":402,"landing_id":3,"span_ft":343.0,"deflection_pct":17.9,"min_clear_ft":13.8,"downhill":0,"span_class":"Small yarder"},"geometry":{"type":"LineString","coordinates":[[-120.64455,39.74481],[-120.64514,39.74564]]}},{"type":"Feature","properties":{"unit_id":402,"landing_id":3,"span_ft":355.0,"deflection_pct":17.6,"min_clear_ft":15.5,"downhill":0,"span_class":"Small yarder"},"geometry":{"type":"LineString","coordinates":[[-120.64455,39.74481],[-120.64506,39.7457]]}},{"type":"Feature","properties":{"unit_id":402,"landing_id":3,"span_ft":529.0,"deflection_pct":15.1,"min_clear_ft":11.5,"downhill":0,"span_class":"Small yarder"},"geometry":{"type":"LineString","coordinates":[[-120.64455,39.74481],[-120.64516,39.74618]]}},{"type":"Feature","properties":{"unit_id":402,"landing_id":3,"span_ft":608.0,"deflection_pct":12.9,"min_clear_ft":12.0,"downhill":0,"span_class":"Small yarder"},"geometry":{"type":"LineString","coordinates":[[-120.64455,39.74481],[-120.64507,39.74643]]}},{"type":"Feature","properties":{"unit_id":402,"landing_id":3,"span_ft":805.0,"deflection_pct":7.6,"min_clear_ft":11.8,"downhill":0,"span_class":"Small yarder"},"geometry":{"type":"LineString","coordinates":[[-120.64455,39.74481],[-120.645,39.747]]}},{"type":"Feature","properties":{"unit_id":402,"landing_id":4,"span_ft":424.0,"deflection_pct":7.5,"min_clear_ft":12.1,"downhill":0,"span_class":"Small yarder"},"geometry":{"type":"LineString","coordinates":[[-120.64395,39.74512],[-120.64546,39.74503]]}},{"type":"Feature","properties":{"unit_id":402,"landing_id":4,"span_ft":435.0,"deflection_pct":7.0,"min_clear_ft":12.4,"downhill":0,"span_class":"Small yarder"},"geometry":{"type":"LineString","coordinates":[[-120.64395,39.74512],[-120.64549,39.74524]]}},{"type":"Feature","properties":{"unit_id":402,"landing_id":4,"span_ft":421.0,"deflection_pct":7.8,"min_clear_ft":15.5,"downhill":0,"span_class":"Small yarder"},"geometry":{"type":"LineString","coordinates":[[-120.64395,39.74512],[-120.64542,39.74533]]}},{"type":"Feature","properties":{"unit_id":402,"landing_id":4,"span_ft":410.0,"deflection_pct":9.5,"min_clear_ft":11.7,"downhill":0,"span_class":"Small yarder"},"geometry":{"type":"LineString","coordinates":[[-120.64395,39.74512],[-120.64535,39.74542]]}},{"type":"Feature","properties":{"unit_id":402,"landing_id":4,"span_ft":401.0,"deflection_pct":10.1,"min_clear_ft":12.2,"downhill":0,"span_class":"Small yarder"},"geometry":{"type":"LineString","coordinates":[[-120.64395,39.74512],[-120.64529,39.74551]]}},{"type":"Feature","properties":{"unit_id":402,"landing_id":4,"span_ft":396.0,"deflection_pct":11.0,"min_clear_ft":12.7,"downhill":0,"span_class":"Small yarder"},"geometry":{"type":"LineString","coordinates":[[-120.64395,39.74512],[-120.64522,39.74559]]}},{"type":"Feature","properties":{"unit_id":402,"landing_id":4,"span_ft":393.0,"deflection_pct":10.6,"min_clear_ft":13.9,"downhill":0,"span_class":"Small yarder"},"geometry":{"type":"LineString","coordinates":[[-120.64395,39.74512],[-120.64515,39.74567]]}},{"type":"Feature","properties":{"unit_id":402,"landing_id":4,"span_ft":430.0,"deflection_pct":12.5,"min_clear_ft":11.5,"downhill":0,"span_class":"Small yarder"},"geometry":{"type":"LineString","coordinates":[[-120.64395,39.74512],[-120.64519,39.74581]]}},{"type":"Feature","properties":{"unit_id":402,"landing_id":4,"span_ft":493.0,"deflection_pct":15.4,"min_clear_ft":13.9,"downhill":0,"span_class":"Small yarder"},"geometry":{"type":"LineString","coordinates":[[-120.64395,39.74512],[-120.64528,39.746]]}},{"type":"Feature","properties":{"unit_id":402,"landing_id":4,"span_ft":536.0,"deflection_pct":13.9,"min_clear_ft":12.4,"downhill":0,"span_class":"Small yarder"},"geometry":{"type":"LineString","coordinates":[[-120.64395,39.74512],[-120.64528,39.74617]]}},{"type":"Feature","properties":{"unit_id":402,"landing_id":4,"span_ft":567.0,"deflection_pct":10.6,"min_clear_ft":11.8,"downhill":0,"span_class":"Small yarder"},"geometry":{"type":"LineString","coordinates":[[-120.64395,39.74512],[-120.64522,39.74632]]}},{"type":"Feature","properties":{"unit_id":402,"landing_id":4,"span_ft":606.0,"deflection_pct":7.1,"min_clear_ft":11.9,"downhill":0,"span_class":"Small yarder"},"geometry":{"type":"LineString","coordinates":[[-120.64395,39.74512],[-120.64516,39.74649]]}},{"type":"Feature","properties":{"unit_id":402,"landing_id":7,"span_ft":855.0,"deflection_pct":10.3,"min_clear_ft":11.5,"downhill":0,"span_class":"Small yarder"},"geometry":{"type":"LineString","coordinates":[[-120.64472,39.74892],[-120.64185,39.74969]]}},{"type":"Feature","properties":{"unit_id":402,"landing_id":7,"span_ft":839.0,"deflection_pct":8.8,"min_clear_ft":11.3,"downhill":1,"span_class":"Small yarder"},"geometry":{"type":"LineString","coordinates":[[-120.64472,39.74892],[-120.64183,39.74948]]}},{"type":"Feature","properties":{"unit_id":402,"landing_id":7,"span_ft":795.0,"deflection_pct":7.5,"min_clear_ft":12.3,"downhill":1,"span_class":"Small yarder"},"geometry":{"type":"LineString","coordinates":[[-120.64472,39.74892],[-120.64193,39.74926]]}},{"type":"Feature","properties":{"unit_id":402,"landing_id":7,"span_ft":490.0,"deflection_pct":9.0,"min_clear_ft":11.4,"downhill":0,"span_class":"Small yarder"},"geometry":{"type":"LineString","coordinates":[[-120.64472,39.74892],[-120.64298,39.74901]]}},{"type":"Feature","properties":{"unit_id":402,"landing_id":7,"span_ft":400.0,"deflection_pct":17.9,"min_clear_ft":11.2,"downhill":0,"span_class":"Small yarder"},"geometry":{"type":"LineString","coordinates":[[-120.64472,39.74892],[-120.6433,39.7489]]}},{"type":"Feature","properties":{"unit_id":402,"landing_id":7,"span_ft":395.0,"deflection_pct":16.9,"min_clear_ft":10.3,"downhill":1,"span_class":"Small yarder"},"geometry":{"type":"LineString","coordinates":[[-120.64472,39.74892],[-120.64332,39.74881]]}},{"type":"Feature","properties":{"unit_id":402,"landing_id":7,"span_ft":392.0,"deflection_pct":19.2,"min_clear_ft":11.6,"downhill":1,"span_class":"Small yarder"},"geometry":{"type":"LineString","coordinates":[[-120.64472,39.74892],[-120.64335,39.74871]]}},{"type":"Feature","properties":{"unit_id":402,"landing_id":7,"span_ft":392.0,"deflection_pct":17.8,"min_clear_ft":11.4,"downhill":1,"span_class":"Small yarder"},"geometry":{"type":"LineString","coordinates":[[-120.64472,39.74892],[-120.64338,39.74862]]}},{"type":"Feature","properties":{"unit_id":402,"landing_id":7,"span_ft":393.0,"deflection_pct":18.1,"min_clear_ft":11.4,"downhill":1,"span_class":"Small yarder"},"geometry":{"type":"LineString","coordinates":[[-120.64472,39.74892],[-120.64341,39.74853]]}},{"type":"Feature","properties":{"unit_id":402,"landing_id":7,"span_ft":397.0,"deflection_pct":17.6,"min_clear_ft":11.2,"downhill":1,"span_class":"Small yarder"},"geometry":{"type":"LineString","coordinates":[[-120.64472,39.74892],[-120.64345,39.74844]]}},{"type":"Feature","properties":{"unit_id":402,"landing_id":7,"span_ft":404.0,"deflection_pct":18.0,"min_clear_ft":11.6,"downhill":1,"span_class":"Small yarder"},"geometry":{"type":"LineString","coordinates":[[-120.64472,39.74892],[-120.64349,39.74835]]}},{"type":"Feature","properties":{"unit_id":402,"landing_id":7,"span_ft":413.0,"deflection_pct":16.8,"min_clear_ft":11.6,"downhill":1,"span_class":"Small yarder"},"geometry":{"type":"LineString","coordinates":[[-120.64472,39.74892],[-120.64353,39.74825]]}},{"type":"Feature","properties":{"unit_id":402,"landing_id":7,"span_ft":427.0,"deflection_pct":16.9,"min_clear_ft":13.8,"downhill":1,"span_class":"Small yarder"},"geometry":{"type":"LineString","coordinates":[[-120.64472,39.74892],[-120.64357,39.74815]]}},{"type":"Feature","properties":{"unit_id":402,"landing_id":7,"span_ft":459.0,"deflection_pct":16.3,"min_clear_ft":11.8,"downhill":1,"span_class":"Small yarder"},"geometry":{"type":"LineString","coordinates":[[-120.64472,39.74892],[-120.64358,39.74801]]}},{"type":"Feature","properties":{"unit_id":402,"landing_id":7,"span_ft":501.0,"deflection_pct":16.3,"min_clear_ft":10.5,"downhill":1,"span_class":"Small yarder"},"geometry":{"type":"LineString","coordinates":[[-120.64472,39.74892],[-120.6436,39.74785]]}},{"type":"Feature","properties":{"unit_id":402,"landing_id":7,"span_ft":558.0,"deflection_pct":15.8,"min_clear_ft":12.1,"downhill":1,"span_class":"Small yarder"},"geometry":{"type":"LineString","coordinates":[[-120.64472,39.74892],[-120.64361,39.74765]]}},{"type":"Feature","properties":{"unit_id":402,"landing_id":7,"span_ft":640.0,"deflection_pct":14.8,"min_clear_ft":12.9,"downhill":1,"span_class":"Small yarder"},"geometry":{"type":"LineString","coordinates":[[-120.64472,39.74892],[-120.64361,39.74738]]}},{"type":"Feature","properties":{"unit_id":402,"landing_id":7,"span_ft":856.0,"deflection_pct":12.5,"min_clear_ft":12.2,"downhill":1,"span_class":"Small yarder"},"geometry":{"type":"LineString","coordinates":[[-120.64472,39.74892],[-120.64372,39.7467]]}},{"type":"Feature","properties":{"unit_id":402,"landing_id":7,"span_ft":1099.0,"deflection_pct":6.6,"min_clear_ft":10.7,"downhill":1,"span_class":"Medium yarder"},"geometry":{"type":"LineString","coordinates":[[-120.64472,39.74892],[-120.6441,39.74594]]}},{"type":"Feature","properties":{"unit_id":402,"landing_id":8,"span_ft":1072.0,"deflection_pct":7.8,"min_clear_ft":10.3,"downhill":0,"span_class":"Medium yarder"},"geometry":{"type":"LineString","coordinates":[[-120.64434,39.74938],[-120.64074,39.75034]]}},{"type":"Feature","properties":{"unit_id":402,"landing_id":8,"span_ft":731.0,"deflection_pct":14.4,"min_clear_ft":11.6,"downhill":0,"span_class":"Small yarder"},"geometry":{"type":"LineString","coordinates":[[-120.64434,39.74938],[-120.64182,39.74987]]}},{"type":"Feature","properties":{"unit_id":402,"landing_id":8,"span_ft":713.0,"deflection_pct":14.9,"min_clear_ft":11.7,"downhill":1,"span_class":"Small yarder"},"geometry":{"type":"LineString","coordinates":[[-120.64434,39.74938],[-120.64184,39.74969]]}},{"type":"Feature","properties":{"unit_id":402,"landing_id":8,"span_ft":709.0,"deflection_pct":15.8,"min_clear_ft":11.7,"downhill":1,"span_class":"Small yarder"},"geometry":{"type":"LineString","coordinates":[[-120.64434,39.74938],[-120.64182,39.74952]]}},{"type":"Feature","properties":{"unit_id":402,"landing_id":8,"span_ft":710.0,"deflection_pct":15.2,"min_clear_ft":10.4,"downhill":1,"span_class":"Small yarder"},"geometry":{"type":"LineString","coordinates":[[-120.64434,39.74938],[-120.64182,39.74935]]}},{"type":"Feature","properties":{"unit_id":402,"landing_id":8,"span_ft":680.0,"deflection_pct":13.9,"min_clear_ft":12.8,"downhill":1,"span_class":"Small yarder"},"geometry":{"type":"LineString","coordinates":[[-120.64434,39.74938],[-120.64193,39.74919]]}},{"type":"Feature","properties":{"unit_id":402,"landing_id":8,"span_ft":577.0,"deflection_pct":13.1,"min_clear_ft":12.8,"downhill":1,"span_class":"Small yarder"},"geometry":{"type":"LineString","coordinates":[[-120.64434,39.74938],[-120.64232,39.74908]]}},{"type":"Feature","properties":{"unit_id":402,"landing_id":8,"span_ft":506.0,"deflection_pct":12.0,"min_clear_ft":12.5,"downhill":1,"span_class":"Small yarder"},"geometry":{"type":"LineString","coordinates":[[-120.64434,39.74938],[-120.64261,39.749]]}},{"type":"Feature","properties":{"unit_id":402,"landing_id":8,"span_ft":456.0,"deflection_pct":10.0,"min_clear_ft":11.8,"downhill":1,"span_class":"Small yarder"},"geometry":{"type":"LineString","coordinates":[[-120.64434,39.74938],[-120.64282,39.74893]]}},{"type":"Feature","properties":{"unit_id":402,"landing_id":8,"span_ft":419.0,"deflection_pct":10.7,"min_clear_ft":12.6,"downhill":1,"span_class":"Small yarder"},"geometry":{"type":"LineString","coordinates":[[-120.64434,39.74938],[-120.643,39.74888]]}},{"type":"Feature","properties":{"unit_id":402,"landing_id":8,"span_ft":390.0,"deflection_pct":11.7,"min_clear_ft":10.9,"downhill":1,"span_class":"Small yarder"},"geometry":{"type":"LineString","coordinates":[[-120.64434,39.74938],[-120.64315,39.74883]]}},{"type":"Feature","properties":{"unit_id":402,"landing_id":8,"span_ft":369.0,"deflection_pct":13.4,"min_clear_ft":11.1,"downhill":1,"span_class":"Small yarder"},"geometry":{"type":"LineString","coordinates":[[-120.64434,39.74938],[-120.64328,39.74879]]}},{"type":"Feature","properties":{"unit_id":402,"landing_id":8,"span_ft":357.0,"deflection_pct":14.7,"min_clear_ft":11.0,"downhill":1,"span_class":"Small yarder"},"geometry":{"type":"LineString","coordinates":[[-120.64434,39.74938],[-120.64338,39.74874]]}},{"type":"Feature","properties":{"unit_id":402,"landing_id":8,"span_ft":369.0,"deflection_pct":14.9,"min_clear_ft":11.4,"downhill":1,"span_class":"Small yarder"},"geometry":{"type":"LineString","coordinates":[[-120.64434,39.74938],[-120.64342,39.74865]]}},{"type":"Feature","properties":{"unit_id":402,"landing_id":8,"span_ft":385.0,"deflection_pct":13.7,"min_clear_ft":11.9,"downhill":1,"span_class":"Small yarder"},"geometry":{"type":"LineString","coordinates":[[-120.64434,39.74938],[-120.64347,39.74856]]}},{"type":"Feature","properties":{"unit_id":402,"landing_id":8,"span_ft":406.0,"deflection_pct":13.6,"min_clear_ft":10.9,"downhill":1,"span_class":"Small yarder"},"geometry":{"type":"LineString","coordinates":[[-120.64434,39.74938],[-120.64353,39.74846]]}},{"type":"Feature","properties":{"unit_id":402,"landing_id":8,"span_ft":432.0,"deflection_pct":13.7,"min_clear_ft":10.9,"downhill":1,"span_class":"Small yarder"},"geometry":{"type":"LineString","coordinates":[[-120.64434,39.74938],[-120.64359,39.74834]]}},{"type":"Feature","properties":{"unit_id":402,"landing_id":8,"span_ft":467.0,"deflection_pct":14.6,"min_clear_ft":11.0,"downhill":1,"span_class":"Small yarder"},"geometry":{"type":"LineString","coordinates":[[-120.64434,39.74938],[-120.64366,39.74821]]}},{"type":"Feature","properties":{"unit_id":402,"landing_id":8,"span_ft":531.0,"deflection_pct":12.7,"min_clear_ft":13.1,"downhill":1,"span_class":"Small yarder"},"geometry":{"type":"LineString","coordinates":[[-120.64434,39.74938],[-120.64372,39.748]]}},{"type":"Feature","properties":{"unit_id":402,"landing_id":8,"span_ft":915.0,"deflection_pct":7.9,"min_clear_ft":10.2,"downhill":1,"span_class":"Small yarder"},"geometry":{"type":"LineString","coordinates":[[-120.64434,39.74938],[-120.64354,39.74694]]}},{"type":"Feature","properties":{"unit_id":402,"landing_id":8,"span_ft":992.0,"deflection_pct":8.8,"min_clear_ft":10.1,"downhill":1,"span_class":"Small yarder"},"geometry":{"type":"LineString","coordinates":[[-120.64434,39.74938],[-120.64378,39.74669]]}},{"type":"Feature","properties":{"unit_id":402,"landing_id":9,"span_ft":1027.0,"deflection_pct":7.7,"min_clear_ft":10.3,"downhill":0,"span_class":"Medium yarder"},"geometry":{"type":"LineString","coordinates":[[-120.64396,39.74984],[-120.64041,39.75053]]}},{"type":"Feature","properties":{"unit_id":402,"landing_id":9,"span_ft":892.0,"deflection_pct":8.5,"min_clear_ft":10.5,"downhill":1,"span_class":"Small yarder"},"geometry":{"type":"LineString","coordinates":[[-120.64396,39.74984],[-120.64082,39.75023]]}},{"type":"Feature","properties":{"unit_id":402,"landing_id":9,"span_ft":712.0,"deflection_pct":16.9,"min_clear_ft":12.3,"downhill":1,"span_class":"Small yarder"},"geometry":{"type":"LineString","coordinates":[[-120.64396,39.74984],[-120.64143,39.74998]]}},{"type":"Feature","properties":{"unit_id":402,"landing_id":9,"span_ft":607.0,"deflection_pct":17.9,"min_clear_ft":11.3,"downhill":1,"span_class":"Small yarder"},"geometry":{"type":"LineString","coordinates":[[-120.64396,39.74984],[-120.6418,39.74982]]}},{"type":"Feature","properties":{"unit_id":402,"landing_id":9,"span_ft":599.0,"deflection_pct":19.3,"min_clear_ft":12.5,"downhill":1,"span_class":"Small yarder"},"geometry":{"type":"LineString","coordinates":[[-120.64396,39.74984],[-120.64184,39.74967]]}},{"type":"Feature","properties":{"unit_id":402,"landing_id":9,"span_ft":607.0,"deflection_pct":20.2,"min_clear_ft":12.9,"downhill":1,"span_class":"Small yarder"},"geometry":{"type":"LineString","coordinates":[[-120.64396,39.74984],[-120.64183,39.74953]]}},{"type":"Feature","properties":{"unit_id":402,"landing_id":9,"span_ft":620.0,"deflection_pct":20.0,"min_clear_ft":11.9,"downhill":1,"span_class":"Small yarder"},"geometry":{"type":"LineString","coordinates":[[-120.64396,39.74984],[-120.64183,39.74938]]}},{"type":"Feature","properties":{"unit_id":402,"landing_id":9,"span_ft":632.0,"deflection_pct":20.1,"min_clear_ft":11.8,"downhill":1,"span_class":"Small yarder"},"geometry":{"type":"LineString","coordinates":[[-120.64396,39.74984],[-120.64186,39.74922]]}},{"type":"Feature","properties":{"unit_id":402,"landing_id":9,"span_ft":622.0,"deflection_pct":20.1,"min_clear_ft":12.7,"downhill":1,"span_class":"Small yarder"},"geometry":{"type":"LineString","coordinates":[[-120.64396,39.74984],[-120.64197,39.7491]]}},{"type":"Feature","properties":{"unit_id":402,"landing_id":9,"span_ft":578.0,"deflection_pct":21.0,"min_clear_ft":13.9,"downhill":1,"span_class":"Small yarder"},"geometry":{"type":"LineString","coordinates":[[-120.64396,39.74984],[-120.64219,39.74903]]}},{"type":"Feature","properties":{"unit_id":402,"landing_id":9,"span_ft":542.0,"deflection_pct":21.0,"min_clear_ft":12.3,"downhill":1,"span_class":"Small yarder"},"geometry":{"type":"LineString","coordinates":[[-120.64396,39.74984],[-120.64239,39.74897]]}},{"type":"Feature","properties":{"unit_id":402,"landing_id":9,"span_ft":514.0,"deflection_pct":20.9,"min_clear_ft":12.0,"downhill":1,"span_class":"Small yarder"},"geometry":{"type":"LineString","coordinates":[[-120.64396,39.74984],[-120.64257,39.74892]]}},{"type":"Feature","properties":{"unit_id":402,"landing_id":9,"span_ft":493.0,"deflection_pct":20.9,"min_clear_ft":11.4,"downhill":1,"span_class":"Small yarder"},"geometry":{"type":"LineString","coordinates":[[-120.64396,39.74984],[-120.64274,39.74887]]}},{"type":"Feature","properties":{"unit_id":402,"landing_id":9,"span_ft":476.0,"deflection_pct":20.7,"min_clear_ft":12.2,"downhill":1,"span_class":"Small yarder"},"geometry":{"type":"LineString","coordinates":[[-120.64396,39.74984],[-120.64289,39.74883]]}},{"type":"Feature","properties":{"unit_id":402,"landing_id":9,"span_ft":463.0,"deflection_pct":21.2,"min_clear_ft":13.2,"downhill":1,"span_class":"Small yarder"},"geometry":{"type":"LineString","coordinates":[[-120.64396,39.74984],[-120.64303,39.74879]]}},{"type":"Feature","properties":{"unit_id":402,"landing_id":9,"span_ft":454.0,"deflection_pct":19.7,"min_clear_ft":11.8,"downhill":1,"span_class":"Small yarder"},"geometry":{"type":"LineString","coordinates":[[-120.64396,39.74984],[-120.64317,39.74875]]}},{"type":"Feature","properties":{"unit_id":402,"landing_id":9,"span_ft":448.0,"deflection_pct":20.8,"min_clear_ft":12.0,"downhill":1,"span_class":"Small yarder"},"geometry":{"type":"LineString","coordinates":[[-120.64396,39.74984],[-120.6433,39.74872]]}},{"type":"Feature","properties":{"unit_id":402,"landing_id":9,"span_ft":444.0,"deflection_pct":20.7,"min_clear_ft":11.0,"downhill":1,"span_class":"Small yarder"},"geometry":{"type":"LineString","coordinates":[[-120.64396,39.74984],[-120.64344,39.74869]]}},{"type":"Feature","properties":{"unit_id":402,"landing_id":9,"span_ft":450.0,"deflection_pct":19.7,"min_clear_ft":10.8,"downhill":1,"span_class":"Small yarder"},"geometry":{"type":"LineString","coordinates":[[-120.64396,39.74984],[-120.64356,39.74864]]}},{"type":"Feature","properties":{"unit_id":402,"landing_id":9,"span_ft":518.0,"deflection_pct":13.1,"min_clear_ft":10.5,"downhill":1,"span_class":"Small yarder"},"geometry":{"type":"LineString","coordinates":[[-120.64396,39.74984],[-120.64366,39.74844]]}},{"type":"Feature","properties":{"unit_id":402,"landing_id":9,"span_ft":1092.0,"deflection_pct":6.7,"min_clear_ft":10.6,"downhill":1,"span_class":"Medium yarder"},"geometry":{"type":"LineString","coordinates":[[-120.64396,39.74984],[-120.64368,39.74685]]}},{"type":"Feature","properties":{"unit_id":402,"landing_id":10,"span_ft":1192.0,"deflection_pct":12.2,"min_clear_ft":10.2,"downhill":0,"span_class":"Medium yarder"},"geometry":{"type":"LineString","coordinates":[[-120.64355,39.75029],[-120.63944,39.75109]]}},{"type":"Feature","properties":{"unit_id":402,"landing_id":10,"span_ft":989.0,"deflection_pct":14.2,"min_clear_ft":10.3,"downhill":0,"span_class":"Small yarder"},"geometry":{"type":"LineString","coordinates":[[-120.64355,39.75029],[-120.64008,39.75072]]}},{"type":"Feature","properties":{"unit_id":402,"landing_id":10,"span_ft":881.0,"deflection_pct":15.8,"min_clear_ft":10.7,"downhill":0,"span_class":"Small yarder"},"geometry":{"type":"LineString","coordinates":[[-120.64355,39.75029],[-120.64043,39.75047]]}},{"type":"Feature","properties":{"unit_id":402,"landing_id":10,"span_ft":801.0,"deflection_pct":14.1,"min_clear_ft":10.6,"downhill":1,"span_class":"Small yarder"},"geometry":{"type":"LineString","coordinates":[[-120.64355,39.75029],[-120.6407,39.75026]]}},{"type":"Feature","properties":{"unit_id":402,"landing_id":10,"span_ft":741.0,"deflection_pct":13.2,"min_clear_ft":11.2,"downhill":1,"span_class":"Small yarder"},"geometry":{"type":"LineString","coordinates":[[-120.64355,39.75029],[-120.64093,39.75009]]}},{"type":"Feature","properties":{"unit_id":402,"landing_id":10,"span_ft":570.0,"deflection_pct":22.5,"min_clear_ft":13.5,"downhill":1,"span_class":"Small yarder"},"geometry":{"type":"LineString","coordinates":[[-120.64355,39.75029],[-120.6416,39.74987]]}},{"type":"Feature","properties":{"unit_id":402,"landing_id":10,"span_ft":531.0,"deflection_pct":22.8,"min_clear_ft":12.4,"downhill":1,"span_class":"Small yarder"},"geometry":{"type":"LineString","coordinates":[[-120.64355,39.75029],[-120.64179,39.74977]]}},{"type":"Feature","properties":{"unit_id":402,"landing_id":10,"span_ft":530.0,"deflection_pct":23.2,"min_clear_ft":14.0,"downhill":1,"span_class":"Small yarder"},"geometry":{"type":"LineString","coordinates":[[-120.64355,39.75029],[-120.64186,39.74966]]}},{"type":"Feature","properties":{"unit_id":402,"landing_id":10,"span_ft":547.0,"deflection_pct":23.1,"min_clear_ft":13.1,"downhill":1,"span_class":"Small yarder"},"geometry":{"type":"LineString","coordinates":[[-120.64355,39.75029],[-120.64188,39.74952]]}},{"type":"Feature","properties":{"unit_id":402,"landing_id":10,"span_ft":576.0,"deflection_pct":23.5,"min_clear_ft":12.7,"downhill":1,"span_class":"Small yarder"},"geometry":{"type":"LineString","coordinates":[[-120.64355,39.75029],[-120.64189,39.74937]]}},{"type":"Feature","properties":{"unit_id":402,"landing_id":10,"span_ft":613.0,"deflection_pct":22.0,"min_clear_ft":12.6,"downhill":1,"span_class":"Small yarder"},"geometry":{"type":"LineString","coordinates":[[-120.64355,39.75029],[-120.6419,39.74919]]}},{"type":"Feature","properties":{"unit_id":402,"landing_id":10,"span_ft":626.0,"deflection_pct":21.7,"min_clear_ft":13.0,"downhill":1,"span_class":"Small yarder"},"geometry":{"type":"LineString","coordinates":[[-120.64355,39.75029],[-120.642,39.74906]]}},{"type":"Feature","properties":{"unit_id":402,"landing_id":10,"span_ft":618.0,"deflection_pct":21.2,"min_clear_ft":13.7,"downhill":1,"span_class":"Small yarder"},"geometry":{"type":"LineString","coordinates":[[-120.64355,39.75029],[-120.64217,39.74898]]}},{"type":"Feature","properties":{"unit_id":402,"landing_id":10,"span_ft":600.0,"deflection_pct":20.8,"min_clear_ft":12.7,"downhill":1,"span_class":"Small yarder"},"geometry":{"type":"LineString","coordinates":[[-120.64355,39.75029],[-120.64235,39.74893]]}},{"type":"Feature","properties":{"unit_id":402,"landing_id":10,"span_ft":587.0,"deflection_pct":20.5,"min_clear_ft":12.7,"downhill":1,"span_class":"Small yarder"},"geometry":{"type":"LineString","coordinates":[[-120.64355,39.75029],[-120.64253,39.74888]]}},{"type":"Feature","properties":{"unit_id":402,"landing_id":10,"span_ft":579.0,"deflection_pct":19.9,"min_clear_ft":11.7,"downhill":1,"span_class":"Small yarder"},"geometry":{"type":"LineString","coordinates":[[-120.64355,39.75029],[-120.64271,39.74884]]}},{"type":"Feature","properties":{"unit_id":402,"landing_id":10,"span_ft":574.0,"deflection_pct":19.0,"min_clear_ft":12.7,"downhill":1,"span_class":"Small yarder"},"geometry":{"type":"LineString","coordinates":[[-120.64355,39.75029],[-120.64288,39.7488]]}},{"type":"Feature","properties":{"unit_id":402,"landing_id":10,"span_ft":573.0,"deflection_pct":17.8,"min_clear_ft":11.7,"downhill":1,"span_class":"Small yarder"},"geometry":{"type":"LineString","coordinates":[[-120.64355,39.75029],[-120.64305,39.74877]]}},{"type":"Feature","properties":{"unit_id":402,"landing_id":10,"span_ft":575.0,"deflection_pct":17.2,"min_clear_ft":11.8,"downhill":1,"span_class":"Small yarder"},"geometry":{"type":"LineString","coordinates":[[-120.64355,39.75029],[-120.64323,39.74873]]}},{"type":"Feature","properties":{"unit_id":402,"landing_id":10,"span_ft":582.0,"deflection_pct":16.7,"min_clear_ft":11.0,"downhill":1,"span_class":"Small yarder"},"geometry":{"type":"LineString","coordinates":[[-120.64355,39.75029],[-120.6434,39.7487]]}},{"type":"Feature","properties":{"unit_id":402,"landing_id":10,"span_ft":1215.0,"deflection_pct":6.6,"min_clear_ft":10.8,"downhill":1,"span_class":"Medium yarder"},"geometry":{"type":"LineString","coordinates":[[-120.64355,39.75029],[-120.64362,39.74696]]}},{"type":"Feature","properties":{"unit_id":402,"landing_id":10,"span_ft":507.0,"deflection_pct":7.0,"min_clear_ft":14.4,"downhill":0,"span_class":"Small yarder"},"geometry":{"type":"LineString","coordinates":[[-120.64355,39.75029],[-120.64419,39.74899]]}},{"type":"Feature","properties":{"unit_id":402,"landing_id":11,"span_ft":994.0,"deflection_pct":15.8,"min_clear_ft":11.5,"downhill":0,"span_class":"Small yarder"},"geometry":{"type":"LineString","coordinates":[[-120.64318,39.75076],[-120.63966,39.75095]]}},{"type":"Feature","properties":{"unit_id":402,"landing_id":11,"span_ft":893.0,"deflection_pct":17.0,"min_clear_ft":10.3,"downhill":0,"span_class":"Small yarder"},"geometry":{"type":"LineString","coordinates":[[-120.64318,39.75076],[-120.64001,39.75072]]}},{"type":"Feature","properties":{"unit_id":402,"landing_id":11,"span_ft":825.0,"deflection_pct":18.0,"min_clear_ft":10.3,"downhill":0,"span_class":"Small yarder"},"geometry":{"type":"LineString","coordinates":[[-120.64318,39.75076],[-120.64027,39.75053]]}},{"type":"Feature","properties":{"unit_id":402,"landing_id":11,"span_ft":772.0,"deflection_pct":19.6,"min_clear_ft":11.5,"downhill":1,"span_class":"Small yarder"},"geometry":{"type":"LineString","coordinates":[[-120.64318,39.75076],[-120.64049,39.75036]]}},{"type":"Feature","properties":{"unit_id":402,"landing_id":11,"span_ft":731.0,"deflection_pct":20.7,"min_clear_ft":10.6,"downhill":1,"span_class":"Small yarder"},"geometry":{"type":"LineString","coordinates":[[-120.64318,39.75076],[-120.64069,39.75021]]}},{"type":"Feature","properties":{"unit_id":402,"landing_id":11,"span_ft":698.0,"deflection_pct":21.5,"min_clear_ft":11.0,"downhill":1,"span_class":"Small yarder"},"geometry":{"type":"LineString","coordinates":[[-120.64318,39.75076],[-120.64086,39.75007]]}},{"type":"Feature","properties":{"unit_id":402,"landing_id":11,"span_ft":674.0,"deflection_pct":20.6,"min_clear_ft":11.2,"downhill":1,"span_class":"Small yarder"},"geometry":{"type":"LineString","coordinates":[[-120.64318,39.75076],[-120.64103,39.74995]]}},{"type":"Feature","properties":{"unit_id":402,"landing_id":11,"span_ft":593.0,"deflection_pct":23.6,"min_clear_ft":13.8,"downhill":1,"span_class":"Small yarder"},"geometry":{"type":"LineString","coordinates":[[-120.64318,39.75076],[-120.64148,39.7498]]}},{"type":"Feature","properties":{"unit_id":402,"landing_id":11,"span_ft":556.0,"deflection_pct":24.0,"min_clear_ft":14.7,"downhill":1,"span_class":"Small yarder"},"geometry":{"type":"LineString","coordinates":[[-120.64318,39.75076],[-120.64169,39.74976]]}},{"type":"Feature","properties":{"unit_id":402,"landing_id":11,"span_ft":536.0,"deflection_pct":24.0,"min_clear_ft":13.1,"downhill":1,"span_class":"Small yarder"},"geometry":{"type":"LineString","coordinates":[[-120.64318,39.75076],[-120.64186,39.7497]]}},{"type":"Feature","properties":{"unit_id":402,"landing_id":11,"span_ft":553.0,"deflection_pct":24.0,"min_clear_ft":13.5,"downhill":1,"span_class":"Small yarder"},"geometry":{"type":"LineString","coordinates":[[-120.64318,39.75076],[-120.64194,39.74958]]}},{"type":"Feature","properties":{"unit_id":402,"landing_id":11,"span_ft":600.0,"deflection_pct":23.5,"min_clear_ft":14.8,"downhill":1,"span_class":"Small yarder"},"geometry":{"type":"LineString","coordinates":[[-120.64318,39.75076],[-120.64199,39.74939]]}},{"type":"Feature","properties":{"unit_id":402,"landing_id":11,"span_ft":685.0,"deflection_pct":21.3,"min_clear_ft":13.6,"downhill":1,"span_class":"Small yarder"},"geometry":{"type":"LineString","coordinates":[[-120.64318,39.75076],[-120.642,39.74911]]}},{"type":"Feature","properties":{"unit_id":402,"landing_id":11,"span_ft":716.0,"deflection_pct":20.0,"min_clear_ft":12.7,"downhill":1,"span_class":"Small yarder"},"geometry":{"type":"LineString","coordinates":[[-120.64318,39.75076],[-120.64214,39.74896]]}},{"type":"Feature","properties":{"unit_id":402,"landing_id":11,"span_ft":711.0,"deflection_pct":18.9,"min_clear_ft":12.8,"downhill":1,"span_class":"Small yarder"},"geometry":{"type":"LineString","coordinates":[[-120.64318,39.75076],[-120.64236,39.74891]]}},{"type":"Feature","properties":{"unit_id":402,"landing_id":11,"span_ft":709.0,"deflection_pct":17.6,"min_clear_ft":12.4,"downhill":1,"span_class":"Small yarder"},"geometry":{"type":"LineString","coordinates":[[-120.64318,39.75076],[-120.64257,39.74887]]}},{"type":"Feature","properties":{"unit_id":402,"landing_id":11,"span_ft":712.0,"deflection_pct":16.6,"min_clear_ft":12.8,"downhill":1,"span_class":"Small yarder"},"geometry":{"type":"LineString","coordinates":[[-120.64318,39.75076],[-120.64278,39.74883]]}},{"type":"Feature","properties":{"unit_id":402,"landing_id":11,"span_ft":720.0,"deflection_pct":13.8,"min_clear_ft":11.7,"downhill":1,"span_class":"Small yarder"},"geometry":{"type":"LineString","coordinates":[[-120.64318,39.75076],[-120.643,39.74878]]}},{"type":"Feature","properties":{"unit_id":402,"landing_id":11,"span_ft":734.0,"deflection_pct":11.2,"min_clear_ft":11.5,"downhill":1,"span_class":"Small yarder"},"geometry":{"type":"LineString","coordinates":[[-120.64318,39.75076],[-120.64322,39.74874]]}},{"type":"Feature","properties":{"unit_id":402,"landing_id":11,"span_ft":1413.0,"deflection_pct":6.2,"min_clear_ft":10.1,"downhill":1,"span_class":"Medium yarder"},"geometry":{"type":"LineString","coordinates":[[-120.64318,39.75076],[-120.6437,39.7469]]}},{"type":"Feature","properties":{"unit_id":402,"landing_id":12,"span_ft":1535.0,"deflection_pct":11.5,"min_clear_ft":10.6,"downhill":0,"span_class":"Medium yarder"},"geometry":{"type":"LineString","coordinates":[[-120.64301,39.75129],[-120.63756,39.75159]]}},{"type":"Feature","properties":{"unit_id":402,"landing_id":12,"span_ft":918.0,"deflection_pct":18.1,"min_clear_ft":11.8,"downhill":0,"span_class":"Small yarder"},"geometry":{"type":"LineString","coordinates":[[-120.64301,39.75129],[-120.6398,39.75081]]}},{"type":"Feature","properties":{"unit_id":402,"landing_id":12,"span_ft":868.0,"deflection_pct":18.9,"min_clear_ft":11.4,"downhill":0,"span_class":"Small yarder"},"geometry":{"type":"LineString","coordinates":[[-120.64301,39.75129],[-120.64004,39.75064]]}},{"type":"Feature","properties":{"unit_id":402,"landing_id":12,"span_ft":829.0,"deflection_pct":18.3,"min_clear_ft":11.0,"downhill":0,"span_class":"Small yarder"},"geometry":{"type":"LineString","coordinates":[[-120.64301,39.75129],[-120.64025,39.75048]]}},{"type":"Feature","properties":{"unit_id":402,"landing_id":12,"span_ft":798.0,"deflection_pct":18.0,"min_clear_ft":11.1,"downhill":0,"span_class":"Small yarder"},"geometry":{"type":"LineString","coordinates":[[-120.64301,39.75129],[-120.64045,39.75033]]}},{"type":"Feature","properties":{"unit_id":402,"landing_id":12,"span_ft":775.0,"deflection_pct":18.7,"min_clear_ft":11.5,"downhill":1,"span_class":"Small yarder"},"geometry":{"type":"LineString","coordinates":[[-120.64301,39.75129],[-120.64064,39.7502]]}},{"type":"Feature","properties":{"unit_id":402,"landing_id":12,"span_ft":759.0,"deflection_pct":19.6,"min_clear_ft":10.9,"downhill":1,"span_class":"Small yarder"},"geometry":{"type":"LineString","coordinates":[[-120.64301,39.75129],[-120.64082,39.75007]]}},{"type":"Feature","properties":{"unit_id":402,"landing_id":12,"span_ft":748.0,"deflection_pct":20.1,"min_clear_ft":11.5,"downhill":1,"span_class":"Small yarder"},"geometry":{"type":"LineString","coordinates":[[-120.64301,39.75129],[-120.641,39.74995]]}},{"type":"Feature","properties":{"unit_id":402,"landing_id":12,"span_ft":742.0,"deflection_pct":20.4,"min_clear_ft":10.8,"downhill":1,"span_class":"Small yarder"},"geometry":{"type":"LineString","coordinates":[[-120.64301,39.75129],[-120.64117,39.74983]]}},{"type":"Feature","properties":{"unit_id":402,"landing_id":12,"span_ft":713.0,"deflection_pct":21.4,"min_clear_ft":12.9,"downhill":1,"span_class":"Small yarder"},"geometry":{"type":"LineString","coordinates":[[-120.64301,39.75129],[-120.64141,39.74977]]}},{"type":"Feature","properties":{"unit_id":402,"landing_id":12,"span_ft":687.0,"deflection_pct":20.6,"min_clear_ft":13.9,"downhill":1,"span_class":"Small yarder"},"geometry":{"type":"LineString","coordinates":[[-120.64301,39.75129],[-120.64164,39.74973]]}},{"type":"Feature","properties":{"unit_id":402,"landing_id":12,"span_ft":667.0,"deflection_pct":20.1,"min_clear_ft":13.3,"downhill":1,"span_class":"Small yarder"},"geometry":{"type":"LineString","coordinates":[[-120.64301,39.75129],[-120.64185,39.74969]]}},{"type":"Feature","properties":{"unit_id":402,"landing_id":12,"span_ft":688.0,"deflection_pct":20.3,"min_clear_ft":13.6,"downhill":1,"span_class":"Small yarder"},"geometry":{"type":"LineString","coordinates":[[-120.64301,39.75129],[-120.64201,39.74957]]}},{"type":"Feature","properties":{"unit_id":402,"landing_id":12,"span_ft":814.0,"deflection_pct":19.2,"min_clear_ft":13.7,"downhill":1,"span_class":"Small yarder"},"geometry":{"type":"LineString","coordinates":[[-120.64301,39.75129],[-120.64206,39.74918]]}},{"type":"Feature","properties":{"unit_id":402,"landing_id":12,"span_ft":883.0,"deflection_pct":17.2,"min_clear_ft":12.5,"downhill":1,"span_class":"Small yarder"},"geometry":{"type":"LineString","coordinates":[[-120.64301,39.75129],[-120.64224,39.74894]]}},{"type":"Feature","properties":{"unit_id":402,"landing_id":12,"span_ft":888.0,"deflection_pct":15.6,"min_clear_ft":12.2,"downhill":1,"span_class":"Small yarder"},"geometry":{"type":"LineString","coordinates":[[-120.64301,39.75129],[-120.64251,39.74888]]}},{"type":"Feature","properties":{"unit_id":402,"landing_id":12,"span_ft":898.0,"deflection_pct":14.5,"min_clear_ft":13.2,"downhill":1,"span_class":"Small yarder"},"geometry":{"type":"LineString","coordinates":[[-120.64301,39.75129],[-120.64278,39.74883]]}},{"type":"Feature","properties":{"unit_id":402,"landing_id":12,"span_ft":915.0,"deflection_pct":10.8,"min_clear_ft":11.8,"downhill":1,"span_class":"Small yarder"},"geometry":{"type":"LineString","coordinates":[[-120.64301,39.75129],[-120.64306,39.74878]]}},{"type":"Feature","properties":{"unit_id":402,"landing_id":12,"span_ft":939.0,"deflection_pct":7.2,"min_clear_ft":12.3,"downhill":1,"span_class":"Small yarder"},"geometry":{"type":"LineString","coordinates":[[-120.64301,39.75129],[-120.64335,39.74873]]}},{"type":"Feature","properties":{"unit_id":402,"landing_id":13,"span_ft":1931.0,"deflection_pct":8.5,"min_clear_ft":12.5,"downhill":0,"span_class":"Long-span yarder"},"geometry":{"type":"LineString","coordinates":[[-120.64283,39.75182],[-120.63598,39.7522]]}},{"type":"Feature","properties":{"unit_id":402,"landing_id":13,"span_ft":1863.0,"deflection_pct":8.4,"min_clear_ft":11.1,"downhill":0,"span_class":"Long-span yarder"},"geometry":{"type":"LineString","coordinates":[[-120.64283,39.75182],[-120.63621,39.75174]]}},{"type":"Feature","properties":{"unit_id":402,"landing_id":13,"span_ft":1370.0,"deflection_pct":12.7,"min_clear_ft":11.1,"downhill":0,"span_class":"Medium yarder"},"geometry":{"type":"LineString","coordinates":[[-120.64283,39.75182],[-120.63799,39.75144]]}},{"type":"Feature","properties":{"unit_id":402,"landing_id":13,"span_ft":973.0,"deflection_pct":14.8,"min_clear_ft":11.7,"downhill":0,"span_class":"Small yarder"},"geometry":{"type":"LineString","coordinates":[[-120.64283,39.75182],[-120.6396,39.75087]]}},{"type":"Feature","properties":{"unit_id":402,"landing_id":13,"span_ft":923.0,"deflection_pct":14.6,"min_clear_ft":12.2,"downhill":0,"span_class":"Small yarder"},"geometry":{"type":"LineString","coordinates":[[-120.64283,39.75182],[-120.63988,39.75072]]}},{"type":"Feature","properties":{"unit_id":402,"landing_id":13,"span_ft":896.0,"deflection_pct":15.0,"min_clear_ft":11.1,"downhill":1,"span_class":"Small yarder"},"geometry":{"type":"LineString","coordinates":[[-120.64283,39.75182],[-120.6401,39.75056]]}},{"type":"Feature","properties":{"unit_id":402,"landing_id":13,"span_ft":877.0,"deflection_pct":14.0,"min_clear_ft":10.5,"downhill":1,"span_class":"Small yarder"},"geometry":{"type":"LineString","coordinates":[[-120.64283,39.75182],[-120.64031,39.75041]]}},{"type":"Feature","properties":{"unit_id":402,"landing_id":13,"span_ft":864.0,"deflection_pct":13.9,"min_clear_ft":12.2,"downhill":1,"span_class":"Small yarder"},"geometry":{"type":"LineString","coordinates":[[-120.64283,39.75182],[-120.64051,39.75027]]}},{"type":"Feature","properties":{"unit_id":402,"landing_id":13,"span_ft":857.0,"deflection_pct":12.8,"min_clear_ft":10.9,"downhill":1,"span_class":"Small yarder"},"geometry":{"type":"LineString","coordinates":[[-120.64283,39.75182],[-120.64071,39.75013]]}},{"type":"Feature","properties":{"unit_id":402,"landing_id":13,"span_ft":856.0,"deflection_pct":12.2,"min_clear_ft":11.1,"downhill":1,"span_class":"Small yarder"},"geometry":{"type":"LineString","coordinates":[[-120.64283,39.75182],[-120.64091,39.75]]}},{"type":"Feature","properties":{"unit_id":402,"landing_id":13,"span_ft":860.0,"deflection_pct":12.2,"min_clear_ft":12.1,"downhill":1,"span_class":"Small yarder"},"geometry":{"type":"LineString","coordinates":[[-120.64283,39.75182],[-120.64112,39.74987]]}},{"type":"Feature","properties":{"unit_id":402,"landing_id":13,"span_ft":840.0,"deflection_pct":11.6,"min_clear_ft":13.0,"downhill":1,"span_class":"Small yarder"},"geometry":{"type":"LineString","coordinates":[[-120.64283,39.75182],[-120.64161,39.74972]]}},{"type":"Feature","properties":{"unit_id":402,"landing_id":13,"span_ft":827.0,"deflection_pct":10.2,"min_clear_ft":13.2,"downhill":1,"span_class":"Small yarder"},"geometry":{"type":"LineString","coordinates":[[-120.64283,39.75182],[-120.64187,39.74968]]}},{"type":"Feature","properties":{"unit_id":402,"landing_id":13,"span_ft":863.0,"deflection_pct":11.2,"min_clear_ft":12.8,"downhill":1,"span_class":"Small yarder"},"geometry":{"type":"LineString","coordinates":[[-120.64283,39.75182],[-120.64208,39.74952]]}},{"type":"Feature","properties":{"unit_id":402,"landing_id":13,"span_ft":1062.0,"deflection_pct":14.7,"min_clear_ft":12.2,"downhill":1,"span_class":"Medium yarder"},"geometry":{"type":"LineString","coordinates":[[-120.64283,39.75182],[-120.64223,39.74894]]}},{"type":"Feature","properties":{"unit_id":402,"landing_id":13,"span_ft":1075.0,"deflection_pct":12.1,"min_clear_ft":11.8,"downhill":1,"span_class":"Medium yarder"},"geometry":{"type":"LineString","coordinates":[[-120.64283,39.75182],[-120.64256,39.74888]]}},{"type":"Feature","properties":{"unit_id":402,"landing_id":13,"span_ft":1096.0,"deflection_pct":10.1,"min_clear_ft":11.9,"downhill":1,"span_class":"Medium yarder"},"geometry":{"type":"LineString","coordinates":[[-120.64283,39.75182],[-120.64289,39.74881]]}},{"type":"Feature","properties":{"unit_id":402,"landing_id":13,"span_ft":1125.0,"deflection_pct":6.4,"min_clear_ft":11.6,"downhill":1,"span_class":"Medium yarder"},"geometry":{"type":"LineString","coordinates":[[-120.64283,39.75182],[-120.64324,39.74875]]}},{"type":"Feature","properties":{"unit_id":402,"landing_id":14,"span_ft":1912.0,"deflection_pct":7.7,"min_clear_ft":12.8,"downhill":0,"span_class":"Long-span yarder"},"geometry":{"type":"LineString","coordinates":[[-120.64278,39.75237],[-120.63598,39.75229]]}},{"type":"Feature","properties":{"unit_id":402,"landing_id":14,"span_ft":1921.0,"deflection_pct":10.9,"min_clear_ft":10.5,"downhill":0,"span_class":"Long-span yarder"},"geometry":{"type":"LineString","coordinates":[[-120.64278,39.75237],[-120.63598,39.75183]]}},{"type":"Feature","properties":{"unit_id":402,"landing_id":14,"span_ft":1354.0,"deflection_pct":11.5,"min_clear_ft":12.2,"downhill":0,"span_class":"Medium yarder"},"geometry":{"type":"LineString","coordinates":[[-120.64278,39.75237],[-120.63815,39.75135]]}},{"type":"Feature","properties":{"unit_id":402,"landing_id":14,"span_ft":1216.0,"deflection_pct":9.9,"min_clear_ft":10.9,"downhill":0,"span_class":"Medium yarder"},"geometry":{"type":"LineString","coordinates":[[-120.64278,39.75237],[-120.63874,39.75118]]}},{"type":"Feature","properties":{"unit_id":402,"landing_id":14,"span_ft":1066.0,"deflection_pct":9.2,"min_clear_ft":10.2,"downhill":0,"span_class":"Medium yarder"},"geometry":{"type":"LineString","coordinates":[[-120.64278,39.75237],[-120.63952,39.75087]]}},{"type":"Feature","properties":{"unit_id":402,"landing_id":14,"span_ft":1022.0,"deflection_pct":10.5,"min_clear_ft":12.1,"downhill":0,"span_class":"Medium yarder"},"geometry":{"type":"LineString","coordinates":[[-120.64278,39.75237],[-120.63983,39.75073]]}},{"type":"Feature","properties":{"unit_id":402,"landing_id":14,"span_ft":1007.0,"deflection_pct":11.2,"min_clear_ft":10.6,"downhill":0,"span_class":"Medium yarder"},"geometry":{"type":"LineString","coordinates":[[-120.64278,39.75237],[-120.64007,39.75056]]}},{"type":"Feature","properties":{"unit_id":402,"landing_id":14,"span_ft":999.0,"deflection_pct":10.5,"min_clear_ft":10.6,"downhill":1,"span_class":"Small yarder"},"geometry":{"type":"LineString","coordinates":[[-120.64278,39.75237],[-120.64031,39.7504]]}},{"type":"Feature","properties":{"unit_id":402,"landing_id":14,"span_ft":997.0,"deflection_pct":10.5,"min_clear_ft":10.3,"downhill":1,"span_class":"Small yarder"},"geometry":{"type":"LineString","coordinates":[[-120.64278,39.75237],[-120.64054,39.75025]]}},{"type":"Feature","properties":{"unit_id":402,"landing_id":14,"span_ft":1003.0,"deflection_pct":8.9,"min_clear_ft":11.3,"downhill":1,"span_class":"Medium yarder"},"geometry":{"type":"LineString","coordinates":[[-120.64278,39.75237],[-120.64078,39.75009]]}},{"type":"Feature","properties":{"unit_id":402,"landing_id":14,"span_ft":1015.0,"deflection_pct":8.1,"min_clear_ft":11.7,"downhill":1,"span_class":"Medium yarder"},"geometry":{"type":"LineString","coordinates":[[-120.64278,39.75237],[-120.64102,39.74993]]}},{"type":"Feature","properties":{"unit_id":402,"landing_id":14,"span_ft":1023.0,"deflection_pct":8.1,"min_clear_ft":13.0,"downhill":1,"span_class":"Medium yarder"},"geometry":{"type":"LineString","coordinates":[[-120.64278,39.75237],[-120.64159,39.74971]]}},{"type":"Feature","properties":{"unit_id":402,"landing_id":14,"span_ft":1014.0,"deflection_pct":7.1,"min_clear_ft":11.8,"downhill":1,"span_class":"Medium yarder"},"geometry":{"type":"LineString","coordinates":[[-120.64278,39.75237],[-120.6419,39.74967]]}},{"type":"Feature","properties":{"unit_id":402,"landing_id":14,"span_ft":1165.0,"deflection_pct":7.5,"min_clear_ft":12.6,"downhill":1,"span_class":"Medium yarder"},"geometry":{"type":"LineString","coordinates":[[-120.64278,39.75237],[-120.64212,39.74921]]}},{"type":"Feature","properties":{"unit_id":402,"landing_id":14,"span_ft":1267.0,"deflection_pct":8.0,"min_clear_ft":13.0,"downhill":1,"span_class":"Medium yarder"},"geometry":{"type":"LineString","coordinates":[[-120.64278,39.75237],[-120.64245,39.7489]]}},{"type":"Feature","properties":{"unit_id":402,"landing_id":14,"span_ft":1292.0,"deflection_pct":6.2,"min_clear_ft":11.2,"downhill":1,"span_class":"Medium yarder"},"geometry":{"type":"LineString","coordinates":[[-120.64278,39.75237],[-120.64285,39.74882]]}},{"type":"Feature","properties":{"unit_id":105,"landing_id":2,"span_ft":1030.0,"deflection_pct":6.8,"min_clear_ft":11.3,"downhill":0,"span_class":"Medium yarder"},"geometry":{"type":"LineString","coordinates":[[-120.63439,39.73525],[-120.63093,39.73618]]}},{"type":"Feature","properties":{"unit_id":105,"landing_id":2,"span_ft":742.0,"deflection_pct":6.9,"min_clear_ft":11.8,"downhill":0,"span_class":"Small yarder"},"geometry":{"type":"LineString","coordinates":[[-120.63439,39.73525],[-120.63178,39.73558]]}},{"type":"Feature","properties":{"unit_id":105,"landing_id":2,"span_ft":524.0,"deflection_pct":10.0,"min_clear_ft":12.6,"downhill":0,"span_class":"Small yarder"},"geometry":{"type":"LineString","coordinates":[[-120.63439,39.73525],[-120.63253,39.73523]]}},{"type":"Feature","properties":{"unit_id":105,"landing_id":2,"span_ft":386.0,"deflection_pct":10.5,"min_clear_ft":12.6,"downhill":0,"span_class":"Small yarder"},"geometry":{"type":"LineString","coordinates":[[-120.63439,39.73525],[-120.63304,39.73505]]}},{"type":"Feature","properties":{"unit_id":105,"landing_id":2,"span_ft":226.0,"deflection_pct":11.0,"min_clear_ft":10.3,"downhill":1,"span_class":"Small yarder"},"geometry":{"type":"LineString","coordinates":[[-120.63439,39.73525],[-120.63501,39.73486]]}},{"type":"Feature","properties":{"unit_id":105,"landing_id":2,"span_ft":303.0,"deflection_pct":6.7,"min_clear_ft":10.6,"downhill":1,"span_class":"Small yarder"},"geometry":{"type":"LineString","coordinates":[[-120.63439,39.73525],[-120.63533,39.73485]]}},{"type":"Feature","properties":{"unit_id":105,"landing_id":3,"span_ft":715.0,"deflection_pct":7.8,"min_clear_ft":10.8,"downhill":1,"span_class":"Small yarder"},"geometry":{"type":"LineString","coordinates":[[-120.63519,39.73663],[-120.63523,39.73467]]}},{"type":"Feature","properties":{"unit_id":105,"landing_id":3,"span_ft":754.0,"deflection_pct":9.0,"min_clear_ft":10.7,"downhill":1,"span_class":"Small yarder"},"geometry":{"type":"LineString","coordinates":[[-120.63519,39.73663],[-120.6357,39.7346]]}},{"type":"Feature","properties":{"unit_id":105,"landing_id":3,"span_ft":822.0,"deflection_pct":6.5,"min_clear_ft":11.3,"downhill":1,"span_class":"Small yarder"},"geometry":{"type":"LineString","coordinates":[[-120.63519,39.73663],[-120.63623,39.73452]]}},{"type":"Feature","properties":{"unit_id":105,"landing_id":3,"span_ft":636.0,"deflection_pct":6.7,"min_clear_ft":13.7,"downhill":0,"span_class":"Small yarder"},"geometry":{"type":"LineString","coordinates":[[-120.63519,39.73663],[-120.63717,39.73578]]}},{"type":"Feature","properties":{"unit_id":105,"landing_id":3,"span_ft":582.0,"deflection_pct":6.8,"min_clear_ft":13.8,"downhill":0,"span_class":"Small yarder"},"geometry":{"type":"LineString","coordinates":[[-120.63519,39.73663],[-120.63715,39.73611]]}},{"type":"Feature","properties":{"unit_id":105,"landing_id":3,"span_ft":550.0,"deflection_pct":7.5,"min_clear_ft":12.2,"downhill":0,"span_class":"Small yarder"},"geometry":{"type":"LineString","coordinates":[[-120.63519,39.73663],[-120.63712,39.73639]]}},{"type":"Feature","properties":{"unit_id":105,"landing_id":3,"span_ft":535.0,"deflection_pct":8.0,"min_clear_ft":12.1,"downhill":0,"span_class":"Small yarder"},"geometry":{"type":"LineString","coordinates":[[-120.63519,39.73663],[-120.63709,39.73666]]}},{"type":"Feature","properties":{"unit_id":105,"landing_id":3,"span_ft":522.0,"deflection_pct":8.5,"min_clear_ft":12.7,"downhill":0,"span_class":"Small yarder"},"geometry":{"type":"LineString","coordinates":[[-120.63519,39.73663],[-120.63701,39.7369]]}},{"type":"Feature","properties":{"unit_id":105,"landing_id":3,"span_ft":520.0,"deflection_pct":9.2,"min_clear_ft":13.2,"downhill":0,"span_class":"Small yarder"},"geometry":{"type":"LineString","coordinates":[[-120.63519,39.73663],[-120.63692,39.73714]]}},{"type":"Feature","properties":{"unit_id":105,"landing_id":3,"span_ft":530.0,"deflection_pct":9.2,"min_clear_ft":13.4,"downhill":0,"span_class":"Small yarder"},"geometry":{"type":"LineString","coordinates":[[-120.63519,39.73663],[-120.63681,39.73738]]}},{"type":"Feature","properties":{"unit_id":105,"landing_id":3,"span_ft":545.0,"deflection_pct":9.2,"min_clear_ft":13.3,"downhill":0,"span_class":"Small yarder"},"geometry":{"type":"LineString","coordinates":[[-120.63519,39.73663],[-120.63666,39.73761]]}},{"type":"Feature","properties":{"unit_id":105,"landing_id":3,"span_ft":571.0,"deflection_pct":9.0,"min_clear_ft":13.0,"downhill":0,"span_class":"Small yarder"},"geometry":{"type":"LineString","coordinates":[[-120.63519,39.73663],[-120.63647,39.73785]]}},{"type":"Feature","properties":{"unit_id":105,"landing_id":3,"span_ft":617.0,"deflection_pct":8.9,"min_clear_ft":12.4,"downhill":0,"span_class":"Small yarder"},"geometry":{"type":"LineString","coordinates":[[-120.63519,39.73663],[-120.63626,39.73811]]}},{"type":"Feature","properties":{"unit_id":105,"landing_id":3,"span_ft":693.0,"deflection_pct":7.1,"min_clear_ft":11.6,"downhill":0,"span_class":"Small yarder"},"geometry":{"type":"LineString","coordinates":[[-120.63519,39.73663],[-120.636,39.73843]]}},{"type":"Feature","properties":{"unit_id":105,"landing_id":4,"span_ft":1163.0,"deflection_pct":6.7,"min_clear_ft":11.6,"downhill":0,"span_class":"Medium yarder"},"geometry":{"type":"LineString","coordinates":[[-120.63434,39.7381],[-120.63222,39.74084]]}},{"type":"Feature","properties":{"unit_id":105,"landing_id":4,"span_ft":808.0,"deflection_pct":6.2,"min_clear_ft":12.1,"downhill":0,"span_class":"Small yarder"},"geometry":{"type":"LineString","coordinates":[[-120.63434,39.7381],[-120.63685,39.73702]]}},{"type":"Feature","properties":{"unit_id":105,"landing_id":4,"span_ft":679.0,"deflection_pct":7.7,"min_clear_ft":12.6,"downhill":0,"span_class":"Small yarder"},"geometry":{"type":"LineString","coordinates":[[-120.63434,39.7381],[-120.63662,39.73749]]}},{"type":"Feature","properties":{"unit_id":105,"landing_id":4,"span_ft":595.0,"deflection_pct":10.5,"min_clear_ft":13.0,"downhill":0,"span_class":"Small yarder"},"geometry":{"type":"LineString","coordinates":[[-120.63434,39.7381],[-120.63643,39.73784]]}},{"type":"Feature","properties":{"unit_id":105,"landing_id":4,"span_ft":543.0,"deflection_pct":12.5,"min_clear_ft":12.2,"downhill":0,"span_class":"Small yarder"},"geometry":{"type":"LineString","coordinates":[[-120.63434,39.7381],[-120.63627,39.73812]]}},{"type":"Feature","properties":{"unit_id":105,"landing_id":4,"span_ft":513.0,"deflection_pct":14.2,"min_clear_ft":12.5,"downhill":0,"span_class":"Small yarder"},"geometry":{"type":"LineString","coordinates":[[-120.63434,39.7381],[-120.63613,39.73837]]}},{"type":"Feature","properties":{"unit_id":105,"landing_id":4,"span_ft":498.0,"deflection_pct":15.0,"min_clear_ft":14.3,"downhill":0,"span_class":"Small yarder"},"geometry":{"type":"LineString","coordinates":[[-120.63434,39.7381],[-120.636,39.73859]]}},{"type":"Feature","properties":{"unit_id":105,"landing_id":4,"span_ft":496.0,"deflection_pct":15.5,"min_clear_ft":13.9,"downhill":0,"span_class":"Small yarder"},"geometry":{"type":"LineString","coordinates":[[-120.63434,39.7381],[-120.63585,39.7388]]}},{"type":"Feature","properties":{"unit_id":105,"landing_id":4,"span_ft":500.0,"deflection_pct":15.7,"min_clear_ft":15.0,"downhill":0,"span_class":"Small yarder"},"geometry":{"type":"LineString","coordinates":[[-120.63434,39.7381],[-120.63569,39.739]]}},{"type":"Feature","properties":{"unit_id":105,"landing_id":4,"span_ft":514.0,"deflection_pct":14.4,"min_clear_ft":15.6,"downhill":0,"span_class":"Small yarder"},"geometry":{"type":"LineString","coordinates":[[-120.63434,39.7381],[-120.63549,39.73919]]}},{"type":"Feature","properties":{"unit_id":105,"landing_id":4,"span_ft":542.0,"deflection_pct":12.3,"min_clear_ft":14.5,"downhill":0,"span_class":"Small yarder"},"geometry":{"type":"LineString","coordinates":[[-120.63434,39.7381],[-120.63528,39.7394]]}},{"type":"Feature","properties":{"unit_id":105,"landing_id":4,"span_ft":603.0,"deflection_pct":9.8,"min_clear_ft":13.6,"downhill":0,"span_class":"Small yarder"},"geometry":{"type":"LineString","coordinates":[[-120.63434,39.7381],[-120.63504,39.73966]]}},{"type":"Feature","properties":{"unit_id":105,"landing_id":4,"span_ft":795.0,"deflection_pct":6.4,"min_clear_ft":13.2,"downhill":0,"span_class":"Small yarder"},"geometry":{"type":"LineString","coordinates":[[-120.63434,39.7381],[-120.63479,39.74026]]}},{"type":"Feature","properties":{"unit_id":105,"landing_id":5,"span_ft":348.0,"deflection_pct":11.1,"min_clear_ft":13.2,"downhill":0,"span_class":"Small yarder"},"geometry":{"type":"LineString","coordinates":[[-120.63467,39.74214],[-120.63345,39.7423]]}},{"type":"Feature","properties":{"unit_id":105,"landing_id":5,"span_ft":470.0,"deflection_pct":13.3,"min_clear_ft":14.1,"downhill":1,"span_class":"Small yarder"},"geometry":{"type":"LineString","coordinates":[[-120.63467,39.74214],[-120.633,39.74213]]}},{"type":"Feature","properties":{"unit_id":105,"landing_id":5,"span_ft":463.0,"deflection_pct":13.9,"min_clear_ft":14.8,"downhill":1,"span_class":"Small yarder"},"geometry":{"type":"LineString","coordinates":[[-120.63467,39.74214],[-120.63306,39.7419]]}},{"type":"Feature","properties":{"unit_id":105,"landing_id":5,"span_ft":467.0,"deflection_pct":13.9,"min_clear_ft":14.8,"downhill":1,"span_class":"Small yarder"},"geometry":{"type":"LineString","coordinates":[[-120.63467,39.74214],[-120.63312,39.74169]]}},{"type":"Feature","properties":{"unit_id":105,"landing_id":5,"span_ft":482.0,"deflection_pct":13.2,"min_clear_ft":14.0,"downhill":1,"span_class":"Small yarder"},"geometry":{"type":"LineString","coordinates":[[-120.63467,39.74214],[-120.6332,39.74146]]}},{"type":"Feature","properties":{"unit_id":105,"landing_id":5,"span_ft":513.0,"deflection_pct":11.8,"min_clear_ft":12.8,"downhill":1,"span_class":"Small yarder"},"geometry":{"type":"LineString","coordinates":[[-120.63467,39.74214],[-120.63329,39.74122]]}},{"type":"Feature","properties":{"unit_id":105,"landing_id":7,"span_ft":269.0,"deflection_pct":15.3,"min_clear_ft":11.8,"downhill":1,"span_class":"Small yarder"},"geometry":{"type":"LineString","coordinates":[[-120.62945,39.73838],[-120.62963,39.73765]]}},{"type":"Feature","properties":{"unit_id":105,"landing_id":7,"span_ft":273.0,"deflection_pct":12.7,"min_clear_ft":10.6,"downhill":1,"span_class":"Small yarder"},"geometry":{"type":"LineString","coordinates":[[-120.62945,39.73838],[-120.62979,39.73768]]}},{"type":"Feature","properties":{"unit_id":105,"landing_id":7,"span_ft":283.0,"deflection_pct":9.4,"min_clear_ft":10.5,"downhill":1,"span_class":"Small yarder"},"geometry":{"type":"LineString","coordinates":[[-120.62945,39.73838],[-120.62996,39.73771]]}},{"type":"Feature","properties":{"unit_id":105,"landing_id":8,"span_ft":623.0,"deflection_pct":6.0,"min_clear_ft":11.5,"downhill":0,"span_class":"Small yarder"},"geometry":{"type":"LineString","coordinates":[[-120.63105,39.73783],[-120.63102,39.73954]]}},{"type":"Feature","properties":{"unit_id":105,"landing_id":8,"span_ft":506.0,"deflection_pct":7.0,"min_clear_ft":11.0,"downhill":0,"span_class":"Small yarder"},"geometry":{"type":"LineString","coordinates":[[-120.63105,39.73783],[-120.63041,39.73913]]}},{"type":"Feature","properties":{"unit_id":105,"landing_id":8,"span_ft":480.0,"deflection_pct":6.8,"min_clear_ft":11.0,"downhill":0,"span_class":"Small yarder"},"geometry":{"type":"LineString","coordinates":[[-120.63105,39.73783],[-120.63018,39.73897]]}},{"type":"Feature","properties":{"unit_id":105,"landing_id":8,"span_ft":312.0,"deflection_pct":7.3,"min_clear_ft":10.7,"downhill":0,"span_class":"Small yarder"},"geometry":{"type":"LineString","coordinates":[[-120.63105,39.73783],[-120.62994,39.73782]]}},{"type":"Feature","properties":{"unit_id":105,"landing_id":8,"span_ft":267.0,"deflection_pct":9.3,"min_clear_ft":11.1,"downhill":1,"span_class":"Small yarder"},"geometry":{"type":"LineString","coordinates":[[-120.63105,39.73783],[-120.63012,39.7377]]}},{"type":"Feature","properties":{"unit_id":105,"landing_id":8,"span_ft":241.0,"deflection_pct":11.2,"min_clear_ft":10.9,"downhill":1,"span_class":"Small yarder"},"geometry":{"type":"LineString","coordinates":[[-120.63105,39.73783],[-120.63025,39.7376]]}},{"type":"Feature","properties":{"unit_id":105,"landing_id":8,"span_ft":225.0,"deflection_pct":11.4,"min_clear_ft":10.3,"downhill":1,"span_class":"Small yarder"},"geometry":{"type":"LineString","coordinates":[[-120.63105,39.73783],[-120.63036,39.73752]]}},{"type":"Feature","properties":{"unit_id":105,"landing_id":8,"span_ft":216.0,"deflection_pct":11.9,"min_clear_ft":10.5,"downhill":1,"span_class":"Small yarder"},"geometry":{"type":"LineString","coordinates":[[-120.63105,39.73783],[-120.63047,39.73745]]}},{"type":"Feature","properties":{"unit_id":105,"landing_id":8,"span_ft":211.0,"deflection_pct":12.9,"min_clear_ft":12.0,"downhill":1,"span_class":"Small yarder"},"geometry":{"type":"LineString","coordinates":[[-120.63105,39.73783],[-120.63058,39.73738]]}},{"type":"Feature","properties":{"unit_id":105,"landing_id":8,"span_ft":212.0,"deflection_pct":14.2,"min_clear_ft":12.2,"downhill":1,"span_class":"Small yarder"},"geometry":{"type":"LineString","coordinates":[[-120.63105,39.73783],[-120.63068,39.73733]]}},{"type":"Feature","properties":{"unit_id":105,"landing_id":8,"span_ft":224.0,"deflection_pct":15.0,"min_clear_ft":14.7,"downhill":1,"span_class":"Small yarder"},"geometry":{"type":"LineString","coordinates":[[-120.63105,39.73783],[-120.63079,39.73725]]}},{"type":"Feature","properties":{"unit_id":105,"landing_id":8,"span_ft":244.0,"deflection_pct":14.8,"min_clear_ft":11.8,"downhill":1,"span_class":"Small yarder"},"geometry":{"type":"LineString","coordinates":[[-120.63105,39.73783],[-120.63091,39.73717]]}},{"type":"Feature","properties":{"unit_id":105,"landing_id":8,"span_ft":279.0,"deflection_pct":11.2,"min_clear_ft":11.1,"downhill":1,"span_class":"Small yarder"},"geometry":{"type":"LineString","coordinates":[[-120.63105,39.73783],[-120.63107,39.73707]]}},{"type":"Feature","properties":{"unit_id":105,"landing_id":9,"span_ft":788.0,"deflection_pct":6.4,"min_clear_ft":10.7,"downhill":0,"span_class":"Small yarder"},"geometry":{"type":"LineString","coordinates":[[-120.63288,39.73852],[-120.63188,39.74054]]}},{"type":"Feature","properties":{"unit_id":105,"landing_id":9,"span_ft":724.0,"deflection_pct":7.6,"min_clear_ft":11.9,"downhill":0,"span_class":"Small yarder"},"geometry":{"type":"LineString","coordinates":[[-120.63288,39.73852],[-120.63045,39.73917]]}},{"type":"Feature","properties":{"unit_id":105,"landing_id":9,"span_ft":788.0,"deflection_pct":7.3,"min_clear_ft":12.0,"downhill":0,"span_class":"Small yarder"},"geometry":{"type":"LineString","coordinates":[[-120.63288,39.73852],[-120.63011,39.73886]]}},{"type":"Feature","properties":{"unit_id":105,"landing_id":9,"span_ft":850.0,"deflection_pct":7.5,"min_clear_ft":10.8,"downhill":0,"span_class":"Small yarder"},"geometry":{"type":"LineString","coordinates":[[-120.63288,39.73852],[-120.63006,39.73768]]}},{"type":"Feature","properties":{"unit_id":105,"landing_id":9,"span_ft":766.0,"deflection_pct":8.2,"min_clear_ft":11.6,"downhill":0,"span_class":"Small yarder"},"geometry":{"type":"LineString","coordinates":[[-120.63288,39.73852],[-120.63054,39.73744]]}},{"type":"Feature","properties":{"unit_id":105,"landing_id":9,"span_ft":768.0,"deflection_pct":7.5,"min_clear_ft":11.5,"downhill":1,"span_class":"Small yarder"},"geometry":{"type":"LineString","coordinates":[[-120.63288,39.73852],[-120.63082,39.73714]]}},{"type":"Feature","properties":{"unit_id":105,"landing_id":9,"span_ft":882.0,"deflection_pct":6.2,"min_clear_ft":10.9,"downhill":1,"span_class":"Small yarder"},"geometry":{"type":"LineString","coordinates":[[-120.63288,39.73852],[-120.6309,39.73664]]}},{"type":"Feature","properties":{"unit_id":106,"landing_id":2,"span_ft":1062.0,"deflection_pct":6.9,"min_clear_ft":12.5,"downhill":1,"span_class":"Medium yarder"},"geometry":{"type":"LineString","coordinates":[[-120.63605,39.7419],[-120.63248,39.74286]]}},{"type":"Feature","properties":{"unit_id":106,"landing_id":3,"span_ft":604.0,"deflection_pct":11.9,"min_clear_ft":12.2,"downhill":1,"span_class":"Small yarder"},"geometry":{"type":"LineString","coordinates":[[-120.63467,39.74214],[-120.63264,39.74269]]}},{"type":"Feature","properties":{"unit_id":106,"landing_id":3,"span_ft":505.0,"deflection_pct":12.8,"min_clear_ft":13.5,"downhill":1,"span_class":"Small yarder"},"geometry":{"type":"LineString","coordinates":[[-120.63467,39.74214],[-120.6329,39.74236]]}},{"type":"Feature","properties":{"unit_id":106,"landing_id":4,"span_ft":326.0,"deflection_pct":12.9,"min_clear_ft":13.1,"downhill":1,"span_class":"Small yarder"},"geometry":{"type":"LineString","coordinates":[[-120.63359,39.74285],[-120.6325,39.74314]]}},{"type":"Feature","properties":{"unit_id":106,"landing_id":4,"span_ft":322.0,"deflection_pct":12.7,"min_clear_ft":12.9,"downhill":1,"span_class":"Small yarder"},"geometry":{"type":"LineString","coordinates":[[-120.63359,39.74285],[-120.63247,39.74299]]}},{"type":"Feature","properties":{"unit_id":106,"landing_id":4,"span_ft":324.0,"deflection_pct":13.1,"min_clear_ft":12.8,"downhill":1,"span_class":"Small yarder"},"geometry":{"type":"LineString","coordinates":[[-120.63359,39.74285],[-120.63244,39.74283]]}},{"type":"Feature","properties":{"unit_id":106,"landing_id":4,"span_ft":314.0,"deflection_pct":13.6,"min_clear_ft":13.2,"downhill":1,"span_class":"Small yarder"},"geometry":{"type":"LineString","coordinates":[[-120.63359,39.74285],[-120.6325,39.74268]]}},{"type":"Feature","properties":{"unit_id":106,"landing_id":4,"span_ft":300.0,"deflection_pct":15.0,"min_clear_ft":12.3,"downhill":1,"span_class":"Small yarder"},"geometry":{"type":"LineString","coordinates":[[-120.63359,39.74285],[-120.6326,39.74255]]}},{"type":"Feature","properties":{"unit_id":106,"landing_id":4,"span_ft":293.0,"deflection_pct":15.8,"min_clear_ft":13.0,"downhill":1,"span_class":"Small yarder"},"geometry":{"type":"LineString","coordinates":[[-120.63359,39.74285],[-120.6327,39.74243]]}},{"type":"Feature","properties":{"unit_id":106,"landing_id":4,"span_ft":293.0,"deflection_pct":16.6,"min_clear_ft":12.9,"downhill":1,"span_class":"Small yarder"},"geometry":{"type":"LineString","coordinates":[[-120.63359,39.74285],[-120.63281,39.74232]]}},{"type":"Feature","properties":{"unit_id":106,"landing_id":4,"span_ft":298.0,"deflection_pct":16.2,"min_clear_ft":13.0,"downhill":1,"span_class":"Small yarder"},"geometry":{"type":"LineString","coordinates":[[-120.63359,39.74285],[-120.63293,39.74221]]}},{"type":"Feature","properties":{"unit_id":106,"landing_id":4,"span_ft":310.0,"deflection_pct":15.5,"min_clear_ft":12.8,"downhill":1,"span_class":"Small yarder"},"geometry":{"type":"LineString","coordinates":[[-120.63359,39.74285],[-120.63306,39.7421]]}},{"type":"Feature","properties":{"unit_id":106,"landing_id":4,"span_ft":331.0,"deflection_pct":14.1,"min_clear_ft":12.0,"downhill":1,"span_class":"Small yarder"},"geometry":{"type":"LineString","coordinates":[[-120.63359,39.74285],[-120.63321,39.74199]]}},{"type":"Feature","properties":{"unit_id":106,"landing_id":4,"span_ft":320.0,"deflection_pct":13.6,"min_clear_ft":12.0,"downhill":1,"span_class":"Small yarder"},"geometry":{"type":"LineString","coordinates":[[-120.63359,39.74285],[-120.63341,39.74198]]}},{"type":"Feature","properties":{"unit_id":106,"landing_id":4,"span_ft":317.0,"deflection_pct":12.4,"min_clear_ft":12.1,"downhill":1,"span_class":"Small yarder"},"geometry":{"type":"LineString","coordinates":[[-120.63359,39.74285],[-120.63361,39.74198]]}},{"type":"Feature","properties":{"unit_id":106,"landing_id":4,"span_ft":320.0,"deflection_pct":12.1,"min_clear_ft":11.5,"downhill":1,"span_class":"Small yarder"},"geometry":{"type":"LineString","coordinates":[[-120.63359,39.74285],[-120.63381,39.74198]]}},{"type":"Feature","properties":{"unit_id":106,"landing_id":4,"span_ft":331.0,"deflection_pct":11.2,"min_clear_ft":11.5,"downhill":1,"span_class":"Small yarder"},"geometry":{"type":"LineString","coordinates":[[-120.63359,39.74285],[-120.63401,39.742]]}},{"type":"Feature","properties":{"unit_id":106,"landing_id":4,"span_ft":350.0,"deflection_pct":8.6,"min_clear_ft":10.9,"downhill":1,"span_class":"Small yarder"},"geometry":{"type":"LineString","coordinates":[[-120.63359,39.74285],[-120.63423,39.74202]]}},{"type":"Feature","properties":{"unit_id":106,"landing_id":4,"span_ft":337.0,"deflection_pct":8.1,"min_clear_ft":10.5,"downhill":1,"span_class":"Small yarder"},"geometry":{"type":"LineString","coordinates":[[-120.63359,39.74285],[-120.63438,39.74215]]}},{"type":"Feature","properties":{"unit_id":106,"landing_id":4,"span_ft":323.0,"deflection_pct":11.2,"min_clear_ft":12.3,"downhill":1,"span_class":"Small yarder"},"geometry":{"type":"LineString","coordinates":[[-120.63359,39.74285],[-120.63449,39.74229]]}},{"type":"Feature","properties":{"unit_id":106,"landing_id":4,"span_ft":359.0,"deflection_pct":12.0,"min_clear_ft":13.7,"downhill":1,"span_class":"Small yarder"},"geometry":{"type":"LineString","coordinates":[[-120.63359,39.74285],[-120.63471,39.74237]]}},{"type":"Feature","properties":{"unit_id":106,"landing_id":4,"span_ft":359.0,"deflection_pct":10.9,"min_clear_ft":13.2,"downhill":1,"span_class":"Small yarder"},"geometry":{"type":"LineString","coordinates":[[-120.63359,39.74285],[-120.6348,39.74252]]}},{"type":"Feature","properties":{"unit_id":106,"landing_id":4,"span_ft":376.0,"deflection_pct":10.0,"min_clear_ft":12.3,"downhill":1,"span_class":"Small yarder"},"geometry":{"type":"LineString","coordinates":[[-120.63359,39.74285],[-120.63491,39.74268]]}},{"type":"Feature","properties":{"unit_id":106,"landing_id":4,"span_ft":371.0,"deflection_pct":10.3,"min_clear_ft":12.5,"downhill":0,"span_class":"Small yarder"},"geometry":{"type":"LineString","coordinates":[[-120.63359,39.74285],[-120.63492,39.74286]]}},{"type":"Feature","properties":{"unit_id":106,"landing_id":4,"span_ft":312.0,"deflection_pct":11.7,"min_clear_ft":12.2,"downhill":0,"span_class":"Small yarder"},"geometry":{"type":"LineString","coordinates":[[-120.63359,39.74285],[-120.63468,39.74301]]}},{"type":"Feature","properties":{"unit_id":106,"landing_id":4,"span_ft":316.0,"deflection_pct":11.8,"min_clear_ft":11.6,"downhill":0,"span_class":"Small yarder"},"geometry":{"type":"LineString","coordinates":[[-120.63359,39.74285],[-120.63464,39.74315]]}},{"type":"Feature","properties":{"unit_id":106,"landing_id":4,"span_ft":332.0,"deflection_pct":12.2,"min_clear_ft":12.9,"downhill":0,"span_class":"Small yarder"},"geometry":{"type":"LineString","coordinates":[[-120.63359,39.74285],[-120.63461,39.74331]]}},{"type":"Feature","properties":{"unit_id":106,"landing_id":4,"span_ft":350.0,"deflection_pct":12.1,"min_clear_ft":12.8,"downhill":0,"span_class":"Small yarder"},"geometry":{"type":"LineString","coordinates":[[-120.63359,39.74285],[-120.63454,39.74347]]}},{"type":"Feature","properties":{"unit_id":106,"landing_id":4,"span_ft":365.0,"deflection_pct":10.8,"min_clear_ft":11.4,"downhill":0,"span_class":"Small yarder"},"geometry":{"type":"LineString","coordinates":[[-120.63359,39.74285],[-120.63441,39.74362]]}},{"type":"Feature","properties":{"unit_id":106,"landing_id":4,"span_ft":391.0,"deflection_pct":9.8,"min_clear_ft":12.1,"downhill":0,"span_class":"Small yarder"},"geometry":{"type":"LineString","coordinates":[[-120.63359,39.74285],[-120.63427,39.74378]]}},{"type":"Feature","properties":{"unit_id":106,"landing_id":5,"span_ft":461.0,"deflection_pct":6.8,"min_clear_ft":11.1,"downhill":1,"span_class":"Small yarder"},"geometry":{"type":"LineString","coordinates":[[-120.6328,39.74376],[-120.63282,39.74249]]}},{"type":"Feature","properties":{"unit_id":106,"landing_id":5,"span_ft":723.0,"deflection_pct":6.4,"min_clear_ft":11.0,"downhill":1,"span_class":"Small yarder"},"geometry":{"type":"LineString","coordinates":[[-120.6328,39.74376],[-120.63448,39.74226]]}},{"type":"Feature","properties":{"unit_id":106,"landing_id":5,"span_ft":740.0,"deflection_pct":6.1,"min_clear_ft":12.8,"downhill":1,"span_class":"Small yarder"},"geometry":{"type":"LineString","coordinates":[[-120.6328,39.74376],[-120.63484,39.74247]]}},{"type":"Feature","properties":{"unit_id":106,"landing_id":5,"span_ft":586.0,"deflection_pct":6.8,"min_clear_ft":10.3,"downhill":1,"span_class":"Small yarder"},"geometry":{"type":"LineString","coordinates":[[-120.6328,39.74376],[-120.63462,39.74297]]}},{"type":"Feature","properties":{"unit_id":106,"landing_id":5,"span_ft":521.0,"deflection_pct":8.2,"min_clear_ft":11.1,"downhill":1,"span_class":"Small yarder"},"geometry":{"type":"LineString","coordinates":[[-120.6328,39.74376],[-120.63455,39.74329]]}},{"type":"Feature","properties":{"unit_id":106,"landing_id":5,"span_ft":459.0,"deflection_pct":9.1,"min_clear_ft":10.8,"downhill":1,"span_class":"Small yarder"},"geometry":{"type":"LineString","coordinates":[[-120.6328,39.74376],[-120.63441,39.74356]]}},{"type":"Feature","properties":{"unit_id":106,"landing_id":5,"span_ft":403.0,"deflection_pct":10.6,"min_clear_ft":12.5,"downhill":0,"span_class":"Small yarder"},"geometry":{"type":"LineString","coordinates":[[-120.6328,39.74376],[-120.63423,39.74377]]}},{"type":"Feature","properties":{"unit_id":106,"landing_id":5,"span_ft":407.0,"deflection_pct":10.4,"min_clear_ft":12.3,"downhill":0,"span_class":"Small yarder"},"geometry":{"type":"LineString","coordinates":[[-120.6328,39.74376],[-120.63422,39.74397]]}},{"type":"Feature","properties":{"unit_id":106,"landing_id":5,"span_ft":421.0,"deflection_pct":9.0,"min_clear_ft":11.1,"downhill":0,"span_class":"Small yarder"},"geometry":{"type":"LineString","coordinates":[[-120.6328,39.74376],[-120.6342,39.74417]]}},{"type":"Feature","properties":{"unit_id":106,"landing_id":5,"span_ft":426.0,"deflection_pct":8.3,"min_clear_ft":11.4,"downhill":0,"span_class":"Small yarder"},"geometry":{"type":"LineString","coordinates":[[-120.6328,39.74376],[-120.6341,39.74436]]}},{"type":"Feature","properties":{"unit_id":106,"landing_id":5,"span_ft":744.0,"deflection_pct":7.1,"min_clear_ft":11.4,"downhill":0,"span_class":"Small yarder"},"geometry":{"type":"LineString","coordinates":[[-120.6328,39.74376],[-120.6348,39.74509]]}},{"type":"Feature","properties":{"unit_id":106,"landing_id":5,"span_ft":799.0,"deflection_pct":6.1,"min_clear_ft":11.3,"downhill":0,"span_class":"Small yarder"},"geometry":{"type":"LineString","coordinates":[[-120.6328,39.74376],[-120.63459,39.74546]]}},{"type":"Feature","properties":{"unit_id":106,"landing_id":6,"span_ft":833.0,"deflection_pct":6.8,"min_clear_ft":12.2,"downhill":1,"span_class":"Small yarder"},"geometry":{"type":"LineString","coordinates":[[-120.63192,39.74462],[-120.63488,39.74465]]}},{"type":"Feature","properties":{"unit_id":106,"landing_id":6,"span_ft":848.0,"deflection_pct":6.5,"min_clear_ft":11.6,"downhill":0,"span_class":"Small yarder"},"geometry":{"type":"LineString","coordinates":[[-120.63192,39.74462],[-120.63488,39.74506]]}},{"type":"Feature","properties":{"unit_id":106,"landing_id":6,"span_ft":805.0,"deflection_pct":6.4,"min_clear_ft":12.1,"downhill":0,"span_class":"Small yarder"},"geometry":{"type":"LineString","coordinates":[[-120.63192,39.74462],[-120.6346,39.74541]]}},{"type":"Feature","properties":{"unit_id":106,"landing_id":6,"span_ft":817.0,"deflection_pct":6.3,"min_clear_ft":12.4,"downhill":0,"span_class":"Small yarder"},"geometry":{"type":"LineString","coordinates":[[-120.63192,39.74462],[-120.63442,39.74577]]}},{"type":"Feature","properties":{"unit_id":106,"landing_id":6,"span_ft":901.0,"deflection_pct":6.3,"min_clear_ft":11.8,"downhill":0,"span_class":"Small yarder"},"geometry":{"type":"LineString","coordinates":[[-120.63192,39.74462],[-120.63435,39.74624]]}},{"type":"Feature","properties":{"unit_id":106,"landing_id":6,"span_ft":984.0,"deflection_pct":6.1,"min_clear_ft":11.3,"downhill":0,"span_class":"Small yarder"},"geometry":{"type":"LineString","coordinates":[[-120.63192,39.74462],[-120.63363,39.74698]]}},{"type":"Feature","properties":{"unit_id":106,"landing_id":7,"span_ft":627.0,"deflection_pct":8.4,"min_clear_ft":11.1,"downhill":1,"span_class":"Small yarder"},"geometry":{"type":"LineString","coordinates":[[-120.63095,39.74542],[-120.63022,39.74379]]}},{"type":"Feature","properties":{"unit_id":106,"landing_id":7,"span_ft":632.0,"deflection_pct":8.6,"min_clear_ft":10.9,"downhill":1,"span_class":"Small yarder"},"geometry":{"type":"LineString","coordinates":[[-120.63095,39.74542],[-120.63059,39.74371]]}},{"type":"Feature","properties":{"unit_id":106,"landing_id":7,"span_ft":366.0,"deflection_pct":15.8,"min_clear_ft":13.6,"downhill":1,"span_class":"Small yarder"},"geometry":{"type":"LineString","coordinates":[[-120.63095,39.74542],[-120.63097,39.74442]]}},{"type":"Feature","properties":{"unit_id":106,"landing_id":7,"span_ft":378.0,"deflection_pct":15.3,"min_clear_ft":13.1,"downhill":1,"span_class":"Small yarder"},"geometry":{"type":"LineString","coordinates":[[-120.63095,39.74542],[-120.6312,39.7444]]}},{"type":"Feature","properties":{"unit_id":106,"landing_id":7,"span_ft":401.0,"deflection_pct":15.3,"min_clear_ft":12.2,"downhill":1,"span_class":"Small yarder"},"geometry":{"type":"LineString","coordinates":[[-120.63095,39.74542],[-120.63146,39.74439]]}},{"type":"Feature","properties":{"unit_id":106,"landing_id":7,"span_ft":998.0,"deflection_pct":6.2,"min_clear_ft":12.4,"downhill":0,"span_class":"Small yarder"},"geometry":{"type":"LineString","coordinates":[[-120.63095,39.74542],[-120.63444,39.74594]]}},{"type":"Feature","properties":{"unit_id":106,"landing_id":7,"span_ft":936.0,"deflection_pct":6.0,"min_clear_ft":11.1,"downhill":0,"span_class":"Small yarder"},"geometry":{"type":"LineString","coordinates":[[-120.63095,39.74542],[-120.63347,39.7471]]}},{"type":"Feature","properties":{"unit_id":106,"landing_id":9,"span_ft":369.0,"deflection_pct":8.3,"min_clear_ft":11.2,"downhill":0,"span_class":"Small yarder"},"geometry":{"type":"LineString","coordinates":[[-120.62853,39.74636],[-120.62722,39.74634]]}},{"type":"Feature","properties":{"unit_id":106,"landing_id":9,"span_ft":317.0,"deflection_pct":13.7,"min_clear_ft":10.9,"downhill":1,"span_class":"Small yarder"},"geometry":{"type":"LineString","coordinates":[[-120.62853,39.74636],[-120.62742,39.74619]]}},{"type":"Feature","properties":{"unit_id":106,"landing_id":9,"span_ft":233.0,"deflection_pct":15.1,"min_clear_ft":10.5,"downhill":1,"span_class":"Small yarder"},"geometry":{"type":"LineString","coordinates":[[-120.62853,39.74636],[-120.62776,39.74613]]}},{"type":"Feature","properties":{"unit_id":106,"landing_id":9,"span_ft":294.0,"deflection_pct":6.7,"min_clear_ft":11.0,"downhill":1,"span_class":"Small yarder"},"geometry":{"type":"LineString","coordinates":[[-120.62853,39.74636],[-120.62763,39.74594]]}},{"type":"Feature","properties":{"unit_id":106,"landing_id":9,"span_ft":306.0,"deflection_pct":6.8,"min_clear_ft":10.5,"downhill":1,"span_class":"Small yarder"},"geometry":{"type":"LineString","coordinates":[[-120.62853,39.74636],[-120.62771,39.74581]]}},{"type":"Feature","properties":{"unit_id":107,"landing_id":4,"span_ft":241.0,"deflection_pct":10.4,"min_clear_ft":11.0,"downhill":1,"span_class":"Small yarder"},"geometry":{"type":"LineString","coordinates":[[-120.62583,39.74205],[-120.62581,39.74271]]}},{"type":"Feature","properties":{"unit_id":107,"landing_id":4,"span_ft":224.0,"deflection_pct":11.8,"min_clear_ft":11.1,"downhill":0,"span_class":"Small yarder"},"geometry":{"type":"LineString","coordinates":[[-120.62583,39.74205],[-120.62568,39.74265]]}},{"type":"Feature","properties":{"unit_id":107,"landing_id":4,"span_ft":214.0,"deflection_pct":14.0,"min_clear_ft":11.5,"downhill":0,"span_class":"Small yarder"},"geometry":{"type":"LineString","coordinates":[[-120.62583,39.74205],[-120.62556,39.7426]]}},{"type":"Feature","properties":{"unit_id":107,"landing_id":4,"span_ft":209.0,"deflection_pct":14.2,"min_clear_ft":11.6,"downhill":0,"span_class":"Small yarder"},"geometry":{"type":"LineString","coordinates":[[-120.62583,39.74205],[-120.62545,39.74254]]}},{"type":"Feature","properties":{"unit_id":107,"landing_id":4,"span_ft":207.0,"deflection_pct":14.2,"min_clear_ft":12.9,"downhill":0,"span_class":"Small yarder"},"geometry":{"type":"LineString","coordinates":[[-120.62583,39.74205],[-120.62535,39.74248]]}},{"type":"Feature","properties":{"unit_id":107,"landing_id":4,"span_ft":208.0,"deflection_pct":13.7,"min_clear_ft":12.1,"downhill":0,"span_class":"Small yarder"},"geometry":{"type":"LineString","coordinates":[[-120.62583,39.74205],[-120.62525,39.74241]]}},{"type":"Feature","properties":{"unit_id":107,"landing_id":4,"span_ft":213.0,"deflection_pct":14.3,"min_clear_ft":13.3,"downhill":0,"span_class":"Small yarder"},"geometry":{"type":"LineString","coordinates":[[-120.62583,39.74205],[-120.62516,39.74233]]}},{"type":"Feature","properties":{"unit_id":107,"landing_id":4,"span_ft":223.0,"deflection_pct":16.1,"min_clear_ft":13.4,"downhill":0,"span_class":"Small yarder"},"geometry":{"type":"LineString","coordinates":[[-120.62583,39.74205],[-120.62508,39.74225]]}},{"type":"Feature","properties":{"unit_id":107,"landing_id":4,"span_ft":241.0,"deflection_pct":16.7,"min_clear_ft":11.8,"downhill":1,"span_class":"Small yarder"},"geometry":{"type":"LineString","coordinates":[[-120.62583,39.74205],[-120.62498,39.74215]]}},{"type":"Feature","properties":{"unit_id":107,"landing_id":4,"span_ft":300.0,"deflection_pct":14.1,"min_clear_ft":11.5,"downhill":1,"span_class":"Small yarder"},"geometry":{"type":"LineString","coordinates":[[-120.62583,39.74205],[-120.62476,39.74203]]}},{"type":"Feature","properties":{"unit_id":107,"landing_id":4,"span_ft":318.0,"deflection_pct":9.1,"min_clear_ft":11.4,"downhill":1,"span_class":"Small yarder"},"geometry":{"type":"LineString","coordinates":[[-120.62583,39.74205],[-120.6262,39.74287]]}},{"type":"Feature","properties":{"unit_id":107,"landing_id":4,"span_ft":268.0,"deflection_pct":9.5,"min_clear_ft":10.9,"downhill":1,"span_class":"Small yarder"},"geometry":{"type":"LineString","coordinates":[[-120.62583,39.74205],[-120.62598,39.74277]]}},{"type":"Feature","properties":{"unit_id":107,"landing_id":5,"span_ft":229.0,"deflection_pct":10.1,"min_clear_ft":12.1,"downhill":0,"span_class":"Small yarder"},"geometry":{"type":"LineString","coordinates":[[-120.62462,39.74152],[-120.62461,39.74215]]}},{"type":"Feature","properties":{"unit_id":107,"landing_id":5,"span_ft":223.0,"deflection_pct":10.4,"min_clear_ft":12.4,"downhill":0,"span_class":"Small yarder"},"geometry":{"type":"LineString","coordinates":[[-120.62462,39.74152],[-120.62447,39.74212]]}},{"type":"Feature","properties":{"unit_id":107,"landing_id":5,"span_ft":226.0,"deflection_pct":11.7,"min_clear_ft":11.9,"downhill":0,"span_class":"Small yarder"},"geometry":{"type":"LineString","coordinates":[[-120.62462,39.74152],[-120.62409,39.74199]]}},{"type":"Feature","properties":{"unit_id":107,"landing_id":5,"span_ft":236.0,"deflection_pct":10.3,"min_clear_ft":10.3,"downhill":0,"span_class":"Small yarder"},"geometry":{"type":"LineString","coordinates":[[-120.62462,39.74152],[-120.62397,39.74193]]}},{"type":"Feature","properties":{"unit_id":107,"landing_id":5,"span_ft":356.0,"deflection_pct":8.3,"min_clear_ft":12.5,"downhill":0,"span_class":"Small yarder"},"geometry":{"type":"LineString","coordinates":[[-120.62462,39.74152],[-120.62542,39.74228]]}},{"type":"Feature","properties":{"unit_id":107,"landing_id":5,"span_ft":295.0,"deflection_pct":8.0,"min_clear_ft":10.2,"downhill":0,"span_class":"Small yarder"},"geometry":{"type":"LineString","coordinates":[[-120.62462,39.74152],[-120.62513,39.74223]]}},{"type":"Feature","properties":{"unit_id":107,"landing_id":5,"span_ft":262.0,"deflection_pct":9.0,"min_clear_ft":11.6,"downhill":0,"span_class":"Small yarder"},"geometry":{"type":"LineString","coordinates":[[-120.62462,39.74152],[-120.62492,39.7422]]}},{"type":"Feature","properties":{"unit_id":107,"landing_id":5,"span_ft":242.0,"deflection_pct":9.2,"min_clear_ft":11.8,"downhill":0,"span_class":"Small yarder"},"geometry":{"type":"LineString","coordinates":[[-120.62462,39.74152],[-120.62475,39.74217]]}},{"type":"Feature","properties":{"unit_id":107,"landing_id":6,"span_ft":1004.0,"deflection_pct":9.5,"min_clear_ft":11.2,"downhill":0,"span_class":"Medium yarder"},"geometry":{"type":"LineString","coordinates":[[-120.62532,39.74046],[-120.62649,39.74307]]}},{"type":"Feature","properties":{"unit_id":107,"landing_id":7,"span_ft":1020.0,"deflection_pct":7.0,"min_clear_ft":11.4,"downhill":0,"span_class":"Medium yarder"},"geometry":{"type":"LineString","coordinates":[[-120.62722,39.74023],[-120.62593,39.74285]]}},{"type":"Feature","properties":{"unit_id":107,"landing_id":7,"span_ft":976.0,"deflection_pct":6.3,"min_clear_ft":10.6,"downhill":0,"span_class":"Small yarder"},"geometry":{"type":"LineString","coordinates":[[-120.62722,39.74023],[-120.62544,39.74253]]}},{"type":"Feature","properties":{"unit_id":107,"landing_id":7,"span_ft":979.0,"deflection_pct":6.5,"min_clear_ft":11.3,"downhill":0,"span_class":"Small yarder"},"geometry":{"type":"LineString","coordinates":[[-120.62722,39.74023],[-120.62494,39.74226]]}},{"type":"Feature","properties":{"unit_id":107,"landing_id":8,"span_ft":365.0,"deflection_pct":9.7,"min_clear_ft":10.3,"downhill":1,"span_class":"Small yarder"},"geometry":{"type":"LineString","coordinates":[[-120.62871,39.73913],[-120.62829,39.73818]]}},{"type":"Feature","properties":{"unit_id":107,"landing_id":8,"span_ft":379.0,"deflection_pct":9.7,"min_clear_ft":11.2,"downhill":1,"span_class":"Small yarder"},"geometry":{"type":"LineString","coordinates":[[-120.62871,39.73913],[-120.6285,39.7381]]}},{"type":"Feature","properties":{"unit_id":107,"landing_id":8,"span_ft":396.0,"deflection_pct":10.1,"min_clear_ft":13.0,"downhill":1,"span_class":"Small yarder"},"geometry":{"type":"LineString","coordinates":[[-120.62871,39.73913],[-120.62874,39.73804]]}},{"type":"Feature","properties":{"unit_id":107,"landing_id":8,"span_ft":403.0,"deflection_pct":9.0,"min_clear_ft":12.1,"downhill":1,"span_class":"Small yarder"},"geometry":{"type":"LineString","coordinates":[[-120.62871,39.73913],[-120.62898,39.73804]]}},{"type":"Feature","properties":{"unit_id":107,"landing_id":8,"span_ft":562.0,"deflection_pct":8.4,"min_clear_ft":11.1,"downhill":1,"span_class":"Small yarder"},"geometry":{"type":"LineString","coordinates":[[-120.62871,39.73913],[-120.62943,39.73768]]}},{"type":"Feature","properties":{"unit_id":107,"landing_id":8,"span_ft":586.0,"deflection_pct":7.9,"min_clear_ft":10.7,"downhill":1,"span_class":"Small yarder"},"geometry":{"type":"LineString","coordinates":[[-120.62871,39.73913],[-120.62978,39.73774]]}},{"type":"Feature","properties":{"unit_id":107,"landing_id":8,"span_ft":558.0,"deflection_pct":8.0,"min_clear_ft":10.2,"downhill":1,"span_class":"Small yarder"},"geometry":{"type":"LineString","coordinates":[[-120.62871,39.73913],[-120.63001,39.73797]]}},{"type":"Feature","properties":{"unit_id":107,"landing_id":8,"span_ft":546.0,"deflection_pct":7.5,"min_clear_ft":10.7,"downhill":1,"span_class":"Small yarder"},"geometry":{"type":"LineString","coordinates":[[-120.62871,39.73913],[-120.63022,39.73818]]}},{"type":"Feature","properties":{"unit_id":107,"landing_id":9,"span_ft":431.0,"deflection_pct":12.3,"min_clear_ft":13.0,"downhill":1,"span_class":"Small yarder"},"geometry":{"type":"LineString","coordinates":[[-120.63005,39.73859],[-120.62873,39.73798]]}},{"type":"Feature","properties":{"unit_id":107,"landing_id":9,"span_ft":425.0,"deflection_pct":12.4,"min_clear_ft":15.8,"downhill":1,"span_class":"Small yarder"},"geometry":{"type":"LineString","coordinates":[[-120.63005,39.73859],[-120.62891,39.73783]]}},{"type":"Feature","properties":{"unit_id":107,"landing_id":9,"span_ft":408.0,"deflection_pct":12.0,"min_clear_ft":14.7,"downhill":1,"span_class":"Small yarder"},"geometry":{"type":"LineString","coordinates":[[-120.63005,39.73859],[-120.62913,39.73772]]}},{"type":"Feature","properties":{"unit_id":107,"landing_id":9,"span_ft":342.0,"deflection_pct":9.7,"min_clear_ft":12.5,"downhill":1,"span_class":"Small yarder"},"geometry":{"type":"LineString","coordinates":[[-120.63005,39.73859],[-120.62946,39.73777]]}},{"type":"Feature","properties":{"unit_id":107,"landing_id":9,"span_ft":214.0,"deflection_pct":16.5,"min_clear_ft":11.8,"downhill":0,"span_class":"Small yarder"},"geometry":{"type":"LineString","coordinates":[[-120.63005,39.73859],[-120.6307,39.73889]]}},{"type":"Feature","properties":{"unit_id":107,"landing_id":9,"span_ft":416.0,"deflection_pct":8.3,"min_clear_ft":13.0,"downhill":0,"span_class":"Small yarder"},"geometry":{"type":"LineString","coordinates":[[-120.63005,39.73859],[-120.63117,39.73934]]}},{"type":"Feature","properties":{"unit_id":403,"landing_id":2,"span_ft":875.0,"deflection_pct":6.7,"min_clear_ft":11.8,"downhill":0,"span_class":"Small yarder"},"geometry":{"type":"LineString","coordinates":[[-120.62254,39.74883],[-120.62031,39.7505]]}},{"type":"Feature","properties":{"unit_id":403,"landing_id":3,"span_ft":704.0,"deflection_pct":7.3,"min_clear_ft":10.7,"downhill":0,"span_class":"Small yarder"},"geometry":{"type":"LineString","coordinates":[[-120.62188,39.74903],[-120.62078,39.75077]]}},{"type":"Feature","properties":{"unit_id":403,"landing_id":3,"span_ft":682.0,"deflection_pct":6.7,"min_clear_ft":12.1,"downhill":0,"span_class":"Small yarder"},"geometry":{"type":"LineString","coordinates":[[-120.62188,39.74903],[-120.62063,39.75064]]}},{"type":"Feature","properties":{"unit_id":403,"landing_id":3,"span_ft":2989.0,"deflection_pct":6.2,"min_clear_ft":11.8,"downhill":1,"span_class":"Long-span yarder"},"geometry":{"type":"LineString","coordinates":[[-120.62188,39.74903],[-120.63181,39.75195]]}},{"type":"Feature","properties":{"unit_id":403,"landing_id":4,"span_ft":841.0,"deflection_pct":7.6,"min_clear_ft":10.8,"downhill":0,"span_class":"Small yarder"},"geometry":{"type":"LineString","coordinates":[[-120.62122,39.74923],[-120.62091,39.75153]]}},{"type":"Feature","properties":{"unit_id":403,"landing_id":4,"span_ft":542.0,"deflection_pct":7.6,"min_clear_ft":12.8,"downhill":0,"span_class":"Small yarder"},"geometry":{"type":"LineString","coordinates":[[-120.62122,39.74923],[-120.62085,39.75069]]}},{"type":"Feature","properties":{"unit_id":403,"landing_id":4,"span_ft":269.0,"deflection_pct":17.2,"min_clear_ft":11.1,"downhill":1,"span_class":"Small yarder"},"geometry":{"type":"LineString","coordinates":[[-120.62122,39.74923],[-120.62217,39.74918]]}},{"type":"Feature","properties":{"unit_id":403,"landing_id":4,"span_ft":278.0,"deflection_pct":19.8,"min_clear_ft":10.9,"downhill":1,"span_class":"Small yarder"},"geometry":{"type":"LineString","coordinates":[[-120.62122,39.74923],[-120.6222,39.74924]]}},{"type":"Feature","properties":{"unit_id":403,"landing_id":5,"span_ft":410.0,"deflection_pct":6.1,"min_clear_ft":12.0,"downhill":0,"span_class":"Small yarder"},"geometry":{"type":"LineString","coordinates":[[-120.62055,39.74943],[-120.62053,39.75056]]}},{"type":"Feature","properties":{"unit_id":403,"landing_id":5,"span_ft":379.0,"deflection_pct":7.0,"min_clear_ft":11.2,"downhill":0,"span_class":"Small yarder"},"geometry":{"type":"LineString","coordinates":[[-120.62055,39.74943],[-120.62042,39.75047]]}},{"type":"Feature","properties":{"unit_id":403,"landing_id":5,"span_ft":355.0,"deflection_pct":7.3,"min_clear_ft":11.6,"downhill":0,"span_class":"Small yarder"},"geometry":{"type":"LineString","coordinates":[[-120.62055,39.74943],[-120.62032,39.75039]]}},{"type":"Feature","properties":{"unit_id":403,"landing_id":5,"span_ft":337.0,"deflection_pct":7.1,"min_clear_ft":11.3,"downhill":0,"span_class":"Small yarder"},"geometry":{"type":"LineString","coordinates":[[-120.62055,39.74943],[-120.62023,39.75032]]}},{"type":"Feature","properties":{"unit_id":403,"landing_id":5,"span_ft":328.0,"deflection_pct":6.9,"min_clear_ft":11.6,"downhill":0,"span_class":"Small yarder"},"geometry":{"type":"LineString","coordinates":[[-120.62055,39.74943],[-120.62014,39.75027]]}},{"type":"Feature","properties":{"unit_id":403,"landing_id":5,"span_ft":334.0,"deflection_pct":6.7,"min_clear_ft":12.2,"downhill":0,"span_class":"Small yarder"},"geometry":{"type":"LineString","coordinates":[[-120.62055,39.74943],[-120.62004,39.75026]]}},{"type":"Feature","properties":{"unit_id":403,"landing_id":5,"span_ft":342.0,"deflection_pct":6.5,"min_clear_ft":12.1,"downhill":0,"span_class":"Small yarder"},"geometry":{"type":"LineString","coordinates":[[-120.62055,39.74943],[-120.61993,39.75024]]}},{"type":"Feature","properties":{"unit_id":403,"landing_id":5,"span_ft":353.0,"deflection_pct":6.4,"min_clear_ft":11.1,"downhill":0,"span_class":"Small yarder"},"geometry":{"type":"LineString","coordinates":[[-120.62055,39.74943],[-120.61982,39.75022]]}},{"type":"Feature","properties":{"unit_id":403,"landing_id":5,"span_ft":367.0,"deflection_pct":6.3,"min_clear_ft":12.3,"downhill":0,"span_class":"Small yarder"},"geometry":{"type":"LineString","coordinates":[[-120.62055,39.74943],[-120.6197,39.7502]]}},{"type":"Feature","properties":{"unit_id":403,"landing_id":5,"span_ft":385.0,"deflection_pct":7.5,"min_clear_ft":16.6,"downhill":0,"span_class":"Small yarder"},"geometry":{"type":"LineString","coordinates":[[-120.62055,39.74943],[-120.61957,39.75017]]}},{"type":"Feature","properties":{"unit_id":403,"landing_id":5,"span_ft":408.0,"deflection_pct":8.4,"min_clear_ft":16.1,"downhill":0,"span_class":"Small yarder"},"geometry":{"type":"LineString","coordinates":[[-120.62055,39.74943],[-120.61943,39.75014]]}},{"type":"Feature","properties":{"unit_id":403,"landing_id":5,"span_ft":439.0,"deflection_pct":9.2,"min_clear_ft":15.5,"downhill":0,"span_class":"Small yarder"},"geometry":{"type":"LineString","coordinates":[[-120.62055,39.74943],[-120.61926,39.75011]]}},{"type":"Feature","properties":{"unit_id":403,"landing_id":5,"span_ft":478.0,"deflection_pct":8.0,"min_clear_ft":14.7,"downhill":0,"span_class":"Small yarder"},"geometry":{"type":"LineString","coordinates":[[-120.62055,39.74943],[-120.61907,39.75007]]}},{"type":"Feature","properties":{"unit_id":403,"landing_id":5,"span_ft":527.0,"deflection_pct":7.1,"min_clear_ft":16.0,"downhill":0,"span_class":"Small yarder"},"geometry":{"type":"LineString","coordinates":[[-120.62055,39.74943],[-120.61884,39.75003]]}},{"type":"Feature","properties":{"unit_id":403,"landing_id":5,"span_ft":464.0,"deflection_pct":6.6,"min_clear_ft":10.6,"downhill":1,"span_class":"Small yarder"},"geometry":{"type":"LineString","coordinates":[[-120.62055,39.74943],[-120.62215,39.74912]]}},{"type":"Feature","properties":{"unit_id":403,"landing_id":5,"span_ft":475.0,"deflection_pct":9.1,"min_clear_ft":10.3,"downhill":1,"span_class":"Small yarder"},"geometry":{"type":"LineString","coordinates":[[-120.62055,39.74943],[-120.62222,39.74923]]}},{"type":"Feature","properties":{"unit_id":403,"landing_id":5,"span_ft":491.0,"deflection_pct":11.2,"min_clear_ft":10.2,"downhill":1,"span_class":"Small yarder"},"geometry":{"type":"LineString","coordinates":[[-120.62055,39.74943],[-120.6223,39.74934]]}},{"type":"Feature","properties":{"unit_id":403,"landing_id":5,"span_ft":498.0,"deflection_pct":13.6,"min_clear_ft":10.2,"downhill":1,"span_class":"Small yarder"},"geometry":{"type":"LineString","coordinates":[[-120.62055,39.74943],[-120.62232,39.74945]]}},{"type":"Feature","properties":{"unit_id":403,"landing_id":5,"span_ft":952.0,"deflection_pct":9.0,"min_clear_ft":10.8,"downhill":0,"span_class":"Small yarder"},"geometry":{"type":"LineString","coordinates":[[-120.62055,39.74943],[-120.62166,39.7519]]}},{"type":"Feature","properties":{"unit_id":403,"landing_id":5,"span_ft":999.0,"deflection_pct":9.8,"min_clear_ft":13.8,"downhill":0,"span_class":"Small yarder"},"geometry":{"type":"LineString","coordinates":[[-120.62055,39.74943],[-120.62142,39.75209]]}},{"type":"Feature","properties":{"unit_id":403,"landing_id":5,"span_ft":981.0,"deflection_pct":7.9,"min_clear_ft":13.2,"downhill":0,"span_class":"Small yarder"},"geometry":{"type":"LineString","coordinates":[[-120.62055,39.74943],[-120.62111,39.75209]]}},{"type":"Feature","properties":{"unit_id":403,"landing_id":6,"span_ft":242.0,"deflection_pct":16.3,"min_clear_ft":11.9,"downhill":0,"span_class":"Small yarder"},"geometry":{"type":"LineString","coordinates":[[-120.61987,39.74959],[-120.61986,39.75026]]}},{"type":"Feature","properties":{"unit_id":403,"landing_id":6,"span_ft":242.0,"deflection_pct":16.5,"min_clear_ft":12.8,"downhill":0,"span_class":"Small yarder"},"geometry":{"type":"LineString","coordinates":[[-120.61987,39.74959],[-120.61979,39.75025]]}},{"type":"Feature","properties":{"unit_id":403,"landing_id":6,"span_ft":242.0,"deflection_pct":17.7,"min_clear_ft":16.5,"downhill":0,"span_class":"Small yarder"},"geometry":{"type":"LineString","coordinates":[[-120.61987,39.74959],[-120.61971,39.75024]]}},{"type":"Feature","properties":{"unit_id":403,"landing_id":6,"span_ft":244.0,"deflection_pct":19.2,"min_clear_ft":17.7,"downhill":0,"span_class":"Small yarder"},"geometry":{"type":"LineString","coordinates":[[-120.61987,39.74959],[-120.61964,39.75024]]}},{"type":"Feature","properties":{"unit_id":403,"landing_id":6,"span_ft":246.0,"deflection_pct":20.3,"min_clear_ft":17.9,"downhill":0,"span_class":"Small yarder"},"geometry":{"type":"LineString","coordinates":[[-120.61987,39.74959],[-120.61956,39.75022]]}},{"type":"Feature","properties":{"unit_id":403,"landing_id":6,"span_ft":250.0,"deflection_pct":21.0,"min_clear_ft":18.4,"downhill":0,"span_class":"Small yarder"},"geometry":{"type":"LineString","coordinates":[[-120.61987,39.74959],[-120.61949,39.75021]]}},{"type":"Feature","properties":{"unit_id":403,"landing_id":6,"span_ft":256.0,"deflection_pct":22.7,"min_clear_ft":19.2,"downhill":0,"span_class":"Small yarder"},"geometry":{"type":"LineString","coordinates":[[-120.61987,39.74959],[-120.61941,39.75019]]}},{"type":"Feature","properties":{"unit_id":403,"landing_id":6,"span_ft":263.0,"deflection_pct":22.0,"min_clear_ft":13.7,"downhill":0,"span_class":"Small yarder"},"geometry":{"type":"LineString","coordinates":[[-120.61987,39.74959],[-120.61933,39.75018]]}},{"type":"Feature","properties":{"unit_id":403,"landing_id":6,"span_ft":272.0,"deflection_pct":21.8,"min_clear_ft":14.5,"downhill":0,"span_class":"Small yarder"},"geometry":{"type":"LineString","coordinates":[[-120.61987,39.74959],[-120.61924,39.75016]]}},{"type":"Feature","properties":{"unit_id":403,"landing_id":6,"span_ft":283.0,"deflection_pct":21.4,"min_clear_ft":19.9,"downhill":0,"span_class":"Small yarder"},"geometry":{"type":"LineString","coordinates":[[-120.61987,39.74959],[-120.61915,39.75013]]}},{"type":"Feature","properties":{"unit_id":403,"landing_id":6,"span_ft":298.0,"deflection_pct":21.2,"min_clear_ft":18.3,"downhill":0,"span_class":"Small yarder"},"geometry":{"type":"LineString","coordinates":[[-120.61987,39.74959],[-120.61905,39.75011]]}},{"type":"Feature","properties":{"unit_id":403,"landing_id":6,"span_ft":318.0,"deflection_pct":19.7,"min_clear_ft":16.1,"downhill":0,"span_class":"Small yarder"},"geometry":{"type":"LineString","coordinates":[[-120.61987,39.74959],[-120.61894,39.75008]]}},{"type":"Feature","properties":{"unit_id":403,"landing_id":6,"span_ft":334.0,"deflection_pct":17.9,"min_clear_ft":15.8,"downhill":0,"span_class":"Small yarder"},"geometry":{"type":"LineString","coordinates":[[-120.61987,39.74959],[-120.61884,39.75004]]}},{"type":"Feature","properties":{"unit_id":403,"landing_id":6,"span_ft":351.0,"deflection_pct":16.1,"min_clear_ft":16.8,"downhill":0,"span_class":"Small yarder"},"geometry":{"type":"LineString","coordinates":[[-120.61987,39.74959],[-120.61874,39.74998]]}},{"type":"Feature","properties":{"unit_id":403,"landing_id":6,"span_ft":371.0,"deflection_pct":14.5,"min_clear_ft":17.8,"downhill":0,"span_class":"Small yarder"},"geometry":{"type":"LineString","coordinates":[[-120.61987,39.74959],[-120.61863,39.74993]]}},{"type":"Feature","properties":{"unit_id":403,"landing_id":6,"span_ft":398.0,"deflection_pct":13.1,"min_clear_ft":16.0,"downhill":0,"span_class":"Small yarder"},"geometry":{"type":"LineString","coordinates":[[-120.61987,39.74959],[-120.6185,39.74986]]}},{"type":"Feature","properties":{"unit_id":403,"landing_id":6,"span_ft":407.0,"deflection_pct":10.1,"min_clear_ft":15.4,"downhill":0,"span_class":"Small yarder"},"geometry":{"type":"LineString","coordinates":[[-120.61987,39.74959],[-120.61845,39.74977]]}},{"type":"Feature","properties":{"unit_id":403,"landing_id":6,"span_ft":416.0,"deflection_pct":7.6,"min_clear_ft":15.2,"downhill":0,"span_class":"Small yarder"},"geometry":{"type":"LineString","coordinates":[[-120.61987,39.74959],[-120.6184,39.74967]]}},{"type":"Feature","properties":{"unit_id":403,"landing_id":6,"span_ft":1030.0,"deflection_pct":9.3,"min_clear_ft":10.4,"downhill":0,"span_class":"Medium yarder"},"geometry":{"type":"LineString","coordinates":[[-120.61987,39.74959],[-120.62242,39.75162]]}},{"type":"Feature","properties":{"unit_id":403,"landing_id":6,"span_ft":1033.0,"deflection_pct":10.6,"min_clear_ft":10.7,"downhill":0,"span_class":"Medium yarder"},"geometry":{"type":"LineString","coordinates":[[-120.61987,39.74959],[-120.62166,39.75207]]}},{"type":"Feature","properties":{"unit_id":403,"landing_id":6,"span_ft":991.0,"deflection_pct":8.5,"min_clear_ft":14.4,"downhill":0,"span_class":"Small yarder"},"geometry":{"type":"LineString","coordinates":[[-120.61987,39.74959],[-120.62132,39.75207]]}},{"type":"Feature","properties":{"unit_id":403,"landing_id":6,"span_ft":257.0,"deflection_pct":15.0,"min_clear_ft":13.3,"downhill":0,"span_class":"Small yarder"},"geometry":{"type":"LineString","coordinates":[[-120.61987,39.74959],[-120.62017,39.75026]]}},{"type":"Feature","properties":{"unit_id":403,"landing_id":6,"span_ft":252.0,"deflection_pct":15.6,"min_clear_ft":13.3,"downhill":0,"span_class":"Small yarder"},"geometry":{"type":"LineString","coordinates":[[-120.61987,39.74959],[-120.62009,39.75026]]}},{"type":"Feature","properties":{"unit_id":403,"landing_id":6,"span_ft":247.0,"deflection_pct":16.4,"min_clear_ft":13.6,"downhill":0,"span_class":"Small yarder"},"geometry":{"type":"LineString","coordinates":[[-120.61987,39.74959],[-120.62001,39.75026]]}},{"type":"Feature","properties":{"unit_id":403,"landing_id":6,"span_ft":244.0,"deflection_pct":16.7,"min_clear_ft":13.3,"downhill":0,"span_class":"Small yarder"},"geometry":{"type":"LineString","coordinates":[[-120.61987,39.74959],[-120.61994,39.75026]]}},{"type":"Feature","properties":{"unit_id":403,"landing_id":7,"span_ft":231.0,"deflection_pct":29.6,"min_clear_ft":15.8,"downhill":0,"span_class":"Small yarder"},"geometry":{"type":"LineString","coordinates":[[-120.61917,39.74955],[-120.61916,39.75019]]}},{"type":"Feature","properties":{"unit_id":403,"landing_id":7,"span_ft":226.0,"deflection_pct":31.3,"min_clear_ft":15.9,"downhill":0,"span_class":"Small yarder"},"geometry":{"type":"LineString","coordinates":[[-120.61917,39.74955],[-120.61909,39.75017]]}},{"type":"Feature","properties":{"unit_id":403,"landing_id":7,"span_ft":223.0,"deflection_pct":32.0,"min_clear_ft":16.3,"downhill":0,"span_class":"Small yarder"},"geometry":{"type":"LineString","coordinates":[[-120.61917,39.74955],[-120.61902,39.75015]]}},{"type":"Feature","properties":{"unit_id":403,"landing_id":7,"span_ft":220.0,"deflection_pct":32.5,"min_clear_ft":16.0,"downhill":0,"span_class":"Small yarder"},"geometry":{"type":"LineString","coordinates":[[-120.61917,39.74955],[-120.61896,39.75013]]}},{"type":"Feature","properties":{"unit_id":403,"landing_id":7,"span_ft":219.0,"deflection_pct":32.5,"min_clear_ft":16.6,"downhill":0,"span_class":"Small yarder"},"geometry":{"type":"LineString","coordinates":[[-120.61917,39.74955],[-120.61889,39.75011]]}},{"type":"Feature","properties":{"unit_id":403,"landing_id":7,"span_ft":218.0,"deflection_pct":32.6,"min_clear_ft":16.6,"downhill":0,"span_class":"Small yarder"},"geometry":{"type":"LineString","coordinates":[[-120.61917,39.74955],[-120.61883,39.75009]]}},{"type":"Feature","properties":{"unit_id":403,"landing_id":7,"span_ft":219.0,"deflection_pct":32.7,"min_clear_ft":17.0,"downhill":0,"span_class":"Small yarder"},"geometry":{"type":"LineString","coordinates":[[-120.61917,39.74955],[-120.61877,39.75007]]}},{"type":"Feature","properties":{"unit_id":403,"landing_id":7,"span_ft":220.0,"deflection_pct":33.0,"min_clear_ft":15.8,"downhill":0,"span_class":"Small yarder"},"geometry":{"type":"LineString","coordinates":[[-120.61917,39.74955],[-120.61871,39.75004]]}},{"type":"Feature","properties":{"unit_id":403,"landing_id":7,"span_ft":222.0,"deflection_pct":32.9,"min_clear_ft":16.1,"downhill":0,"span_class":"Small yarder"},"geometry":{"type":"LineString","coordinates":[[-120.61917,39.74955],[-120.61865,39.75001]]}},{"type":"Feature","properties":{"unit_id":403,"landing_id":7,"span_ft":226.0,"deflection_pct":31.7,"min_clear_ft":16.3,"downhill":0,"span_class":"Small yarder"},"geometry":{"type":"LineString","coordinates":[[-120.61917,39.74955],[-120.61859,39.74998]]}},{"type":"Feature","properties":{"unit_id":403,"landing_id":7,"span_ft":225.0,"deflection_pct":30.9,"min_clear_ft":16.0,"downhill":0,"span_class":"Small yarder"},"geometry":{"type":"LineString","coordinates":[[-120.61917,39.74955],[-120.61855,39.74994]]}},{"type":"Feature","properties":{"unit_id":403,"landing_id":7,"span_ft":223.0,"deflection_pct":30.3,"min_clear_ft":16.1,"downhill":0,"span_class":"Small yarder"},"geometry":{"type":"LineString","coordinates":[[-120.61917,39.74955],[-120.61851,39.7499]]}},{"type":"Feature","properties":{"unit_id":403,"landing_id":7,"span_ft":222.0,"deflection_pct":29.2,"min_clear_ft":16.8,"downhill":0,"span_class":"Small yarder"},"geometry":{"type":"LineString","coordinates":[[-120.61917,39.74955],[-120.61848,39.74985]]}},{"type":"Feature","properties":{"unit_id":403,"landing_id":7,"span_ft":222.0,"deflection_pct":27.7,"min_clear_ft":16.1,"downhill":0,"span_class":"Small yarder"},"geometry":{"type":"LineString","coordinates":[[-120.61917,39.74955],[-120.61845,39.7498]]}},{"type":"Feature","properties":{"unit_id":403,"landing_id":7,"span_ft":223.0,"deflection_pct":26.1,"min_clear_ft":15.7,"downhill":0,"span_class":"Small yarder"},"geometry":{"type":"LineString","coordinates":[[-120.61917,39.74955],[-120.61842,39.74975]]}},{"type":"Feature","properties":{"unit_id":403,"landing_id":7,"span_ft":214.0,"deflection_pct":24.3,"min_clear_ft":18.0,"downhill":0,"span_class":"Small yarder"},"geometry":{"type":"LineString","coordinates":[[-120.61917,39.74955],[-120.61843,39.7497]]}},{"type":"Feature","properties":{"unit_id":403,"landing_id":7,"span_ft":265.0,"deflection_pct":15.4,"min_clear_ft":14.1,"downhill":0,"span_class":"Small yarder"},"geometry":{"type":"LineString","coordinates":[[-120.61917,39.74955],[-120.61963,39.75019]]}},{"type":"Feature","properties":{"unit_id":403,"landing_id":7,"span_ft":255.0,"deflection_pct":18.4,"min_clear_ft":14.6,"downhill":0,"span_class":"Small yarder"},"geometry":{"type":"LineString","coordinates":[[-120.61917,39.74955],[-120.61954,39.75019]]}},{"type":"Feature","properties":{"unit_id":403,"landing_id":7,"span_ft":248.0,"deflection_pct":21.1,"min_clear_ft":15.8,"downhill":0,"span_class":"Small yarder"},"geometry":{"type":"LineString","coordinates":[[-120.61917,39.74955],[-120.61946,39.7502]]}},{"type":"Feature","properties":{"unit_id":403,"landing_id":7,"span_ft":243.0,"deflection_pct":23.9,"min_clear_ft":13.2,"downhill":0,"span_class":"Small yarder"},"geometry":{"type":"LineString","coordinates":[[-120.61917,39.74955],[-120.61938,39.7502]]}},{"type":"Feature","properties":{"unit_id":403,"landing_id":7,"span_ft":239.0,"deflection_pct":25.0,"min_clear_ft":14.0,"downhill":0,"span_class":"Small yarder"},"geometry":{"type":"LineString","coordinates":[[-120.61917,39.74955],[-120.6193,39.7502]]}},{"type":"Feature","properties":{"unit_id":403,"landing_id":7,"span_ft":236.0,"deflection_pct":27.8,"min_clear_ft":17.3,"downhill":0,"span_class":"Small yarder"},"geometry":{"type":"LineString","coordinates":[[-120.61917,39.74955],[-120.61923,39.7502]]}},{"type":"Feature","properties":{"unit_id":403,"landing_id":8,"span_ft":347.0,"deflection_pct":11.2,"min_clear_ft":11.4,"downhill":0,"span_class":"Small yarder"},"geometry":{"type":"LineString","coordinates":[[-120.61854,39.7493],[-120.61923,39.75009]]}},{"type":"Feature","properties":{"unit_id":403,"landing_id":8,"span_ft":315.0,"deflection_pct":13.7,"min_clear_ft":11.5,"downhill":0,"span_class":"Small yarder"},"geometry":{"type":"LineString","coordinates":[[-120.61854,39.7493],[-120.61909,39.75006]]}},{"type":"Feature","properties":{"unit_id":403,"landing_id":10,"span_ft":1026.0,"deflection_pct":11.8,"min_clear_ft":10.4,"downhill":1,"span_class":"Medium yarder"},"geometry":{"type":"LineString","coordinates":[[-120.61943,39.75193],[-120.62205,39.74997]]}},{"type":"Feature","properties":{"unit_id":403,"landing_id":10,"span_ft":961.0,"deflection_pct":13.8,"min_clear_ft":10.2,"downhill":1,"span_class":"Small yarder"},"geometry":{"type":"LineString","coordinates":[[-120.61943,39.75193],[-120.62242,39.75065]]}},{"type":"Feature","properties":{"unit_id":403,"landing_id":11,"span_ft":824.0,"deflection_pct":9.1,"min_clear_ft":12.1,"downhill":1,"span_class":"Small yarder"},"geometry":{"type":"LineString","coordinates":[[-120.62,39.75162],[-120.61979,39.74937]]}},{"type":"Feature","properties":{"unit_id":403,"landing_id":11,"span_ft":815.0,"deflection_pct":10.5,"min_clear_ft":11.6,"downhill":1,"span_class":"Small yarder"},"geometry":{"type":"LineString","coordinates":[[-120.62,39.75162],[-120.62005,39.74938]]}},{"type":"Feature","properties":{"unit_id":403,"landing_id":11,"span_ft":811.0,"deflection_pct":10.7,"min_clear_ft":13.1,"downhill":1,"span_class":"Small yarder"},"geometry":{"type":"LineString","coordinates":[[-120.62,39.75162],[-120.6203,39.74941]]}},{"type":"Feature","properties":{"unit_id":403,"landing_id":11,"span_ft":887.0,"deflection_pct":13.2,"min_clear_ft":11.2,"downhill":1,"span_class":"Small yarder"},"geometry":{"type":"LineString","coordinates":[[-120.62,39.75162],[-120.62207,39.74978]]}},{"type":"Feature","properties":{"unit_id":403,"landing_id":11,"span_ft":743.0,"deflection_pct":14.0,"min_clear_ft":10.8,"downhill":1,"span_class":"Small yarder"},"geometry":{"type":"LineString","coordinates":[[-120.62,39.75162],[-120.62231,39.75063]]}},{"type":"Feature","properties":{"unit_id":403,"landing_id":12,"span_ft":633.0,"deflection_pct":12.4,"min_clear_ft":12.0,"downhill":1,"span_class":"Small yarder"},"geometry":{"type":"LineString","coordinates":[[-120.61996,39.7511],[-120.6198,39.74937]]}},{"type":"Feature","properties":{"unit_id":403,"landing_id":12,"span_ft":626.0,"deflection_pct":12.7,"min_clear_ft":11.0,"downhill":1,"span_class":"Small yarder"},"geometry":{"type":"LineString","coordinates":[[-120.61996,39.7511],[-120.62,39.74938]]}},{"type":"Feature","properties":{"unit_id":403,"landing_id":12,"span_ft":623.0,"deflection_pct":12.5,"min_clear_ft":11.1,"downhill":1,"span_class":"Small yarder"},"geometry":{"type":"LineString","coordinates":[[-120.61996,39.7511],[-120.62019,39.7494]]}},{"type":"Feature","properties":{"unit_id":403,"landing_id":12,"span_ft":723.0,"deflection_pct":17.6,"min_clear_ft":10.0,"downhill":1,"span_class":"Small yarder"},"geometry":{"type":"LineString","coordinates":[[-120.61996,39.7511],[-120.62209,39.74998]]}},{"type":"Feature","properties":{"unit_id":403,"landing_id":12,"span_ft":552.0,"deflection_pct":16.7,"min_clear_ft":15.1,"downhill":0,"span_class":"Small yarder"},"geometry":{"type":"LineString","coordinates":[[-120.61996,39.7511],[-120.62155,39.75199]]}},{"type":"Feature","properties":{"unit_id":403,"landing_id":12,"span_ft":503.0,"deflection_pct":10.5,"min_clear_ft":16.2,"downhill":0,"span_class":"Small yarder"},"geometry":{"type":"LineString","coordinates":[[-120.61996,39.7511],[-120.62132,39.752]]}},{"type":"Feature","properties":{"unit_id":403,"landing_id":13,"span_ft":535.0,"deflection_pct":6.6,"min_clear_ft":15.3,"downhill":1,"span_class":"Small yarder"},"geometry":{"type":"LineString","coordinates":[[-120.61973,39.75058],[-120.61853,39.74944]]}},{"type":"Feature","properties":{"unit_id":403,"landing_id":13,"span_ft":449.0,"deflection_pct":14.1,"min_clear_ft":11.1,"downhill":1,"span_class":"Small yarder"},"geometry":{"type":"LineString","coordinates":[[-120.61973,39.75058],[-120.61961,39.74935]]}},{"type":"Feature","properties":{"unit_id":403,"landing_id":13,"span_ft":445.0,"deflection_pct":14.5,"min_clear_ft":12.5,"downhill":1,"span_class":"Small yarder"},"geometry":{"type":"LineString","coordinates":[[-120.61973,39.75058],[-120.61975,39.74936]]}},{"type":"Feature","properties":{"unit_id":403,"landing_id":13,"span_ft":443.0,"deflection_pct":15.1,"min_clear_ft":13.0,"downhill":1,"span_class":"Small yarder"},"geometry":{"type":"LineString","coordinates":[[-120.61973,39.75058],[-120.61989,39.74937]]}},{"type":"Feature","properties":{"unit_id":403,"landing_id":13,"span_ft":444.0,"deflection_pct":15.0,"min_clear_ft":11.3,"downhill":1,"span_class":"Small yarder"},"geometry":{"type":"LineString","coordinates":[[-120.61973,39.75058],[-120.62003,39.74938]]}},{"type":"Feature","properties":{"unit_id":403,"landing_id":13,"span_ft":448.0,"deflection_pct":14.7,"min_clear_ft":12.0,"downhill":1,"span_class":"Small yarder"},"geometry":{"type":"LineString","coordinates":[[-120.61973,39.75058],[-120.62016,39.7494]]}},{"type":"Feature","properties":{"unit_id":403,"landing_id":13,"span_ft":454.0,"deflection_pct":13.1,"min_clear_ft":10.8,"downhill":1,"span_class":"Small yarder"},"geometry":{"type":"LineString","coordinates":[[-120.61973,39.75058],[-120.6203,39.74941]]}},{"type":"Feature","properties":{"unit_id":403,"landing_id":13,"span_ft":732.0,"deflection_pct":12.1,"min_clear_ft":15.0,"downhill":0,"span_class":"Small yarder"},"geometry":{"type":"LineString","coordinates":[[-120.61973,39.75058],[-120.62154,39.75202]]}},{"type":"Feature","properties":{"unit_id":403,"landing_id":13,"span_ft":684.0,"deflection_pct":7.2,"min_clear_ft":14.7,"downhill":0,"span_class":"Small yarder"},"geometry":{"type":"LineString","coordinates":[[-120.61973,39.75058],[-120.62126,39.75204]]}},{"type":"Feature","properties":{"unit_id":403,"landing_id":14,"span_ft":316.0,"deflection_pct":14.9,"min_clear_ft":13.5,"downhill":1,"span_class":"Small yarder"},"geometry":{"type":"LineString","coordinates":[[-120.61927,39.75017],[-120.61856,39.74949]]}},{"type":"Feature","properties":{"unit_id":403,"landing_id":14,"span_ft":311.0,"deflection_pct":10.3,"min_clear_ft":13.1,"downhill":1,"span_class":"Small yarder"},"geometry":{"type":"LineString","coordinates":[[-120.61927,39.75017],[-120.61957,39.74935]]}},{"type":"Feature","properties":{"unit_id":403,"landing_id":14,"span_ft":315.0,"deflection_pct":11.1,"min_clear_ft":13.4,"downhill":1,"span_class":"Small yarder"},"geometry":{"type":"LineString","coordinates":[[-120.61927,39.75017],[-120.61967,39.74936]]}},{"type":"Feature","properties":{"unit_id":403,"landing_id":14,"span_ft":321.0,"deflection_pct":12.7,"min_clear_ft":13.4,"downhill":1,"span_class":"Small yarder"},"geometry":{"type":"LineString","coordinates":[[-120.61927,39.75017],[-120.61977,39.74937]]}},{"type":"Feature","properties":{"unit_id":403,"landing_id":14,"span_ft":329.0,"deflection_pct":13.3,"min_clear_ft":13.1,"downhill":1,"span_class":"Small yarder"},"geometry":{"type":"LineString","coordinates":[[-120.61927,39.75017],[-120.61987,39.74939]]}},{"type":"Feature","properties":{"unit_id":403,"landing_id":14,"span_ft":339.0,"deflection_pct":13.0,"min_clear_ft":12.9,"downhill":1,"span_class":"Small yarder"},"geometry":{"type":"LineString","coordinates":[[-120.61927,39.75017],[-120.61998,39.74941]]}},{"type":"Feature","properties":{"unit_id":403,"landing_id":14,"span_ft":352.0,"deflection_pct":12.9,"min_clear_ft":11.1,"downhill":1,"span_class":"Small yarder"},"geometry":{"type":"LineString","coordinates":[[-120.61927,39.75017],[-120.62009,39.74944]]}},{"type":"Feature","properties":{"unit_id":403,"landing_id":14,"span_ft":942.0,"deflection_pct":8.2,"min_clear_ft":11.6,"downhill":0,"span_class":"Small yarder"},"geometry":{"type":"LineString","coordinates":[[-120.61927,39.75017],[-120.6216,39.75202]]}},{"type":"Feature","properties":{"unit_id":403,"landing_id":15,"span_ft":272.0,"deflection_pct":7.4,"min_clear_ft":10.7,"downhill":1,"span_class":"Small yarder"},"geometry":{"type":"LineString","coordinates":[[-120.61867,39.74988],[-120.61942,39.74941]]}},{"type":"Feature","properties":{"unit_id":403,"landing_id":15,"span_ft":289.0,"deflection_pct":8.9,"min_clear_ft":11.8,"downhill":1,"span_class":"Small yarder"},"geometry":{"type":"LineString","coordinates":[[-120.61867,39.74988],[-120.61952,39.74943]]}},{"type":"Feature","properties":{"unit_id":403,"landing_id":15,"span_ft":311.0,"deflection_pct":7.6,"min_clear_ft":11.8,"downhill":1,"span_class":"Small yarder"},"geometry":{"type":"LineString","coordinates":[[-120.61867,39.74988],[-120.61963,39.74946]]}},{"type":"Feature","properties":{"unit_id":403,"landing_id":15,"span_ft":341.0,"deflection_pct":8.7,"min_clear_ft":13.5,"downhill":1,"span_class":"Small yarder"},"geometry":{"type":"LineString","coordinates":[[-120.61867,39.74988],[-120.61977,39.74949]]}},{"type":"Feature","properties":{"unit_id":403,"landing_id":15,"span_ft":384.0,"deflection_pct":8.0,"min_clear_ft":10.3,"downhill":1,"span_class":"Small yarder"},"geometry":{"type":"LineString","coordinates":[[-120.61867,39.74988],[-120.61996,39.74953]]}},{"type":"Feature","properties":{"unit_id":403,"landing_id":18,"span_ft":609.0,"deflection_pct":8.4,"min_clear_ft":14.5,"downhill":0,"span_class":"Small yarder"},"geometry":{"type":"LineString","coordinates":[[-120.61869,39.74846],[-120.61903,39.75011]]}},{"type":"Feature","properties":{"unit_id":403,"landing_id":18,"span_ft":570.0,"deflection_pct":9.4,"min_clear_ft":16.9,"downhill":0,"span_class":"Small yarder"},"geometry":{"type":"LineString","coordinates":[[-120.61869,39.74846],[-120.61884,39.75002]]}},{"type":"Feature","properties":{"unit_id":403,"landing_id":19,"span_ft":555.0,"deflection_pct":8.8,"min_clear_ft":14.8,"downhill":0,"span_class":"Small yarder"},"geometry":{"type":"LineString","coordinates":[[-120.61933,39.74867],[-120.61913,39.75019]]}},{"type":"Feature","properties":{"unit_id":403,"landing_id":19,"span_ft":543.0,"deflection_pct":10.3,"min_clear_ft":15.0,"downhill":0,"span_class":"Small yarder"},"geometry":{"type":"LineString","coordinates":[[-120.61933,39.74867],[-120.61897,39.75013]]}},{"type":"Feature","properties":{"unit_id":403,"landing_id":19,"span_ft":534.0,"deflection_pct":10.8,"min_clear_ft":15.7,"downhill":0,"span_class":"Small yarder"},"geometry":{"type":"LineString","coordinates":[[-120.61933,39.74867],[-120.61881,39.75008]]}},{"type":"Feature","properties":{"unit_id":403,"landing_id":19,"span_ft":517.0,"deflection_pct":11.6,"min_clear_ft":15.6,"downhill":0,"span_class":"Small yarder"},"geometry":{"type":"LineString","coordinates":[[-120.61933,39.74867],[-120.61868,39.75]]}},{"type":"Feature","properties":{"unit_id":403,"landing_id":20,"span_ft":627.0,"deflection_pct":6.4,"min_clear_ft":15.5,"downhill":0,"span_class":"Small yarder"},"geometry":{"type":"LineString","coordinates":[[-120.62003,39.74862],[-120.61906,39.75017]]}},{"type":"Feature","properties":{"unit_id":403,"landing_id":20,"span_ft":631.0,"deflection_pct":7.1,"min_clear_ft":15.6,"downhill":0,"span_class":"Small yarder"},"geometry":{"type":"LineString","coordinates":[[-120.62003,39.74862],[-120.61888,39.75011]]}},{"type":"Feature","properties":{"unit_id":403,"landing_id":20,"span_ft":637.0,"deflection_pct":8.1,"min_clear_ft":15.2,"downhill":0,"span_class":"Small yarder"},"geometry":{"type":"LineString","coordinates":[[-120.62003,39.74862],[-120.61871,39.75004]]}},{"type":"Feature","properties":{"unit_id":403,"landing_id":20,"span_ft":631.0,"deflection_pct":8.4,"min_clear_ft":15.6,"downhill":0,"span_class":"Small yarder"},"geometry":{"type":"LineString","coordinates":[[-120.62003,39.74862],[-120.61856,39.74993]]}},{"type":"Feature","properties":{"unit_id":403,"landing_id":20,"span_ft":1336.0,"deflection_pct":6.6,"min_clear_ft":12.0,"downhill":0,"span_class":"Medium yarder"},"geometry":{"type":"LineString","coordinates":[[-120.62003,39.74862],[-120.62159,39.75209]]}},{"type":"Feature","properties":{"unit_id":108,"landing_id":1,"span_ft":243.0,"deflection_pct":12.9,"min_clear_ft":11.3,"downhill":0,"span_class":"Small yarder"},"geometry":{"type":"LineString","coordinates":[[-120.62559,39.74719],[-120.62557,39.74786]]}},{"type":"Feature","properties":{"unit_id":108,"landing_id":1,"span_ft":232.0,"deflection_pct":12.8,"min_clear_ft":11.7,"downhill":0,"span_class":"Small yarder"},"geometry":{"type":"LineString","coordinates":[[-120.62559,39.74719],[-120.62543,39.74782]]}},{"type":"Feature","properties":{"unit_id":108,"landing_id":1,"span_ft":226.0,"deflection_pct":13.3,"min_clear_ft":11.8,"downhill":0,"span_class":"Small yarder"},"geometry":{"type":"LineString","coordinates":[[-120.62559,39.74719],[-120.6253,39.74777]]}},{"type":"Feature","properties":{"unit_id":108,"landing_id":1,"span_ft":224.0,"deflection_pct":12.7,"min_clear_ft":11.8,"downhill":0,"span_class":"Small yarder"},"geometry":{"type":"LineString","coordinates":[[-120.62559,39.74719],[-120.62518,39.74772]]}},{"type":"Feature","properties":{"unit_id":108,"landing_id":1,"span_ft":226.0,"deflection_pct":13.4,"min_clear_ft":11.8,"downhill":0,"span_class":"Small yarder"},"geometry":{"type":"LineString","coordinates":[[-120.62559,39.74719],[-120.62506,39.74766]]}},{"type":"Feature","properties":{"unit_id":108,"landing_id":1,"span_ft":232.0,"deflection_pct":13.8,"min_clear_ft":11.9,"downhill":0,"span_class":"Small yarder"},"geometry":{"type":"LineString","coordinates":[[-120.62559,39.74719],[-120.62495,39.7476]]}},{"type":"Feature","properties":{"unit_id":108,"landing_id":1,"span_ft":243.0,"deflection_pct":12.3,"min_clear_ft":11.9,"downhill":1,"span_class":"Small yarder"},"geometry":{"type":"LineString","coordinates":[[-120.62559,39.74719],[-120.62483,39.74752]]}},{"type":"Feature","properties":{"unit_id":108,"landing_id":1,"span_ft":262.0,"deflection_pct":10.0,"min_clear_ft":11.2,"downhill":1,"span_class":"Small yarder"},"geometry":{"type":"LineString","coordinates":[[-120.62559,39.74719],[-120.62471,39.74743]]}},{"type":"Feature","properties":{"unit_id":108,"landing_id":1,"span_ft":292.0,"deflection_pct":7.2,"min_clear_ft":10.2,"downhill":1,"span_class":"Small yarder"},"geometry":{"type":"LineString","coordinates":[[-120.62559,39.74719],[-120.62456,39.74732]]}},{"type":"Feature","properties":{"unit_id":108,"landing_id":1,"span_ft":751.0,"deflection_pct":8.5,"min_clear_ft":14.9,"downhill":1,"span_class":"Small yarder"},"geometry":{"type":"LineString","coordinates":[[-120.62559,39.74719],[-120.62792,39.74619]]}},{"type":"Feature","properties":{"unit_id":108,"landing_id":1,"span_ft":591.0,"deflection_pct":7.5,"min_clear_ft":10.8,"downhill":1,"span_class":"Small yarder"},"geometry":{"type":"LineString","coordinates":[[-120.62559,39.74719],[-120.62757,39.74666]]}},{"type":"Feature","properties":{"unit_id":108,"landing_id":1,"span_ft":499.0,"deflection_pct":7.4,"min_clear_ft":11.4,"downhill":1,"span_class":"Small yarder"},"geometry":{"type":"LineString","coordinates":[[-120.62559,39.74719],[-120.62734,39.74698]]}},{"type":"Feature","properties":{"unit_id":108,"landing_id":1,"span_ft":445.0,"deflection_pct":7.5,"min_clear_ft":11.4,"downhill":0,"span_class":"Small yarder"},"geometry":{"type":"LineString","coordinates":[[-120.62559,39.74719],[-120.62717,39.74721]]}},{"type":"Feature","properties":{"unit_id":108,"landing_id":1,"span_ft":412.0,"deflection_pct":7.6,"min_clear_ft":11.3,"downhill":0,"span_class":"Small yarder"},"geometry":{"type":"LineString","coordinates":[[-120.62559,39.74719],[-120.62702,39.74741]]}},{"type":"Feature","properties":{"unit_id":108,"landing_id":1,"span_ft":393.0,"deflection_pct":8.0,"min_clear_ft":11.4,"downhill":0,"span_class":"Small yarder"},"geometry":{"type":"LineString","coordinates":[[-120.62559,39.74719],[-120.62689,39.74758]]}},{"type":"Feature","properties":{"unit_id":108,"landing_id":1,"span_ft":384.0,"deflection_pct":8.5,"min_clear_ft":10.9,"downhill":0,"span_class":"Small yarder"},"geometry":{"type":"LineString","coordinates":[[-120.62559,39.74719],[-120.62676,39.74773]]}},{"type":"Feature","properties":{"unit_id":108,"landing_id":1,"span_ft":384.0,"deflection_pct":8.8,"min_clear_ft":11.2,"downhill":0,"span_class":"Small yarder"},"geometry":{"type":"LineString","coordinates":[[-120.62559,39.74719],[-120.62662,39.74788]]}},{"type":"Feature","properties":{"unit_id":108,"landing_id":1,"span_ft":393.0,"deflection_pct":8.0,"min_clear_ft":11.0,"downhill":0,"span_class":"Small yarder"},"geometry":{"type":"LineString","coordinates":[[-120.62559,39.74719],[-120.62647,39.74803]]}},{"type":"Feature","properties":{"unit_id":108,"landing_id":1,"span_ft":348.0,"deflection_pct":9.5,"min_clear_ft":11.2,"downhill":0,"span_class":"Small yarder"},"geometry":{"type":"LineString","coordinates":[[-120.62559,39.74719],[-120.62619,39.74803]]}},{"type":"Feature","properties":{"unit_id":108,"landing_id":1,"span_ft":293.0,"deflection_pct":10.8,"min_clear_ft":11.6,"downhill":0,"span_class":"Small yarder"},"geometry":{"type":"LineString","coordinates":[[-120.62559,39.74719],[-120.62593,39.74795]]}},{"type":"Feature","properties":{"unit_id":108,"landing_id":1,"span_ft":262.0,"deflection_pct":12.1,"min_clear_ft":11.7,"downhill":0,"span_class":"Small yarder"},"geometry":{"type":"LineString","coordinates":[[-120.62559,39.74719],[-120.62573,39.7479]]}},{"type":"Feature","properties":{"unit_id":108,"landing_id":3,"span_ft":292.0,"deflection_pct":10.6,"min_clear_ft":11.8,"downhill":0,"span_class":"Small yarder"},"geometry":{"type":"LineString","coordinates":[[-120.62711,39.74637],[-120.62709,39.74717]]}},{"type":"Feature","properties":{"unit_id":108,"landing_id":3,"span_ft":361.0,"deflection_pct":11.0,"min_clear_ft":12.0,"downhill":0,"span_class":"Small yarder"},"geometry":{"type":"LineString","coordinates":[[-120.62711,39.74637],[-120.62687,39.74734]]}},{"type":"Feature","properties":{"unit_id":108,"landing_id":3,"span_ft":529.0,"deflection_pct":8.2,"min_clear_ft":11.4,"downhill":0,"span_class":"Small yarder"},"geometry":{"type":"LineString","coordinates":[[-120.62711,39.74637],[-120.62644,39.74773]]}},{"type":"Feature","properties":{"unit_id":108,"landing_id":3,"span_ft":259.0,"deflection_pct":15.9,"min_clear_ft":10.2,"downhill":1,"span_class":"Small yarder"},"geometry":{"type":"LineString","coordinates":[[-120.62711,39.74637],[-120.62798,39.74614]]}},{"type":"Feature","properties":{"unit_id":108,"landing_id":3,"span_ft":243.0,"deflection_pct":12.8,"min_clear_ft":12.8,"downhill":1,"span_class":"Small yarder"},"geometry":{"type":"LineString","coordinates":[[-120.62711,39.74637],[-120.62796,39.74626]]}},{"type":"Feature","properties":{"unit_id":108,"landing_id":3,"span_ft":234.0,"deflection_pct":12.7,"min_clear_ft":11.8,"downhill":1,"span_class":"Small yarder"},"geometry":{"type":"LineString","coordinates":[[-120.62711,39.74637],[-120.62794,39.74638]]}},{"type":"Feature","properties":{"unit_id":108,"landing_id":3,"span_ft":221.0,"deflection_pct":13.7,"min_clear_ft":10.4,"downhill":1,"span_class":"Small yarder"},"geometry":{"type":"LineString","coordinates":[[-120.62711,39.74637],[-120.62788,39.74648]]}},{"type":"Feature","properties":{"unit_id":108,"landing_id":3,"span_ft":213.0,"deflection_pct":8.4,"min_clear_ft":11.1,"downhill":1,"span_class":"Small yarder"},"geometry":{"type":"LineString","coordinates":[[-120.62711,39.74637],[-120.62782,39.74658]]}},{"type":"Feature","properties":{"unit_id":108,"landing_id":3,"span_ft":210.0,"deflection_pct":9.5,"min_clear_ft":11.7,"downhill":0,"span_class":"Small yarder"},"geometry":{"type":"LineString","coordinates":[[-120.62711,39.74637],[-120.62775,39.74667]]}},{"type":"Feature","properties":{"unit_id":108,"landing_id":3,"span_ft":210.0,"deflection_pct":10.6,"min_clear_ft":11.5,"downhill":0,"span_class":"Small yarder"},"geometry":{"type":"LineString","coordinates":[[-120.62711,39.74637],[-120.62767,39.74675]]}},{"type":"Feature","properties":{"unit_id":108,"landing_id":3,"span_ft":214.0,"deflection_pct":10.9,"min_clear_ft":11.1,"downhill":0,"span_class":"Small yarder"},"geometry":{"type":"LineString","coordinates":[[-120.62711,39.74637],[-120.62759,39.74683]]}},{"type":"Feature","properties":{"unit_id":108,"landing_id":3,"span_ft":221.0,"deflection_pct":10.7,"min_clear_ft":11.5,"downhill":0,"span_class":"Small yarder"},"geometry":{"type":"LineString","coordinates":[[-120.62711,39.74637],[-120.62749,39.7469]]}},{"type":"Feature","properties":{"unit_id":108,"landing_id":3,"span_ft":234.0,"deflection_pct":10.5,"min_clear_ft":11.4,"downhill":0,"span_class":"Small yarder"},"geometry":{"type":"LineString","coordinates":[[-120.62711,39.74637],[-120.62738,39.74698]]}},{"type":"Feature","properties":{"unit_id":108,"landing_id":3,"span_ft":256.0,"deflection_pct":10.7,"min_clear_ft":11.6,"downhill":0,"span_class":"Small yarder"},"geometry":{"type":"LineString","coordinates":[[-120.62711,39.74637],[-120.62725,39.74706]]}},{"type":"Feature","properties":{"unit_id":108,"landing_id":4,"span_ft":226.0,"deflection_pct":10.8,"min_clear_ft":10.5,"downhill":1,"span_class":"Small yarder"},"geometry":{"type":"LineString","coordinates":[[-120.62544,39.74732],[-120.62464,39.74731]]}},{"type":"Feature","properties":{"unit_id":108,"landing_id":4,"span_ft":284.0,"deflection_pct":6.7,"min_clear_ft":10.6,"downhill":1,"span_class":"Small yarder"},"geometry":{"type":"LineString","coordinates":[[-120.62544,39.74732],[-120.62445,39.74718]]}},{"type":"Feature","properties":{"unit_id":108,"landing_id":4,"span_ft":460.0,"deflection_pct":6.3,"min_clear_ft":11.1,"downhill":1,"span_class":"Small yarder"},"geometry":{"type":"LineString","coordinates":[[-120.62544,39.74732],[-120.62392,39.74687]]}},{"type":"Feature","properties":{"unit_id":108,"landing_id":4,"span_ft":599.0,"deflection_pct":6.9,"min_clear_ft":11.6,"downhill":1,"span_class":"Small yarder"},"geometry":{"type":"LineString","coordinates":[[-120.62544,39.74732],[-120.62746,39.74679]]}},{"type":"Feature","properties":{"unit_id":108,"landing_id":4,"span_ft":505.0,"deflection_pct":6.8,"min_clear_ft":11.7,"downhill":0,"span_class":"Small yarder"},"geometry":{"type":"LineString","coordinates":[[-120.62544,39.74732],[-120.62722,39.7471]]}},{"type":"Feature","properties":{"unit_id":108,"landing_id":4,"span_ft":450.0,"deflection_pct":7.0,"min_clear_ft":11.8,"downhill":0,"span_class":"Small yarder"},"geometry":{"type":"LineString","coordinates":[[-120.62544,39.74732],[-120.62704,39.74734]]}},{"type":"Feature","properties":{"unit_id":108,"landing_id":4,"span_ft":417.0,"deflection_pct":7.6,"min_clear_ft":11.4,"downhill":0,"span_class":"Small yarder"},"geometry":{"type":"LineString","coordinates":[[-120.62544,39.74732],[-120.6269,39.74754]]}},{"type":"Feature","properties":{"unit_id":108,"landing_id":4,"span_ft":397.0,"deflection_pct":8.2,"min_clear_ft":11.0,"downhill":0,"span_class":"Small yarder"},"geometry":{"type":"LineString","coordinates":[[-120.62544,39.74732],[-120.62676,39.74771]]}},{"type":"Feature","properties":{"unit_id":108,"landing_id":4,"span_ft":388.0,"deflection_pct":8.6,"min_clear_ft":11.2,"downhill":0,"span_class":"Small yarder"},"geometry":{"type":"LineString","coordinates":[[-120.62544,39.74732],[-120.62663,39.74787]]}},{"type":"Feature","properties":{"unit_id":108,"landing_id":4,"span_ft":388.0,"deflection_pct":8.3,"min_clear_ft":11.0,"downhill":0,"span_class":"Small yarder"},"geometry":{"type":"LineString","coordinates":[[-120.62544,39.74732],[-120.62649,39.74802]]}},{"type":"Feature","properties":{"unit_id":108,"landing_id":4,"span_ft":285.0,"deflection_pct":11.5,"min_clear_ft":11.5,"downhill":0,"span_class":"Small yarder"},"geometry":{"type":"LineString","coordinates":[[-120.62544,39.74732],[-120.62608,39.74793]]}},{"type":"Feature","properties":{"unit_id":108,"landing_id":4,"span_ft":226.0,"deflection_pct":14.0,"min_clear_ft":11.9,"downhill":0,"span_class":"Small yarder"},"geometry":{"type":"LineString","coordinates":[[-120.62544,39.74732],[-120.62584,39.74787]]}},{"type":"Feature","properties":{"unit_id":108,"landing_id":6,"span_ft":301.0,"deflection_pct":10.5,"min_clear_ft":13.7,"downhill":0,"span_class":"Small yarder"},"geometry":{"type":"LineString","coordinates":[[-120.62283,39.74564],[-120.62282,39.74647]]}},{"type":"Feature","properties":{"unit_id":108,"landing_id":6,"span_ft":279.0,"deflection_pct":10.8,"min_clear_ft":12.4,"downhill":0,"span_class":"Small yarder"},"geometry":{"type":"LineString","coordinates":[[-120.62283,39.74564],[-120.62265,39.74639]]}},{"type":"Feature","properties":{"unit_id":108,"landing_id":6,"span_ft":265.0,"deflection_pct":11.4,"min_clear_ft":12.5,"downhill":0,"span_class":"Small yarder"},"geometry":{"type":"LineString","coordinates":[[-120.62283,39.74564],[-120.6225,39.74632]]}},{"type":"Feature","properties":{"unit_id":108,"landing_id":6,"span_ft":258.0,"deflection_pct":12.8,"min_clear_ft":11.9,"downhill":0,"span_class":"Small yarder"},"geometry":{"type":"LineString","coordinates":[[-120.62283,39.74564],[-120.62236,39.74625]]}},{"type":"Feature","properties":{"unit_id":108,"landing_id":6,"span_ft":256.0,"deflection_pct":13.2,"min_clear_ft":12.1,"downhill":0,"span_class":"Small yarder"},"geometry":{"type":"LineString","coordinates":[[-120.62283,39.74564],[-120.62224,39.74617]]}},{"type":"Feature","properties":{"unit_id":108,"landing_id":6,"span_ft":259.0,"deflection_pct":14.1,"min_clear_ft":11.8,"downhill":0,"span_class":"Small yarder"},"geometry":{"type":"LineString","coordinates":[[-120.62283,39.74564],[-120.62212,39.74609]]}},{"type":"Feature","properties":{"unit_id":108,"landing_id":6,"span_ft":269.0,"deflection_pct":15.9,"min_clear_ft":12.3,"downhill":0,"span_class":"Small yarder"},"geometry":{"type":"LineString","coordinates":[[-120.62283,39.74564],[-120.622,39.746]]}},{"type":"Feature","properties":{"unit_id":108,"landing_id":6,"span_ft":291.0,"deflection_pct":13.4,"min_clear_ft":10.8,"downhill":0,"span_class":"Small yarder"},"geometry":{"type":"LineString","coordinates":[[-120.62283,39.74564],[-120.62186,39.7459]]}},{"type":"Feature","properties":{"unit_id":108,"landing_id":6,"span_ft":326.0,"deflection_pct":9.6,"min_clear_ft":10.0,"downhill":0,"span_class":"Small yarder"},"geometry":{"type":"LineString","coordinates":[[-120.62283,39.74564],[-120.62169,39.74578]]}},{"type":"Feature","properties":{"unit_id":108,"landing_id":6,"span_ft":389.0,"deflection_pct":6.6,"min_clear_ft":11.0,"downhill":1,"span_class":"Small yarder"},"geometry":{"type":"LineString","coordinates":[[-120.62283,39.74564],[-120.62145,39.74562]]}},{"type":"Feature","properties":{"unit_id":108,"landing_id":6,"span_ft":405.0,"deflection_pct":6.3,"min_clear_ft":10.8,"downhill":0,"span_class":"Small yarder"},"geometry":{"type":"LineString","coordinates":[[-120.62283,39.74564],[-120.6233,39.74669]]}},{"type":"Feature","properties":{"unit_id":108,"landing_id":6,"span_ft":339.0,"deflection_pct":9.0,"min_clear_ft":11.1,"downhill":0,"span_class":"Small yarder"},"geometry":{"type":"LineString","coordinates":[[-120.62283,39.74564],[-120.62302,39.74656]]}},{"type":"Feature","properties":{"unit_id":108,"landing_id":8,"span_ft":481.0,"deflection_pct":11.8,"min_clear_ft":12.5,"downhill":1,"span_class":"Small yarder"},"geometry":{"type":"LineString","coordinates":[[-120.62531,39.74306],[-120.62504,39.74176]]}},{"type":"Feature","properties":{"unit_id":108,"landing_id":8,"span_ft":448.0,"deflection_pct":10.0,"min_clear_ft":12.6,"downhill":1,"span_class":"Small yarder"},"geometry":{"type":"LineString","coordinates":[[-120.62531,39.74306],[-120.62534,39.74183]]}},{"type":"Feature","properties":{"unit_id":108,"landing_id":8,"span_ft":411.0,"deflection_pct":8.5,"min_clear_ft":10.9,"downhill":1,"span_class":"Small yarder"},"geometry":{"type":"LineString","coordinates":[[-120.62531,39.74306],[-120.62559,39.74195]]}},{"type":"Feature","properties":{"unit_id":108,"landing_id":8,"span_ft":386.0,"deflection_pct":7.7,"min_clear_ft":11.1,"downhill":1,"span_class":"Small yarder"},"geometry":{"type":"LineString","coordinates":[[-120.62531,39.74306],[-120.6258,39.74207]]}},{"type":"Feature","properties":{"unit_id":108,"landing_id":8,"span_ft":373.0,"deflection_pct":7.8,"min_clear_ft":10.9,"downhill":1,"span_class":"Small yarder"},"geometry":{"type":"LineString","coordinates":[[-120.62531,39.74306],[-120.62599,39.74218]]}},{"type":"Feature","properties":{"unit_id":108,"landing_id":8,"span_ft":368.0,"deflection_pct":8.2,"min_clear_ft":11.1,"downhill":1,"span_class":"Small yarder"},"geometry":{"type":"LineString","coordinates":[[-120.62531,39.74306],[-120.62617,39.74229]]}},{"type":"Feature","properties":{"unit_id":108,"landing_id":8,"span_ft":372.0,"deflection_pct":8.2,"min_clear_ft":11.2,"downhill":1,"span_class":"Small yarder"},"geometry":{"type":"LineString","coordinates":[[-120.62531,39.74306],[-120.62634,39.74241]]}},{"type":"Feature","properties":{"unit_id":108,"landing_id":8,"span_ft":384.0,"deflection_pct":8.3,"min_clear_ft":10.4,"downhill":1,"span_class":"Small yarder"},"geometry":{"type":"LineString","coordinates":[[-120.62531,39.74306],[-120.62651,39.74255]]}},{"type":"Feature","properties":{"unit_id":108,"landing_id":8,"span_ft":407.0,"deflection_pct":8.5,"min_clear_ft":10.6,"downhill":1,"span_class":"Small yarder"},"geometry":{"type":"LineString","coordinates":[[-120.62531,39.74306],[-120.62668,39.74269]]}},{"type":"Feature","properties":{"unit_id":109,"landing_id":1,"span_ft":488.0,"deflection_pct":6.3,"min_clear_ft":10.2,"downhill":0,"span_class":"Small yarder"},"geometry":{"type":"LineString","coordinates":[[-120.62559,39.74719],[-120.62643,39.74836]]}},{"type":"Feature","properties":{"unit_id":109,"landing_id":2,"span_ft":498.0,"deflection_pct":7.1,"min_clear_ft":11.5,"downhill":1,"span_class":"Small yarder"},"geometry":{"type":"LineString","coordinates":[[-120.62497,39.74774],[-120.62386,39.74667]]}},{"type":"Feature","properties":{"unit_id":109,"landing_id":2,"span_ft":371.0,"deflection_pct":6.6,"min_clear_ft":11.5,"downhill":1,"span_class":"Small yarder"},"geometry":{"type":"LineString","coordinates":[[-120.62497,39.74774],[-120.62433,39.74685]]}},{"type":"Feature","properties":{"unit_id":109,"landing_id":2,"span_ft":310.0,"deflection_pct":6.7,"min_clear_ft":10.9,"downhill":1,"span_class":"Small yarder"},"geometry":{"type":"LineString","coordinates":[[-120.62497,39.74774],[-120.62461,39.74693]]}},{"type":"Feature","properties":{"unit_id":109,"landing_id":2,"span_ft":276.0,"deflection_pct":8.8,"min_clear_ft":10.9,"downhill":1,"span_class":"Small yarder"},"geometry":{"type":"LineString","coordinates":[[-120.62497,39.74774],[-120.62482,39.74699]]}},{"type":"Feature","properties":{"unit_id":109,"landing_id":2,"span_ft":256.0,"deflection_pct":11.4,"min_clear_ft":11.1,"downhill":1,"span_class":"Small yarder"},"geometry":{"type":"LineString","coordinates":[[-120.62497,39.74774],[-120.62499,39.74703]]}},{"type":"Feature","properties":{"unit_id":109,"landing_id":2,"span_ft":243.0,"deflection_pct":13.1,"min_clear_ft":12.0,"downhill":1,"span_class":"Small yarder"},"geometry":{"type":"LineString","coordinates":[[-120.62497,39.74774],[-120.62514,39.74708]]}},{"type":"Feature","properties":{"unit_id":109,"landing_id":2,"span_ft":237.0,"deflection_pct":13.2,"min_clear_ft":11.7,"downhill":1,"span_class":"Small yarder"},"geometry":{"type":"LineString","coordinates":[[-120.62497,39.74774],[-120.62527,39.74713]]}},{"type":"Feature","properties":{"unit_id":109,"landing_id":2,"span_ft":235.0,"deflection_pct":14.8,"min_clear_ft":13.1,"downhill":1,"span_class":"Small yarder"},"geometry":{"type":"LineString","coordinates":[[-120.62497,39.74774],[-120.6254,39.74718]]}},{"type":"Feature","properties":{"unit_id":109,"landing_id":2,"span_ft":237.0,"deflection_pct":12.3,"min_clear_ft":11.8,"downhill":1,"span_class":"Small yarder"},"geometry":{"type":"LineString","coordinates":[[-120.62497,39.74774],[-120.62552,39.74724]]}},{"type":"Feature","properties":{"unit_id":109,"landing_id":2,"span_ft":243.0,"deflection_pct":12.6,"min_clear_ft":12.0,"downhill":1,"span_class":"Small yarder"},"geometry":{"type":"LineString","coordinates":[[-120.62497,39.74774],[-120.62564,39.74731]]}},{"type":"Feature","properties":{"unit_id":109,"landing_id":2,"span_ft":255.0,"deflection_pct":11.8,"min_clear_ft":11.6,"downhill":0,"span_class":"Small yarder"},"geometry":{"type":"LineString","coordinates":[[-120.62497,39.74774],[-120.62577,39.74739]]}},{"type":"Feature","properties":{"unit_id":109,"landing_id":2,"span_ft":275.0,"deflection_pct":11.1,"min_clear_ft":11.6,"downhill":0,"span_class":"Small yarder"},"geometry":{"type":"LineString","coordinates":[[-120.62497,39.74774],[-120.6259,39.74749]]}},{"type":"Feature","properties":{"unit_id":109,"landing_id":2,"span_ft":308.0,"deflection_pct":10.3,"min_clear_ft":12.2,"downhill":0,"span_class":"Small yarder"},"geometry":{"type":"LineString","coordinates":[[-120.62497,39.74774],[-120.62606,39.7476]]}},{"type":"Feature","properties":{"unit_id":109,"landing_id":2,"span_ft":367.0,"deflection_pct":9.0,"min_clear_ft":11.5,"downhill":0,"span_class":"Small yarder"},"geometry":{"type":"LineString","coordinates":[[-120.62497,39.74774],[-120.62628,39.74775]]}},{"type":"Feature","properties":{"unit_id":109,"landing_id":2,"span_ft":452.0,"deflection_pct":7.1,"min_clear_ft":11.3,"downhill":0,"span_class":"Small yarder"},"geometry":{"type":"LineString","coordinates":[[-120.62497,39.74774],[-120.62655,39.74797]]}},{"type":"Feature","properties":{"unit_id":109,"landing_id":2,"span_ft":485.0,"deflection_pct":6.4,"min_clear_ft":10.8,"downhill":0,"span_class":"Small yarder"},"geometry":{"type":"LineString","coordinates":[[-120.62497,39.74774],[-120.62659,39.74821]]}},{"type":"Feature","properties":{"unit_id":109,"landing_id":3,"span_ft":1013.0,"deflection_pct":7.0,"min_clear_ft":12.7,"downhill":0,"span_class":"Medium yarder"},"geometry":{"type":"LineString","coordinates":[[-120.62188,39.74903],[-120.62059,39.75163]]}},{"type":"Feature","properties":{"unit_id":109,"landing_id":3,"span_ft":944.0,"deflection_pct":9.2,"min_clear_ft":13.3,"downhill":0,"span_class":"Small yarder"},"geometry":{"type":"LineString","coordinates":[[-120.62188,39.74903],[-120.62015,39.75126]]}},{"type":"Feature","properties":{"unit_id":109,"landing_id":7,"span_ft":261.0,"deflection_pct":13.1,"min_clear_ft":11.7,"downhill":1,"span_class":"Small yarder"},"geometry":{"type":"LineString","coordinates":[[-120.61973,39.75058],[-120.61971,39.7513]]}},{"type":"Feature","properties":{"unit_id":109,"landing_id":7,"span_ft":437.0,"deflection_pct":17.1,"min_clear_ft":19.2,"downhill":0,"span_class":"Small yarder"},"geometry":{"type":"LineString","coordinates":[[-120.61973,39.75058],[-120.62126,39.75081]]}},{"type":"Feature","properties":{"unit_id":109,"landing_id":7,"span_ft":446.0,"deflection_pct":15.6,"min_clear_ft":13.6,"downhill":0,"span_class":"Small yarder"},"geometry":{"type":"LineString","coordinates":[[-120.61973,39.75058],[-120.62121,39.75102]]}},{"type":"Feature","properties":{"unit_id":109,"landing_id":7,"span_ft":483.0,"deflection_pct":13.1,"min_clear_ft":13.7,"downhill":0,"span_class":"Small yarder"},"geometry":{"type":"LineString","coordinates":[[-120.61973,39.75058],[-120.6212,39.75126]]}},{"type":"Feature","properties":{"unit_id":109,"landing_id":7,"span_ft":565.0,"deflection_pct":10.0,"min_clear_ft":15.4,"downhill":0,"span_class":"Small yarder"},"geometry":{"type":"LineString","coordinates":[[-120.61973,39.75058],[-120.62125,39.75159]]}},{"type":"Feature","properties":{"unit_id":109,"landing_id":7,"span_ft":679.0,"deflection_pct":7.1,"min_clear_ft":15.4,"downhill":0,"span_class":"Small yarder"},"geometry":{"type":"LineString","coordinates":[[-120.61973,39.75058],[-120.62125,39.75203]]}},{"type":"Feature","properties":{"unit_id":109,"landing_id":7,"span_ft":300.0,"deflection_pct":10.0,"min_clear_ft":11.5,"downhill":0,"span_class":"Small yarder"},"geometry":{"type":"LineString","coordinates":[[-120.61973,39.75058],[-120.62025,39.7513]]}},{"type":"Feature","properties":{"unit_id":109,"landing_id":7,"span_ft":291.0,"deflection_pct":10.6,"min_clear_ft":11.6,"downhill":0,"span_class":"Small yarder"},"geometry":{"type":"LineString","coordinates":[[-120.61973,39.75058],[-120.62007,39.75134]]}},{"type":"Feature","properties":{"unit_id":109,"landing_id":7,"span_ft":272.0,"deflection_pct":11.9,"min_clear_ft":12.0,"downhill":0,"span_class":"Small yarder"},"geometry":{"type":"LineString","coordinates":[[-120.61973,39.75058],[-120.61988,39.75132]]}},{"type":"Feature","properties":{"unit_id":109,"landing_id":9,"span_ft":815.0,"deflection_pct":6.1,"min_clear_ft":10.9,"downhill":1,"span_class":"Small yarder"},"geometry":{"type":"LineString","coordinates":[[-120.62154,39.74747],[-120.62158,39.74524]]}},{"type":"Feature","properties":{"unit_id":109,"landing_id":9,"span_ft":757.0,"deflection_pct":6.1,"min_clear_ft":10.4,"downhill":1,"span_class":"Small yarder"},"geometry":{"type":"LineString","coordinates":[[-120.62154,39.74747],[-120.62205,39.74543]]}},{"type":"Feature","properties":{"unit_id":404,"landing_id":2,"span_ft":804.0,"deflection_pct":9.7,"min_clear_ft":11.0,"downhill":0,"span_class":"Small yarder"},"geometry":{"type":"LineString","coordinates":[[-120.62055,39.74943],[-120.62001,39.7516]]}},{"type":"Feature","properties":{"unit_id":404,"landing_id":3,"span_ft":753.0,"deflection_pct":9.1,"min_clear_ft":12.1,"downhill":0,"span_class":"Small yarder"},"geometry":{"type":"LineString","coordinates":[[-120.61987,39.74959],[-120.62007,39.75165]]}},{"type":"Feature","properties":{"unit_id":404,"landing_id":6,"span_ft":361.0,"deflection_pct":6.2,"min_clear_ft":10.6,"downhill":0,"span_class":"Small yarder"},"geometry":{"type":"LineString","coordinates":[[-120.61806,39.7489],[-120.61714,39.74959]]}},{"type":"Feature","properties":{"unit_id":404,"landing_id":6,"span_ft":341.0,"deflection_pct":7.1,"min_clear_ft":10.8,"downhill":0,"span_class":"Small yarder"},"geometry":{"type":"LineString","coordinates":[[-120.61806,39.7489],[-120.61712,39.7495]]}},{"type":"Feature","properties":{"unit_id":404,"landing_id":6,"span_ft":326.0,"deflection_pct":7.5,"min_clear_ft":11.5,"downhill":0,"span_class":"Small yarder"},"geometry":{"type":"LineString","coordinates":[[-120.61806,39.7489],[-120.6171,39.74941]]}},{"type":"Feature","properties":{"unit_id":404,"landing_id":6,"span_ft":314.0,"deflection_pct":7.2,"min_clear_ft":11.4,"downhill":0,"span_class":"Small yarder"},"geometry":{"type":"LineString","coordinates":[[-120.61806,39.7489],[-120.61709,39.74932]]}},{"type":"Feature","properties":{"unit_id":404,"landing_id":6,"span_ft":305.0,"deflection_pct":6.9,"min_clear_ft":12.2,"downhill":0,"span_class":"Small yarder"},"geometry":{"type":"LineString","coordinates":[[-120.61806,39.7489],[-120.61707,39.74925]]}},{"type":"Feature","properties":{"unit_id":404,"landing_id":6,"span_ft":298.0,"deflection_pct":6.9,"min_clear_ft":12.0,"downhill":0,"span_class":"Small yarder"},"geometry":{"type":"LineString","coordinates":[[-120.61806,39.7489],[-120.61706,39.74917]]}},{"type":"Feature","properties":{"unit_id":404,"landing_id":6,"span_ft":293.0,"deflection_pct":7.3,"min_clear_ft":12.0,"downhill":0,"span_class":"Small yarder"},"geometry":{"type":"LineString","coordinates":[[-120.61806,39.7489],[-120.61705,39.7491]]}},{"type":"Feature","properties":{"unit_id":404,"landing_id":6,"span_ft":289.0,"deflection_pct":7.4,"min_clear_ft":12.0,"downhill":0,"span_class":"Small yarder"},"geometry":{"type":"LineString","coordinates":[[-120.61806,39.7489],[-120.61705,39.74903]]}},{"type":"Feature","properties":{"unit_id":404,"landing_id":6,"span_ft":287.0,"deflection_pct":7.1,"min_clear_ft":12.1,"downhill":0,"span_class":"Small yarder"},"geometry":{"type":"LineString","coordinates":[[-120.61806,39.7489],[-120.61704,39.74896]]}},{"type":"Feature","properties":{"unit_id":404,"landing_id":6,"span_ft":287.0,"deflection_pct":8.5,"min_clear_ft":10.6,"downhill":0,"span_class":"Small yarder"},"geometry":{"type":"LineString","coordinates":[[-120.61806,39.7489],[-120.61704,39.74889]]}},{"type":"Feature","properties":{"unit_id":404,"landing_id":6,"span_ft":288.0,"deflection_pct":8.7,"min_clear_ft":11.9,"downhill":0,"span_class":"Small yarder"},"geometry":{"type":"LineString","coordinates":[[-120.61806,39.7489],[-120.61704,39.74882]]}},{"type":"Feature","properties":{"unit_id":404,"landing_id":6,"span_ft":290.0,"deflection_pct":8.4,"min_clear_ft":10.6,"downhill":0,"span_class":"Small yarder"},"geometry":{"type":"LineString","coordinates":[[-120.61806,39.7489],[-120.61705,39.74875]]}},{"type":"Feature","properties":{"unit_id":404,"landing_id":6,"span_ft":294.0,"deflection_pct":8.0,"min_clear_ft":12.0,"downhill":0,"span_class":"Small yarder"},"geometry":{"type":"LineString","coordinates":[[-120.61806,39.7489],[-120.61706,39.74868]]}},{"type":"Feature","properties":{"unit_id":404,"landing_id":6,"span_ft":300.0,"deflection_pct":7.8,"min_clear_ft":11.9,"downhill":0,"span_class":"Small yarder"},"geometry":{"type":"LineString","coordinates":[[-120.61806,39.7489],[-120.61707,39.74861]]}},{"type":"Feature","properties":{"unit_id":404,"landing_id":6,"span_ft":307.0,"deflection_pct":8.2,"min_clear_ft":11.6,"downhill":0,"span_class":"Small yarder"},"geometry":{"type":"LineString","coordinates":[[-120.61806,39.7489],[-120.61708,39.74854]]}},{"type":"Feature","properties":{"unit_id":404,"landing_id":6,"span_ft":317.0,"deflection_pct":8.0,"min_clear_ft":10.2,"downhill":0,"span_class":"Small yarder"},"geometry":{"type":"LineString","coordinates":[[-120.61806,39.7489],[-120.61709,39.74846]]}},{"type":"Feature","properties":{"unit_id":404,"landing_id":6,"span_ft":329.0,"deflection_pct":7.2,"min_clear_ft":10.7,"downhill":0,"span_class":"Small yarder"},"geometry":{"type":"LineString","coordinates":[[-120.61806,39.7489],[-120.61711,39.74837]]}},{"type":"Feature","properties":{"unit_id":404,"landing_id":6,"span_ft":308.0,"deflection_pct":6.2,"min_clear_ft":10.9,"downhill":0,"span_class":"Small yarder"},"geometry":{"type":"LineString","coordinates":[[-120.61806,39.7489],[-120.61723,39.74835]]}},{"type":"Feature","properties":{"unit_id":404,"landing_id":7,"span_ft":380.0,"deflection_pct":7.4,"min_clear_ft":12.3,"downhill":0,"span_class":"Small yarder"},"geometry":{"type":"LineString","coordinates":[[-120.61783,39.74839],[-120.61724,39.74933]]}},{"type":"Feature","properties":{"unit_id":404,"landing_id":7,"span_ft":338.0,"deflection_pct":7.4,"min_clear_ft":10.3,"downhill":0,"span_class":"Small yarder"},"geometry":{"type":"LineString","coordinates":[[-120.61783,39.74839],[-120.61721,39.74918]]}},{"type":"Feature","properties":{"unit_id":404,"landing_id":7,"span_ft":308.0,"deflection_pct":9.3,"min_clear_ft":11.5,"downhill":0,"span_class":"Small yarder"},"geometry":{"type":"LineString","coordinates":[[-120.61783,39.74839],[-120.61719,39.74907]]}},{"type":"Feature","properties":{"unit_id":404,"landing_id":7,"span_ft":286.0,"deflection_pct":11.4,"min_clear_ft":11.4,"downhill":0,"span_class":"Small yarder"},"geometry":{"type":"LineString","coordinates":[[-120.61783,39.74839],[-120.61716,39.74898]]}},{"type":"Feature","properties":{"unit_id":404,"landing_id":7,"span_ft":270.0,"deflection_pct":12.7,"min_clear_ft":12.8,"downhill":0,"span_class":"Small yarder"},"geometry":{"type":"LineString","coordinates":[[-120.61783,39.74839],[-120.61714,39.7489]]}},{"type":"Feature","properties":{"unit_id":404,"landing_id":7,"span_ft":257.0,"deflection_pct":13.0,"min_clear_ft":12.3,"downhill":0,"span_class":"Small yarder"},"geometry":{"type":"LineString","coordinates":[[-120.61783,39.74839],[-120.61712,39.74883]]}},{"type":"Feature","properties":{"unit_id":404,"landing_id":7,"span_ft":247.0,"deflection_pct":14.4,"min_clear_ft":12.3,"downhill":0,"span_class":"Small yarder"},"geometry":{"type":"LineString","coordinates":[[-120.61783,39.74839],[-120.6171,39.74877]]}},{"type":"Feature","properties":{"unit_id":404,"landing_id":7,"span_ft":239.0,"deflection_pct":13.9,"min_clear_ft":12.2,"downhill":0,"span_class":"Small yarder"},"geometry":{"type":"LineString","coordinates":[[-120.61783,39.74839],[-120.61709,39.74871]]}},{"type":"Feature","properties":{"unit_id":404,"landing_id":7,"span_ft":233.0,"deflection_pct":13.9,"min_clear_ft":12.7,"downhill":0,"span_class":"Small yarder"},"geometry":{"type":"LineString","coordinates":[[-120.61783,39.74839],[-120.61707,39.74865]]}},{"type":"Feature","properties":{"unit_id":404,"landing_id":7,"span_ft":327.0,"deflection_pct":14.6,"min_clear_ft":14.0,"downhill":0,"span_class":"Small yarder"},"geometry":{"type":"LineString","coordinates":[[-120.61783,39.74839],[-120.61678,39.748]]}},{"type":"Feature","properties":{"unit_id":404,"landing_id":7,"span_ft":330.0,"deflection_pct":14.3,"min_clear_ft":14.5,"downhill":0,"span_class":"Small yarder"},"geometry":{"type":"LineString","coordinates":[[-120.61783,39.74839],[-120.61682,39.74792]]}},{"type":"Feature","properties":{"unit_id":404,"landing_id":7,"span_ft":335.0,"deflection_pct":13.7,"min_clear_ft":13.4,"downhill":0,"span_class":"Small yarder"},"geometry":{"type":"LineString","coordinates":[[-120.61783,39.74839],[-120.61687,39.74785]]}},{"type":"Feature","properties":{"unit_id":404,"landing_id":7,"span_ft":341.0,"deflection_pct":13.4,"min_clear_ft":14.5,"downhill":0,"span_class":"Small yarder"},"geometry":{"type":"LineString","coordinates":[[-120.61783,39.74839],[-120.61691,39.74778]]}},{"type":"Feature","properties":{"unit_id":404,"landing_id":7,"span_ft":350.0,"deflection_pct":12.5,"min_clear_ft":13.5,"downhill":0,"span_class":"Small yarder"},"geometry":{"type":"LineString","coordinates":[[-120.61783,39.74839],[-120.61696,39.7477]]}},{"type":"Feature","properties":{"unit_id":404,"landing_id":7,"span_ft":362.0,"deflection_pct":11.5,"min_clear_ft":13.9,"downhill":0,"span_class":"Small yarder"},"geometry":{"type":"LineString","coordinates":[[-120.61783,39.74839],[-120.61702,39.74762]]}},{"type":"Feature","properties":{"unit_id":404,"landing_id":7,"span_ft":377.0,"deflection_pct":11.0,"min_clear_ft":13.2,"downhill":0,"span_class":"Small yarder"},"geometry":{"type":"LineString","coordinates":[[-120.61783,39.74839],[-120.61708,39.74753]]}},{"type":"Feature","properties":{"unit_id":404,"landing_id":7,"span_ft":396.0,"deflection_pct":10.2,"min_clear_ft":13.4,"downhill":0,"span_class":"Small yarder"},"geometry":{"type":"LineString","coordinates":[[-120.61783,39.74839],[-120.61715,39.74744]]}},{"type":"Feature","properties":{"unit_id":404,"landing_id":7,"span_ft":421.0,"deflection_pct":9.2,"min_clear_ft":12.8,"downhill":0,"span_class":"Small yarder"},"geometry":{"type":"LineString","coordinates":[[-120.61783,39.74839],[-120.61722,39.74733]]}},{"type":"Feature","properties":{"unit_id":404,"landing_id":7,"span_ft":453.0,"deflection_pct":8.0,"min_clear_ft":12.4,"downhill":0,"span_class":"Small yarder"},"geometry":{"type":"LineString","coordinates":[[-120.61783,39.74839],[-120.6173,39.74721]]}},{"type":"Feature","properties":{"unit_id":404,"landing_id":7,"span_ft":495.0,"deflection_pct":6.7,"min_clear_ft":11.0,"downhill":0,"span_class":"Small yarder"},"geometry":{"type":"LineString","coordinates":[[-120.61783,39.74839],[-120.6174,39.74707]]}},{"type":"Feature","properties":{"unit_id":404,"landing_id":7,"span_ft":242.0,"deflection_pct":9.1,"min_clear_ft":10.8,"downhill":1,"span_class":"Small yarder"},"geometry":{"type":"LineString","coordinates":[[-120.61783,39.74839],[-120.61867,39.74823]]}},{"type":"Feature","properties":{"unit_id":404,"landing_id":7,"span_ft":236.0,"deflection_pct":7.9,"min_clear_ft":11.3,"downhill":1,"span_class":"Small yarder"},"geometry":{"type":"LineString","coordinates":[[-120.61783,39.74839],[-120.61866,39.74829]]}},{"type":"Feature","properties":{"unit_id":404,"landing_id":7,"span_ft":231.0,"deflection_pct":6.8,"min_clear_ft":11.4,"downhill":1,"span_class":"Small yarder"},"geometry":{"type":"LineString","coordinates":[[-120.61783,39.74839],[-120.61865,39.74834]]}},{"type":"Feature","properties":{"unit_id":404,"landing_id":8,"span_ft":233.0,"deflection_pct":8.2,"min_clear_ft":11.9,"downhill":0,"span_class":"Small yarder"},"geometry":{"type":"LineString","coordinates":[[-120.61788,39.74784],[-120.61746,39.74839]]}},{"type":"Feature","properties":{"unit_id":404,"landing_id":8,"span_ft":240.0,"deflection_pct":8.3,"min_clear_ft":12.0,"downhill":0,"span_class":"Small yarder"},"geometry":{"type":"LineString","coordinates":[[-120.61788,39.74784],[-120.61738,39.74838]]}},{"type":"Feature","properties":{"unit_id":404,"landing_id":8,"span_ft":248.0,"deflection_pct":9.3,"min_clear_ft":11.4,"downhill":0,"span_class":"Small yarder"},"geometry":{"type":"LineString","coordinates":[[-120.61788,39.74784],[-120.6173,39.74836]]}},{"type":"Feature","properties":{"unit_id":404,"landing_id":8,"span_ft":259.0,"deflection_pct":9.8,"min_clear_ft":11.8,"downhill":0,"span_class":"Small yarder"},"geometry":{"type":"LineString","coordinates":[[-120.61788,39.74784],[-120.61722,39.74834]]}},{"type":"Feature","properties":{"unit_id":404,"landing_id":8,"span_ft":274.0,"deflection_pct":10.7,"min_clear_ft":11.7,"downhill":0,"span_class":"Small yarder"},"geometry":{"type":"LineString","coordinates":[[-120.61788,39.74784],[-120.61713,39.74832]]}},{"type":"Feature","properties":{"unit_id":404,"landing_id":8,"span_ft":292.0,"deflection_pct":11.3,"min_clear_ft":11.8,"downhill":0,"span_class":"Small yarder"},"geometry":{"type":"LineString","coordinates":[[-120.61788,39.74784],[-120.61702,39.74829]]}},{"type":"Feature","properties":{"unit_id":404,"landing_id":8,"span_ft":317.0,"deflection_pct":11.4,"min_clear_ft":13.2,"downhill":0,"span_class":"Small yarder"},"geometry":{"type":"LineString","coordinates":[[-120.61788,39.74784],[-120.61689,39.74827]]}},{"type":"Feature","properties":{"unit_id":404,"landing_id":8,"span_ft":339.0,"deflection_pct":12.2,"min_clear_ft":13.0,"downhill":0,"span_class":"Small yarder"},"geometry":{"type":"LineString","coordinates":[[-120.61788,39.74784],[-120.61678,39.74822]]}},{"type":"Feature","properties":{"unit_id":404,"landing_id":8,"span_ft":321.0,"deflection_pct":13.4,"min_clear_ft":12.4,"downhill":0,"span_class":"Small yarder"},"geometry":{"type":"LineString","coordinates":[[-120.61788,39.74784],[-120.6168,39.74813]]}},{"type":"Feature","properties":{"unit_id":404,"landing_id":8,"span_ft":306.0,"deflection_pct":14.7,"min_clear_ft":13.4,"downhill":0,"span_class":"Small yarder"},"geometry":{"type":"LineString","coordinates":[[-120.61788,39.74784],[-120.61682,39.74805]]}},{"type":"Feature","properties":{"unit_id":404,"landing_id":8,"span_ft":295.0,"deflection_pct":15.6,"min_clear_ft":14.0,"downhill":0,"span_class":"Small yarder"},"geometry":{"type":"LineString","coordinates":[[-120.61788,39.74784],[-120.61684,39.74797]]}},{"type":"Feature","properties":{"unit_id":404,"landing_id":8,"span_ft":286.0,"deflection_pct":16.8,"min_clear_ft":14.5,"downhill":0,"span_class":"Small yarder"},"geometry":{"type":"LineString","coordinates":[[-120.61788,39.74784],[-120.61686,39.7479]]}},{"type":"Feature","properties":{"unit_id":404,"landing_id":8,"span_ft":280.0,"deflection_pct":17.0,"min_clear_ft":14.4,"downhill":0,"span_class":"Small yarder"},"geometry":{"type":"LineString","coordinates":[[-120.61788,39.74784],[-120.61689,39.74783]]}},{"type":"Feature","properties":{"unit_id":404,"landing_id":8,"span_ft":275.0,"deflection_pct":17.5,"min_clear_ft":14.7,"downhill":0,"span_class":"Small yarder"},"geometry":{"type":"LineString","coordinates":[[-120.61788,39.74784],[-120.61691,39.74777]]}},{"type":"Feature","properties":{"unit_id":404,"landing_id":8,"span_ft":272.0,"deflection_pct":17.7,"min_clear_ft":14.0,"downhill":0,"span_class":"Small yarder"},"geometry":{"type":"LineString","coordinates":[[-120.61788,39.74784],[-120.61693,39.7477]]}},{"type":"Feature","properties":{"unit_id":404,"landing_id":8,"span_ft":270.0,"deflection_pct":18.0,"min_clear_ft":15.6,"downhill":0,"span_class":"Small yarder"},"geometry":{"type":"LineString","coordinates":[[-120.61788,39.74784],[-120.61696,39.74764]]}},{"type":"Feature","properties":{"unit_id":404,"landing_id":8,"span_ft":269.0,"deflection_pct":17.9,"min_clear_ft":15.0,"downhill":0,"span_class":"Small yarder"},"geometry":{"type":"LineString","coordinates":[[-120.61788,39.74784],[-120.61699,39.74758]]}},{"type":"Feature","properties":{"unit_id":404,"landing_id":8,"span_ft":270.0,"deflection_pct":17.6,"min_clear_ft":14.7,"downhill":0,"span_class":"Small yarder"},"geometry":{"type":"LineString","coordinates":[[-120.61788,39.74784],[-120.61702,39.74752]]}},{"type":"Feature","properties":{"unit_id":404,"landing_id":8,"span_ft":272.0,"deflection_pct":16.6,"min_clear_ft":14.3,"downhill":0,"span_class":"Small yarder"},"geometry":{"type":"LineString","coordinates":[[-120.61788,39.74784],[-120.61705,39.74746]]}},{"type":"Feature","properties":{"unit_id":404,"landing_id":8,"span_ft":275.0,"deflection_pct":16.6,"min_clear_ft":14.2,"downhill":0,"span_class":"Small yarder"},"geometry":{"type":"LineString","coordinates":[[-120.61788,39.74784],[-120.61709,39.7474]]}},{"type":"Feature","properties":{"unit_id":404,"landing_id":8,"span_ft":280.0,"deflection_pct":16.7,"min_clear_ft":14.4,"downhill":0,"span_class":"Small yarder"},"geometry":{"type":"LineString","coordinates":[[-120.61788,39.74784],[-120.61713,39.74734]]}},{"type":"Feature","properties":{"unit_id":404,"landing_id":8,"span_ft":287.0,"deflection_pct":15.5,"min_clear_ft":13.9,"downhill":0,"span_class":"Small yarder"},"geometry":{"type":"LineString","coordinates":[[-120.61788,39.74784],[-120.61717,39.74728]]}},{"type":"Feature","properties":{"unit_id":404,"landing_id":8,"span_ft":295.0,"deflection_pct":15.0,"min_clear_ft":13.4,"downhill":0,"span_class":"Small yarder"},"geometry":{"type":"LineString","coordinates":[[-120.61788,39.74784],[-120.61722,39.74721]]}},{"type":"Feature","properties":{"unit_id":404,"landing_id":8,"span_ft":306.0,"deflection_pct":14.1,"min_clear_ft":13.3,"downhill":0,"span_class":"Small yarder"},"geometry":{"type":"LineString","coordinates":[[-120.61788,39.74784],[-120.61727,39.74715]]}},{"type":"Feature","properties":{"unit_id":404,"landing_id":8,"span_ft":321.0,"deflection_pct":13.6,"min_clear_ft":12.9,"downhill":0,"span_class":"Small yarder"},"geometry":{"type":"LineString","coordinates":[[-120.61788,39.74784],[-120.61733,39.74707]]}},{"type":"Feature","properties":{"unit_id":404,"landing_id":8,"span_ft":339.0,"deflection_pct":12.1,"min_clear_ft":13.7,"downhill":0,"span_class":"Small yarder"},"geometry":{"type":"LineString","coordinates":[[-120.61788,39.74784],[-120.61739,39.74699]]}},{"type":"Feature","properties":{"unit_id":404,"landing_id":8,"span_ft":363.0,"deflection_pct":11.1,"min_clear_ft":13.8,"downhill":0,"span_class":"Small yarder"},"geometry":{"type":"LineString","coordinates":[[-120.61788,39.74784],[-120.61746,39.7469]]}},{"type":"Feature","properties":{"unit_id":404,"landing_id":8,"span_ft":395.0,"deflection_pct":9.6,"min_clear_ft":12.3,"downhill":0,"span_class":"Small yarder"},"geometry":{"type":"LineString","coordinates":[[-120.61788,39.74784],[-120.61754,39.74679]]}},{"type":"Feature","properties":{"unit_id":404,"landing_id":8,"span_ft":439.0,"deflection_pct":8.3,"min_clear_ft":11.8,"downhill":0,"span_class":"Small yarder"},"geometry":{"type":"LineString","coordinates":[[-120.61788,39.74784],[-120.61763,39.74665]]}},{"type":"Feature","properties":{"unit_id":404,"landing_id":8,"span_ft":501.0,"deflection_pct":7.3,"min_clear_ft":11.8,"downhill":0,"span_class":"Small yarder"},"geometry":{"type":"LineString","coordinates":[[-120.61788,39.74784],[-120.61775,39.74647]]}},{"type":"Feature","properties":{"unit_id":404,"landing_id":8,"span_ft":595.0,"deflection_pct":6.8,"min_clear_ft":12.7,"downhill":0,"span_class":"Small yarder"},"geometry":{"type":"LineString","coordinates":[[-120.61788,39.74784],[-120.61791,39.74621]]}},{"type":"Feature","properties":{"unit_id":404,"landing_id":8,"span_ft":682.0,"deflection_pct":6.4,"min_clear_ft":11.8,"downhill":0,"span_class":"Small yarder"},"geometry":{"type":"LineString","coordinates":[[-120.61788,39.74784],[-120.61813,39.74598]]}},{"type":"Feature","properties":{"unit_id":404,"landing_id":9,"span_ft":453.0,"deflection_pct":7.0,"min_clear_ft":11.6,"downhill":0,"span_class":"Small yarder"},"geometry":{"type":"LineString","coordinates":[[-120.61807,39.74731],[-120.61691,39.74818]]}},{"type":"Feature","properties":{"unit_id":404,"landing_id":9,"span_ft":398.0,"deflection_pct":8.2,"min_clear_ft":11.4,"downhill":0,"span_class":"Small yarder"},"geometry":{"type":"LineString","coordinates":[[-120.61807,39.74731],[-120.61697,39.748]]}},{"type":"Feature","properties":{"unit_id":404,"landing_id":9,"span_ft":360.0,"deflection_pct":9.9,"min_clear_ft":12.1,"downhill":0,"span_class":"Small yarder"},"geometry":{"type":"LineString","coordinates":[[-120.61807,39.74731],[-120.61701,39.74787]]}},{"type":"Feature","properties":{"unit_id":404,"landing_id":9,"span_ft":332.0,"deflection_pct":10.6,"min_clear_ft":13.2,"downhill":0,"span_class":"Small yarder"},"geometry":{"type":"LineString","coordinates":[[-120.61807,39.74731],[-120.61703,39.74776]]}},{"type":"Feature","properties":{"unit_id":404,"landing_id":9,"span_ft":311.0,"deflection_pct":11.8,"min_clear_ft":13.0,"downhill":0,"span_class":"Small yarder"},"geometry":{"type":"LineString","coordinates":[[-120.61807,39.74731],[-120.61706,39.74766]]}},{"type":"Feature","properties":{"unit_id":404,"landing_id":9,"span_ft":295.0,"deflection_pct":13.1,"min_clear_ft":13.1,"downhill":0,"span_class":"Small yarder"},"geometry":{"type":"LineString","coordinates":[[-120.61807,39.74731],[-120.61708,39.74758]]}},{"type":"Feature","properties":{"unit_id":404,"landing_id":9,"span_ft":282.0,"deflection_pct":14.1,"min_clear_ft":14.3,"downhill":0,"span_class":"Small yarder"},"geometry":{"type":"LineString","coordinates":[[-120.61807,39.74731],[-120.61709,39.7475]]}},{"type":"Feature","properties":{"unit_id":404,"landing_id":9,"span_ft":272.0,"deflection_pct":14.7,"min_clear_ft":13.8,"downhill":0,"span_class":"Small yarder"},"geometry":{"type":"LineString","coordinates":[[-120.61807,39.74731],[-120.61711,39.74743]]}},{"type":"Feature","properties":{"unit_id":404,"landing_id":9,"span_ft":265.0,"deflection_pct":15.8,"min_clear_ft":13.3,"downhill":0,"span_class":"Small yarder"},"geometry":{"type":"LineString","coordinates":[[-120.61807,39.74731],[-120.61713,39.74737]]}},{"type":"Feature","properties":{"unit_id":404,"landing_id":9,"span_ft":259.0,"deflection_pct":16.4,"min_clear_ft":14.0,"downhill":0,"span_class":"Small yarder"},"geometry":{"type":"LineString","coordinates":[[-120.61807,39.74731],[-120.61715,39.7473]]}},{"type":"Feature","properties":{"unit_id":404,"landing_id":9,"span_ft":255.0,"deflection_pct":16.6,"min_clear_ft":13.9,"downhill":0,"span_class":"Small yarder"},"geometry":{"type":"LineString","coordinates":[[-120.61807,39.74731],[-120.61717,39.74724]]}},{"type":"Feature","properties":{"unit_id":404,"landing_id":9,"span_ft":252.0,"deflection_pct":17.0,"min_clear_ft":14.2,"downhill":0,"span_class":"Small yarder"},"geometry":{"type":"LineString","coordinates":[[-120.61807,39.74731],[-120.61719,39.74718]]}},{"type":"Feature","properties":{"unit_id":404,"landing_id":9,"span_ft":250.0,"deflection_pct":17.4,"min_clear_ft":14.3,"downhill":0,"span_class":"Small yarder"},"geometry":{"type":"LineString","coordinates":[[-120.61807,39.74731],[-120.61721,39.74713]]}},{"type":"Feature","properties":{"unit_id":404,"landing_id":9,"span_ft":249.0,"deflection_pct":17.7,"min_clear_ft":13.7,"downhill":0,"span_class":"Small yarder"},"geometry":{"type":"LineString","coordinates":[[-120.61807,39.74731],[-120.61724,39.74707]]}},{"type":"Feature","properties":{"unit_id":404,"landing_id":9,"span_ft":250.0,"deflection_pct":17.8,"min_clear_ft":14.2,"downhill":0,"span_class":"Small yarder"},"geometry":{"type":"LineString","coordinates":[[-120.61807,39.74731],[-120.61727,39.74701]]}},{"type":"Feature","properties":{"unit_id":404,"landing_id":9,"span_ft":252.0,"deflection_pct":17.6,"min_clear_ft":13.7,"downhill":0,"span_class":"Small yarder"},"geometry":{"type":"LineString","coordinates":[[-120.61807,39.74731],[-120.6173,39.74696]]}},{"type":"Feature","properties":{"unit_id":404,"landing_id":9,"span_ft":255.0,"deflection_pct":17.3,"min_clear_ft":12.8,"downhill":0,"span_class":"Small yarder"},"geometry":{"type":"LineString","coordinates":[[-120.61807,39.74731],[-120.61733,39.7469]]}},{"type":"Feature","properties":{"unit_id":404,"landing_id":9,"span_ft":259.0,"deflection_pct":16.7,"min_clear_ft":13.5,"downhill":0,"span_class":"Small yarder"},"geometry":{"type":"LineString","coordinates":[[-120.61807,39.74731],[-120.61737,39.74685]]}},{"type":"Feature","properties":{"unit_id":404,"landing_id":9,"span_ft":265.0,"deflection_pct":16.4,"min_clear_ft":13.5,"downhill":0,"span_class":"Small yarder"},"geometry":{"type":"LineString","coordinates":[[-120.61807,39.74731],[-120.61741,39.74679]]}},{"type":"Feature","properties":{"unit_id":404,"landing_id":9,"span_ft":273.0,"deflection_pct":15.8,"min_clear_ft":14.1,"downhill":0,"span_class":"Small yarder"},"geometry":{"type":"LineString","coordinates":[[-120.61807,39.74731],[-120.61746,39.74673]]}},{"type":"Feature","properties":{"unit_id":404,"landing_id":9,"span_ft":282.0,"deflection_pct":15.3,"min_clear_ft":13.3,"downhill":0,"span_class":"Small yarder"},"geometry":{"type":"LineString","coordinates":[[-120.61807,39.74731],[-120.6175,39.74667]]}},{"type":"Feature","properties":{"unit_id":404,"landing_id":9,"span_ft":295.0,"deflection_pct":14.7,"min_clear_ft":13.2,"downhill":0,"span_class":"Small yarder"},"geometry":{"type":"LineString","coordinates":[[-120.61807,39.74731],[-120.61756,39.74661]]}},{"type":"Feature","properties":{"unit_id":404,"landing_id":9,"span_ft":311.0,"deflection_pct":13.6,"min_clear_ft":11.5,"downhill":0,"span_class":"Small yarder"},"geometry":{"type":"LineString","coordinates":[[-120.61807,39.74731],[-120.61761,39.74653]]}},{"type":"Feature","properties":{"unit_id":404,"landing_id":9,"span_ft":333.0,"deflection_pct":12.8,"min_clear_ft":12.2,"downhill":0,"span_class":"Small yarder"},"geometry":{"type":"LineString","coordinates":[[-120.61807,39.74731],[-120.61768,39.74645]]}},{"type":"Feature","properties":{"unit_id":404,"landing_id":9,"span_ft":361.0,"deflection_pct":11.4,"min_clear_ft":10.1,"downhill":0,"span_class":"Small yarder"},"geometry":{"type":"LineString","coordinates":[[-120.61807,39.74731],[-120.61775,39.74635]]}},{"type":"Feature","properties":{"unit_id":404,"landing_id":9,"span_ft":399.0,"deflection_pct":10.2,"min_clear_ft":12.9,"downhill":0,"span_class":"Small yarder"},"geometry":{"type":"LineString","coordinates":[[-120.61807,39.74731],[-120.61784,39.74623]]}},{"type":"Feature","properties":{"unit_id":404,"landing_id":9,"span_ft":446.0,"deflection_pct":9.7,"min_clear_ft":13.4,"downhill":0,"span_class":"Small yarder"},"geometry":{"type":"LineString","coordinates":[[-120.61807,39.74731],[-120.61795,39.74609]]}},{"type":"Feature","properties":{"unit_id":404,"landing_id":9,"span_ft":484.0,"deflection_pct":8.6,"min_clear_ft":11.5,"downhill":0,"span_class":"Small yarder"},"geometry":{"type":"LineString","coordinates":[[-120.61807,39.74731],[-120.61809,39.74598]]}},{"type":"Feature","properties":{"unit_id":404,"landing_id":9,"span_ft":536.0,"deflection_pct":7.2,"min_clear_ft":11.8,"downhill":0,"span_class":"Small yarder"},"geometry":{"type":"LineString","coordinates":[[-120.61807,39.74731],[-120.61826,39.74585]]}},{"type":"Feature","properties":{"unit_id":404,"landing_id":9,"span_ft":3493.0,"deflection_pct":6.3,"min_clear_ft":11.7,"downhill":1,"span_class":"Intermediate support needed"},"geometry":{"type":"LineString","coordinates":[[-120.61807,39.74731],[-120.62349,39.73869]]}},{"type":"Feature","properties":{"unit_id":404,"landing_id":10,"span_ft":412.0,"deflection_pct":7.5,"min_clear_ft":11.3,"downhill":0,"span_class":"Small yarder"},"geometry":{"type":"LineString","coordinates":[[-120.61826,39.74679],[-120.61721,39.74757]]}},{"type":"Feature","properties":{"unit_id":404,"landing_id":10,"span_ft":364.0,"deflection_pct":9.6,"min_clear_ft":11.6,"downhill":0,"span_class":"Small yarder"},"geometry":{"type":"LineString","coordinates":[[-120.61826,39.74679],[-120.61726,39.74742]]}},{"type":"Feature","properties":{"unit_id":404,"landing_id":10,"span_ft":330.0,"deflection_pct":11.2,"min_clear_ft":12.3,"downhill":0,"span_class":"Small yarder"},"geometry":{"type":"LineString","coordinates":[[-120.61826,39.74679],[-120.61729,39.74729]]}},{"type":"Feature","properties":{"unit_id":404,"landing_id":10,"span_ft":305.0,"deflection_pct":13.0,"min_clear_ft":12.6,"downhill":0,"span_class":"Small yarder"},"geometry":{"type":"LineString","coordinates":[[-120.61826,39.74679],[-120.61731,39.74719]]}},{"type":"Feature","properties":{"unit_id":404,"landing_id":10,"span_ft":287.0,"deflection_pct":14.7,"min_clear_ft":13.9,"downhill":0,"span_class":"Small yarder"},"geometry":{"type":"LineString","coordinates":[[-120.61826,39.74679],[-120.61733,39.74711]]}},{"type":"Feature","properties":{"unit_id":404,"landing_id":10,"span_ft":272.0,"deflection_pct":15.5,"min_clear_ft":13.5,"downhill":0,"span_class":"Small yarder"},"geometry":{"type":"LineString","coordinates":[[-120.61826,39.74679],[-120.61735,39.74703]]}},{"type":"Feature","properties":{"unit_id":404,"landing_id":10,"span_ft":261.0,"deflection_pct":17.2,"min_clear_ft":12.8,"downhill":0,"span_class":"Small yarder"},"geometry":{"type":"LineString","coordinates":[[-120.61826,39.74679],[-120.61736,39.74696]]}},{"type":"Feature","properties":{"unit_id":404,"landing_id":10,"span_ft":252.0,"deflection_pct":17.6,"min_clear_ft":14.0,"downhill":0,"span_class":"Small yarder"},"geometry":{"type":"LineString","coordinates":[[-120.61826,39.74679],[-120.61737,39.7469]]}},{"type":"Feature","properties":{"unit_id":404,"landing_id":10,"span_ft":246.0,"deflection_pct":18.9,"min_clear_ft":13.6,"downhill":0,"span_class":"Small yarder"},"geometry":{"type":"LineString","coordinates":[[-120.61826,39.74679],[-120.61739,39.74683]]}},{"type":"Feature","properties":{"unit_id":404,"landing_id":10,"span_ft":240.0,"deflection_pct":19.2,"min_clear_ft":13.4,"downhill":0,"span_class":"Small yarder"},"geometry":{"type":"LineString","coordinates":[[-120.61826,39.74679],[-120.61741,39.74678]]}},{"type":"Feature","properties":{"unit_id":404,"landing_id":10,"span_ft":237.0,"deflection_pct":19.1,"min_clear_ft":14.0,"downhill":0,"span_class":"Small yarder"},"geometry":{"type":"LineString","coordinates":[[-120.61826,39.74679],[-120.61742,39.74672]]}},{"type":"Feature","properties":{"unit_id":404,"landing_id":10,"span_ft":234.0,"deflection_pct":18.2,"min_clear_ft":13.7,"downhill":0,"span_class":"Small yarder"},"geometry":{"type":"LineString","coordinates":[[-120.61826,39.74679],[-120.61744,39.74666]]}},{"type":"Feature","properties":{"unit_id":404,"landing_id":10,"span_ft":232.0,"deflection_pct":18.9,"min_clear_ft":12.6,"downhill":0,"span_class":"Small yarder"},"geometry":{"type":"LineString","coordinates":[[-120.61826,39.74679],[-120.61747,39.74661]]}},{"type":"Feature","properties":{"unit_id":404,"landing_id":10,"span_ft":232.0,"deflection_pct":18.8,"min_clear_ft":14.9,"downhill":0,"span_class":"Small yarder"},"geometry":{"type":"LineString","coordinates":[[-120.61826,39.74679],[-120.61749,39.74656]]}},{"type":"Feature","properties":{"unit_id":404,"landing_id":10,"span_ft":232.0,"deflection_pct":18.4,"min_clear_ft":15.1,"downhill":0,"span_class":"Small yarder"},"geometry":{"type":"LineString","coordinates":[[-120.61826,39.74679],[-120.61752,39.74651]]}},{"type":"Feature","properties":{"unit_id":404,"landing_id":10,"span_ft":234.0,"deflection_pct":18.0,"min_clear_ft":14.3,"downhill":0,"span_class":"Small yarder"},"geometry":{"type":"LineString","coordinates":[[-120.61826,39.74679],[-120.61755,39.74646]]}},{"type":"Feature","properties":{"unit_id":404,"landing_id":10,"span_ft":237.0,"deflection_pct":17.2,"min_clear_ft":15.5,"downhill":0,"span_class":"Small yarder"},"geometry":{"type":"LineString","coordinates":[[-120.61826,39.74679],[-120.61758,39.7464]]}},{"type":"Feature","properties":{"unit_id":404,"landing_id":10,"span_ft":240.0,"deflection_pct":17.4,"min_clear_ft":16.1,"downhill":0,"span_class":"Small yarder"},"geometry":{"type":"LineString","coordinates":[[-120.61826,39.74679],[-120.61761,39.74635]]}},{"type":"Feature","properties":{"unit_id":404,"landing_id":10,"span_ft":246.0,"deflection_pct":17.1,"min_clear_ft":16.9,"downhill":0,"span_class":"Small yarder"},"geometry":{"type":"LineString","coordinates":[[-120.61826,39.74679],[-120.61765,39.7463]]}},{"type":"Feature","properties":{"unit_id":404,"landing_id":10,"span_ft":252.0,"deflection_pct":16.5,"min_clear_ft":16.7,"downhill":0,"span_class":"Small yarder"},"geometry":{"type":"LineString","coordinates":[[-120.61826,39.74679],[-120.61769,39.74625]]}},{"type":"Feature","properties":{"unit_id":404,"landing_id":10,"span_ft":261.0,"deflection_pct":15.9,"min_clear_ft":15.9,"downhill":0,"span_class":"Small yarder"},"geometry":{"type":"LineString","coordinates":[[-120.61826,39.74679],[-120.61774,39.74619]]}},{"type":"Feature","properties":{"unit_id":404,"landing_id":10,"span_ft":270.0,"deflection_pct":15.3,"min_clear_ft":10.9,"downhill":0,"span_class":"Small yarder"},"geometry":{"type":"LineString","coordinates":[[-120.61826,39.74679],[-120.61779,39.74614]]}},{"type":"Feature","properties":{"unit_id":404,"landing_id":10,"span_ft":277.0,"deflection_pct":15.4,"min_clear_ft":13.1,"downhill":0,"span_class":"Small yarder"},"geometry":{"type":"LineString","coordinates":[[-120.61826,39.74679],[-120.61786,39.74609]]}},{"type":"Feature","properties":{"unit_id":404,"landing_id":10,"span_ft":286.0,"deflection_pct":15.2,"min_clear_ft":12.4,"downhill":0,"span_class":"Small yarder"},"geometry":{"type":"LineString","coordinates":[[-120.61826,39.74679],[-120.61793,39.74604]]}},{"type":"Feature","properties":{"unit_id":404,"landing_id":10,"span_ft":298.0,"deflection_pct":14.4,"min_clear_ft":12.6,"downhill":0,"span_class":"Small yarder"},"geometry":{"type":"LineString","coordinates":[[-120.61826,39.74679],[-120.618,39.74599]]}},{"type":"Feature","properties":{"unit_id":404,"landing_id":10,"span_ft":313.0,"deflection_pct":13.6,"min_clear_ft":11.9,"downhill":0,"span_class":"Small yarder"},"geometry":{"type":"LineString","coordinates":[[-120.61826,39.74679],[-120.61808,39.74594]]}},{"type":"Feature","properties":{"unit_id":404,"landing_id":10,"span_ft":333.0,"deflection_pct":12.3,"min_clear_ft":11.7,"downhill":0,"span_class":"Small yarder"},"geometry":{"type":"LineString","coordinates":[[-120.61826,39.74679],[-120.61818,39.74587]]}},{"type":"Feature","properties":{"unit_id":404,"landing_id":10,"span_ft":359.0,"deflection_pct":10.9,"min_clear_ft":12.3,"downhill":0,"span_class":"Small yarder"},"geometry":{"type":"LineString","coordinates":[[-120.61826,39.74679],[-120.61828,39.7458]]}},{"type":"Feature","properties":{"unit_id":404,"landing_id":10,"span_ft":553.0,"deflection_pct":9.3,"min_clear_ft":10.9,"downhill":0,"span_class":"Small yarder"},"geometry":{"type":"LineString","coordinates":[[-120.61826,39.74679],[-120.61846,39.74528]]}},{"type":"Feature","properties":{"unit_id":404,"landing_id":11,"span_ft":533.0,"deflection_pct":7.0,"min_clear_ft":12.0,"downhill":0,"span_class":"Small yarder"},"geometry":{"type":"LineString","coordinates":[[-120.61845,39.74626],[-120.61734,39.74744]]}},{"type":"Feature","properties":{"unit_id":404,"landing_id":11,"span_ft":428.0,"deflection_pct":8.8,"min_clear_ft":11.9,"downhill":0,"span_class":"Small yarder"},"geometry":{"type":"LineString","coordinates":[[-120.61845,39.74626],[-120.61745,39.74714]]}},{"type":"Feature","properties":{"unit_id":404,"landing_id":11,"span_ft":365.0,"deflection_pct":10.3,"min_clear_ft":12.0,"downhill":0,"span_class":"Small yarder"},"geometry":{"type":"LineString","coordinates":[[-120.61845,39.74626],[-120.61751,39.74695]]}},{"type":"Feature","properties":{"unit_id":404,"landing_id":11,"span_ft":324.0,"deflection_pct":11.6,"min_clear_ft":12.6,"downhill":0,"span_class":"Small yarder"},"geometry":{"type":"LineString","coordinates":[[-120.61845,39.74626],[-120.61755,39.74682]]}},{"type":"Feature","properties":{"unit_id":404,"landing_id":11,"span_ft":296.0,"deflection_pct":13.1,"min_clear_ft":15.0,"downhill":0,"span_class":"Small yarder"},"geometry":{"type":"LineString","coordinates":[[-120.61845,39.74626],[-120.61758,39.74671]]}},{"type":"Feature","properties":{"unit_id":404,"landing_id":11,"span_ft":275.0,"deflection_pct":13.7,"min_clear_ft":12.6,"downhill":0,"span_class":"Small yarder"},"geometry":{"type":"LineString","coordinates":[[-120.61845,39.74626],[-120.61759,39.74662]]}},{"type":"Feature","properties":{"unit_id":404,"landing_id":11,"span_ft":259.0,"deflection_pct":14.1,"min_clear_ft":12.5,"downhill":0,"span_class":"Small yarder"},"geometry":{"type":"LineString","coordinates":[[-120.61845,39.74626],[-120.61761,39.74655]]}},{"type":"Feature","properties":{"unit_id":404,"landing_id":11,"span_ft":246.0,"deflection_pct":14.6,"min_clear_ft":12.8,"downhill":0,"span_class":"Small yarder"},"geometry":{"type":"LineString","coordinates":[[-120.61845,39.74626],[-120.61762,39.74648]]}},{"type":"Feature","properties":{"unit_id":404,"landing_id":11,"span_ft":229.0,"deflection_pct":15.6,"min_clear_ft":12.7,"downhill":0,"span_class":"Small yarder"},"geometry":{"type":"LineString","coordinates":[[-120.61845,39.74626],[-120.61766,39.74641]]}},{"type":"Feature","properties":{"unit_id":404,"landing_id":11,"span_ft":216.0,"deflection_pct":16.2,"min_clear_ft":15.5,"downhill":0,"span_class":"Small yarder"},"geometry":{"type":"LineString","coordinates":[[-120.61845,39.74626],[-120.61769,39.74635]]}},{"type":"Feature","properties":{"unit_id":404,"landing_id":11,"span_ft":206.0,"deflection_pct":18.0,"min_clear_ft":16.7,"downhill":0,"span_class":"Small yarder"},"geometry":{"type":"LineString","coordinates":[[-120.61845,39.74626],[-120.61771,39.7463]]}},{"type":"Feature","properties":{"unit_id":404,"landing_id":11,"span_ft":209.0,"deflection_pct":16.9,"min_clear_ft":12.1,"downhill":0,"span_class":"Small yarder"},"geometry":{"type":"LineString","coordinates":[[-120.61845,39.74626],[-120.6182,39.74571]]}},{"type":"Feature","properties":{"unit_id":404,"landing_id":11,"span_ft":241.0,"deflection_pct":14.9,"min_clear_ft":13.1,"downhill":0,"span_class":"Small yarder"},"geometry":{"type":"LineString","coordinates":[[-120.61845,39.74626],[-120.61824,39.74561]]}},{"type":"Feature","properties":{"unit_id":404,"landing_id":11,"span_ft":299.0,"deflection_pct":12.7,"min_clear_ft":13.2,"downhill":0,"span_class":"Small yarder"},"geometry":{"type":"LineString","coordinates":[[-120.61845,39.74626],[-120.61828,39.74544]]}},{"type":"Feature","properties":{"unit_id":404,"landing_id":11,"span_ft":349.0,"deflection_pct":12.9,"min_clear_ft":11.6,"downhill":0,"span_class":"Small yarder"},"geometry":{"type":"LineString","coordinates":[[-120.61845,39.74626],[-120.61836,39.7453]]}},{"type":"Feature","properties":{"unit_id":404,"landing_id":11,"span_ft":365.0,"deflection_pct":9.2,"min_clear_ft":10.9,"downhill":0,"span_class":"Small yarder"},"geometry":{"type":"LineString","coordinates":[[-120.61845,39.74626],[-120.61847,39.74525]]}},{"type":"Feature","properties":{"unit_id":404,"landing_id":11,"span_ft":385.0,"deflection_pct":6.6,"min_clear_ft":10.3,"downhill":0,"span_class":"Small yarder"},"geometry":{"type":"LineString","coordinates":[[-120.61845,39.74626],[-120.61859,39.7452]]}},{"type":"Feature","properties":{"unit_id":404,"landing_id":11,"span_ft":466.0,"deflection_pct":6.0,"min_clear_ft":10.9,"downhill":0,"span_class":"Small yarder"},"geometry":{"type":"LineString","coordinates":[[-120.61845,39.74626],[-120.61876,39.745]]}},{"type":"Feature","properties":{"unit_id":404,"landing_id":12,"span_ft":439.0,"deflection_pct":8.9,"min_clear_ft":10.6,"downhill":0,"span_class":"Small yarder"},"geometry":{"type":"LineString","coordinates":[[-120.61851,39.74571],[-120.61771,39.74675]]}},{"type":"Feature","properties":{"unit_id":404,"landing_id":12,"span_ft":200.0,"deflection_pct":12.7,"min_clear_ft":12.2,"downhill":0,"span_class":"Small yarder"},"geometry":{"type":"LineString","coordinates":[[-120.61851,39.74571],[-120.61865,39.74517]]}},{"type":"Feature","properties":{"unit_id":404,"landing_id":12,"span_ft":246.0,"deflection_pct":12.1,"min_clear_ft":12.2,"downhill":0,"span_class":"Small yarder"},"geometry":{"type":"LineString","coordinates":[[-120.61851,39.74571],[-120.61875,39.74506]]}},{"type":"Feature","properties":{"unit_id":404,"landing_id":14,"span_ft":2739.0,"deflection_pct":6.4,"min_clear_ft":11.1,"downhill":1,"span_class":"Long-span yarder"},"geometry":{"type":"LineString","coordinates":[[-120.61783,39.74478],[-120.62354,39.73869]]}},{"type":"Feature","properties":{"unit_id":404,"landing_id":23,"span_ft":209.0,"deflection_pct":11.9,"min_clear_ft":10.4,"downhill":0,"span_class":"Small yarder"},"geometry":{"type":"LineString","coordinates":[[-120.62,39.75162],[-120.61943,39.75198]]}},{"type":"Feature","properties":{"unit_id":404,"landing_id":23,"span_ft":219.0,"deflection_pct":13.0,"min_clear_ft":11.7,"downhill":0,"span_class":"Small yarder"},"geometry":{"type":"LineString","coordinates":[[-120.62,39.75162],[-120.61936,39.75196]]}},{"type":"Feature","properties":{"unit_id":404,"landing_id":23,"span_ft":231.0,"deflection_pct":12.1,"min_clear_ft":11.5,"downhill":0,"span_class":"Small yarder"},"geometry":{"type":"LineString","coordinates":[[-120.62,39.75162],[-120.61929,39.75193]]}},{"type":"Feature","properties":{"unit_id":404,"landing_id":23,"span_ft":248.0,"deflection_pct":8.3,"min_clear_ft":11.6,"downhill":0,"span_class":"Small yarder"},"geometry":{"type":"LineString","coordinates":[[-120.62,39.75162],[-120.6192,39.7519]]}},{"type":"Feature","properties":{"unit_id":404,"landing_id":23,"span_ft":272.0,"deflection_pct":6.9,"min_clear_ft":12.3,"downhill":0,"span_class":"Small yarder"},"geometry":{"type":"LineString","coordinates":[[-120.62,39.75162],[-120.61909,39.75187]]}},{"type":"Feature","properties":{"unit_id":404,"landing_id":23,"span_ft":306.0,"deflection_pct":7.2,"min_clear_ft":13.4,"downhill":0,"span_class":"Small yarder"},"geometry":{"type":"LineString","coordinates":[[-120.62,39.75162],[-120.61895,39.75183]]}},{"type":"Feature","properties":{"unit_id":404,"landing_id":23,"span_ft":349.0,"deflection_pct":8.5,"min_clear_ft":13.4,"downhill":0,"span_class":"Small yarder"},"geometry":{"type":"LineString","coordinates":[[-120.62,39.75162],[-120.62045,39.75073]]}},{"type":"Feature","properties":{"unit_id":404,"landing_id":23,"span_ft":338.0,"deflection_pct":8.1,"min_clear_ft":12.4,"downhill":0,"span_class":"Small yarder"},"geometry":{"type":"LineString","coordinates":[[-120.62,39.75162],[-120.62053,39.75079]]}},{"type":"Feature","properties":{"unit_id":404,"landing_id":23,"span_ft":329.0,"deflection_pct":8.4,"min_clear_ft":13.5,"downhill":0,"span_class":"Small yarder"},"geometry":{"type":"LineString","coordinates":[[-120.62,39.75162],[-120.62061,39.75084]]}},{"type":"Feature","properties":{"unit_id":404,"landing_id":23,"span_ft":323.0,"deflection_pct":8.9,"min_clear_ft":12.8,"downhill":0,"span_class":"Small yarder"},"geometry":{"type":"LineString","coordinates":[[-120.62,39.75162],[-120.62068,39.7509]]}},{"type":"Feature","properties":{"unit_id":404,"landing_id":23,"span_ft":319.0,"deflection_pct":9.3,"min_clear_ft":12.4,"downhill":0,"span_class":"Small yarder"},"geometry":{"type":"LineString","coordinates":[[-120.62,39.75162],[-120.62075,39.75096]]}},{"type":"Feature","properties":{"unit_id":404,"landing_id":23,"span_ft":317.0,"deflection_pct":9.5,"min_clear_ft":11.9,"downhill":0,"span_class":"Small yarder"},"geometry":{"type":"LineString","coordinates":[[-120.62,39.75162],[-120.62081,39.75102]]}},{"type":"Feature","properties":{"unit_id":404,"landing_id":23,"span_ft":316.0,"deflection_pct":10.0,"min_clear_ft":16.1,"downhill":0,"span_class":"Small yarder"},"geometry":{"type":"LineString","coordinates":[[-120.62,39.75162],[-120.62088,39.75107]]}},{"type":"Feature","properties":{"unit_id":404,"landing_id":23,"span_ft":317.0,"deflection_pct":11.9,"min_clear_ft":20.5,"downhill":0,"span_class":"Small yarder"},"geometry":{"type":"LineString","coordinates":[[-120.62,39.75162],[-120.62094,39.75113]]}},{"type":"Feature","properties":{"unit_id":404,"landing_id":23,"span_ft":319.0,"deflection_pct":13.0,"min_clear_ft":17.1,"downhill":0,"span_class":"Small yarder"},"geometry":{"type":"LineString","coordinates":[[-120.62,39.75162],[-120.621,39.75119]]}},{"type":"Feature","properties":{"unit_id":404,"landing_id":23,"span_ft":324.0,"deflection_pct":12.9,"min_clear_ft":16.4,"downhill":0,"span_class":"Small yarder"},"geometry":{"type":"LineString","coordinates":[[-120.62,39.75162],[-120.62105,39.75126]]}},{"type":"Feature","properties":{"unit_id":404,"landing_id":23,"span_ft":323.0,"deflection_pct":12.1,"min_clear_ft":16.4,"downhill":0,"span_class":"Small yarder"},"geometry":{"type":"LineString","coordinates":[[-120.62,39.75162],[-120.62109,39.75133]]}},{"type":"Feature","properties":{"unit_id":404,"landing_id":23,"span_ft":324.0,"deflection_pct":11.3,"min_clear_ft":22.6,"downhill":0,"span_class":"Small yarder"},"geometry":{"type":"LineString","coordinates":[[-120.62,39.75162],[-120.62112,39.7514]]}},{"type":"Feature","properties":{"unit_id":404,"landing_id":23,"span_ft":326.0,"deflection_pct":11.1,"min_clear_ft":21.5,"downhill":0,"span_class":"Small yarder"},"geometry":{"type":"LineString","coordinates":[[-120.62,39.75162],[-120.62115,39.75148]]}},{"type":"Feature","properties":{"unit_id":404,"landing_id":23,"span_ft":331.0,"deflection_pct":11.6,"min_clear_ft":18.4,"downhill":0,"span_class":"Small yarder"},"geometry":{"type":"LineString","coordinates":[[-120.62,39.75162],[-120.62118,39.75156]]}},{"type":"Feature","properties":{"unit_id":404,"landing_id":23,"span_ft":337.0,"deflection_pct":11.8,"min_clear_ft":18.3,"downhill":0,"span_class":"Small yarder"},"geometry":{"type":"LineString","coordinates":[[-120.62,39.75162],[-120.6212,39.75163]]}},{"type":"Feature","properties":{"unit_id":404,"landing_id":23,"span_ft":345.0,"deflection_pct":12.0,"min_clear_ft":18.8,"downhill":0,"span_class":"Small yarder"},"geometry":{"type":"LineString","coordinates":[[-120.62,39.75162],[-120.62123,39.75172]]}},{"type":"Feature","properties":{"unit_id":404,"landing_id":23,"span_ft":356.0,"deflection_pct":12.6,"min_clear_ft":19.6,"downhill":0,"span_class":"Small yarder"},"geometry":{"type":"LineString","coordinates":[[-120.62,39.75162],[-120.62125,39.75181]]}},{"type":"Feature","properties":{"unit_id":404,"landing_id":23,"span_ft":367.0,"deflection_pct":12.8,"min_clear_ft":18.8,"downhill":0,"span_class":"Small yarder"},"geometry":{"type":"LineString","coordinates":[[-120.62,39.75162],[-120.62126,39.7519]]}},{"type":"Feature","properties":{"unit_id":404,"landing_id":24,"span_ft":242.0,"deflection_pct":8.1,"min_clear_ft":11.8,"downhill":0,"span_class":"Small yarder"},"geometry":{"type":"LineString","coordinates":[[-120.61996,39.7511],[-120.61995,39.75176]]}},{"type":"Feature","properties":{"unit_id":404,"landing_id":24,"span_ft":206.0,"deflection_pct":19.0,"min_clear_ft":14.5,"downhill":0,"span_class":"Small yarder"},"geometry":{"type":"LineString","coordinates":[[-120.61996,39.7511],[-120.6206,39.75082]]}},{"type":"Feature","properties":{"unit_id":404,"landing_id":24,"span_ft":208.0,"deflection_pct":18.9,"min_clear_ft":14.7,"downhill":0,"span_class":"Small yarder"},"geometry":{"type":"LineString","coordinates":[[-120.61996,39.7511],[-120.62064,39.75086]]}},{"type":"Feature","properties":{"unit_id":404,"landing_id":24,"span_ft":211.0,"deflection_pct":18.3,"min_clear_ft":13.7,"downhill":0,"span_class":"Small yarder"},"geometry":{"type":"LineString","coordinates":[[-120.61996,39.7511],[-120.62067,39.75091]]}},{"type":"Feature","properties":{"unit_id":404,"landing_id":24,"span_ft":215.0,"deflection_pct":17.9,"min_clear_ft":13.3,"downhill":0,"span_class":"Small yarder"},"geometry":{"type":"LineString","coordinates":[[-120.61996,39.7511],[-120.6207,39.75095]]}},{"type":"Feature","properties":{"unit_id":404,"landing_id":24,"span_ft":221.0,"deflection_pct":16.9,"min_clear_ft":13.0,"downhill":0,"span_class":"Small yarder"},"geometry":{"type":"LineString","coordinates":[[-120.61996,39.7511],[-120.62074,39.751]]}},{"type":"Feature","properties":{"unit_id":404,"landing_id":24,"span_ft":228.0,"deflection_pct":15.9,"min_clear_ft":12.1,"downhill":0,"span_class":"Small yarder"},"geometry":{"type":"LineString","coordinates":[[-120.61996,39.7511],[-120.62077,39.75105]]}},{"type":"Feature","properties":{"unit_id":404,"landing_id":24,"span_ft":236.0,"deflection_pct":15.1,"min_clear_ft":13.5,"downhill":0,"span_class":"Small yarder"},"geometry":{"type":"LineString","coordinates":[[-120.61996,39.7511],[-120.6208,39.75111]]}},{"type":"Feature","properties":{"unit_id":404,"landing_id":24,"span_ft":248.0,"deflection_pct":14.4,"min_clear_ft":12.6,"downhill":0,"span_class":"Small yarder"},"geometry":{"type":"LineString","coordinates":[[-120.61996,39.7511],[-120.62084,39.75117]]}},{"type":"Feature","properties":{"unit_id":404,"landing_id":24,"span_ft":263.0,"deflection_pct":14.0,"min_clear_ft":15.8,"downhill":0,"span_class":"Small yarder"},"geometry":{"type":"LineString","coordinates":[[-120.61996,39.7511],[-120.62088,39.75123]]}},{"type":"Feature","properties":{"unit_id":404,"landing_id":24,"span_ft":283.0,"deflection_pct":14.1,"min_clear_ft":18.6,"downhill":0,"span_class":"Small yarder"},"geometry":{"type":"LineString","coordinates":[[-120.61996,39.7511],[-120.62093,39.75131]]}},{"type":"Feature","properties":{"unit_id":404,"landing_id":24,"span_ft":310.0,"deflection_pct":12.8,"min_clear_ft":15.0,"downhill":0,"span_class":"Small yarder"},"geometry":{"type":"LineString","coordinates":[[-120.61996,39.7511],[-120.62099,39.7514]]}},{"type":"Feature","properties":{"unit_id":404,"landing_id":24,"span_ft":344.0,"deflection_pct":11.1,"min_clear_ft":12.3,"downhill":0,"span_class":"Small yarder"},"geometry":{"type":"LineString","coordinates":[[-120.61996,39.7511],[-120.62106,39.75151]]}},{"type":"Feature","properties":{"unit_id":404,"landing_id":24,"span_ft":367.0,"deflection_pct":9.5,"min_clear_ft":14.7,"downhill":0,"span_class":"Small yarder"},"geometry":{"type":"LineString","coordinates":[[-120.61996,39.7511],[-120.62108,39.75162]]}},{"type":"Feature","properties":{"unit_id":404,"landing_id":24,"span_ft":399.0,"deflection_pct":7.9,"min_clear_ft":15.3,"downhill":0,"span_class":"Small yarder"},"geometry":{"type":"LineString","coordinates":[[-120.61996,39.7511],[-120.62111,39.75174]]}},{"type":"Feature","properties":{"unit_id":404,"landing_id":24,"span_ft":442.0,"deflection_pct":7.0,"min_clear_ft":17.9,"downhill":0,"span_class":"Small yarder"},"geometry":{"type":"LineString","coordinates":[[-120.61996,39.7511],[-120.62115,39.75189]]}},{"type":"Feature","properties":{"unit_id":404,"landing_id":24,"span_ft":212.0,"deflection_pct":13.6,"min_clear_ft":12.6,"downhill":0,"span_class":"Small yarder"},"geometry":{"type":"LineString","coordinates":[[-120.61996,39.7511],[-120.62008,39.75167]]}},{"type":"Feature","properties":{"unit_id":404,"landing_id":24,"span_ft":225.0,"deflection_pct":11.8,"min_clear_ft":12.6,"downhill":0,"span_class":"Small yarder"},"geometry":{"type":"LineString","coordinates":[[-120.61996,39.7511],[-120.62002,39.75171]]}},{"type":"Feature","properties":{"unit_id":404,"landing_id":25,"span_ft":308.0,"deflection_pct":8.4,"min_clear_ft":11.5,"downhill":0,"span_class":"Small yarder"},"geometry":{"type":"LineString","coordinates":[[-120.61973,39.75058],[-120.62056,39.75113]]}},{"type":"Feature","properties":{"unit_id":404,"landing_id":25,"span_ft":508.0,"deflection_pct":6.1,"min_clear_ft":12.3,"downhill":0,"span_class":"Small yarder"},"geometry":{"type":"LineString","coordinates":[[-120.61973,39.75058],[-120.62099,39.75158]]}},{"type":"Feature","properties":{"unit_id":404,"landing_id":25,"span_ft":418.0,"deflection_pct":7.0,"min_clear_ft":11.4,"downhill":0,"span_class":"Small yarder"},"geometry":{"type":"LineString","coordinates":[[-120.61973,39.75058],[-120.62009,39.75169]]}},{"type":"Feature","properties":{"unit_id":404,"landing_id":32,"span_ft":1134.0,"deflection_pct":6.8,"min_clear_ft":11.1,"downhill":0,"span_class":"Medium yarder"},"geometry":{"type":"LineString","coordinates":[[-120.62003,39.74862],[-120.61997,39.75174]]}},{"type":"Feature","properties":{"unit_id":404,"landing_id":41,"span_ft":2237.0,"deflection_pct":6.0,"min_clear_ft":11.6,"downhill":0,"span_class":"Long-span yarder"},"geometry":{"type":"LineString","coordinates":[[-120.62462,39.74152],[-120.61845,39.74539]]}},{"type":"Feature","properties":{"unit_id":404,"landing_id":41,"span_ft":1661.0,"deflection_pct":9.2,"min_clear_ft":12.1,"downhill":0,"span_class":"Medium yarder"},"geometry":{"type":"LineString","coordinates":[[-120.62462,39.74152],[-120.61973,39.74408]]}},{"type":"Feature","properties":{"unit_id":404,"landing_id":42,"span_ft":1363.0,"deflection_pct":7.7,"min_clear_ft":10.9,"downhill":0,"span_class":"Medium yarder"},"geometry":{"type":"LineString","coordinates":[[-120.62452,39.74098],[-120.62241,39.74434]]}},{"type":"Feature","properties":{"unit_id":110,"landing_id":3,"span_ft":211.0,"deflection_pct":11.8,"min_clear_ft":10.8,"downhill":1,"span_class":"Small yarder"},"geometry":{"type":"LineString","coordinates":[[-120.61657,39.73153],[-120.61591,39.73181]]}},{"type":"Feature","properties":{"unit_id":110,"landing_id":3,"span_ft":224.0,"deflection_pct":13.8,"min_clear_ft":13.4,"downhill":0,"span_class":"Small yarder"},"geometry":{"type":"LineString","coordinates":[[-120.61657,39.73153],[-120.61685,39.73095]]}},{"type":"Feature","properties":{"unit_id":110,"landing_id":3,"span_ft":362.0,"deflection_pct":10.0,"min_clear_ft":10.7,"downhill":0,"span_class":"Small yarder"},"geometry":{"type":"LineString","coordinates":[[-120.61657,39.73153],[-120.61723,39.73068]]}},{"type":"Feature","properties":{"unit_id":110,"landing_id":3,"span_ft":470.0,"deflection_pct":8.6,"min_clear_ft":11.8,"downhill":1,"span_class":"Small yarder"},"geometry":{"type":"LineString","coordinates":[[-120.61657,39.73153],[-120.61766,39.73055]]}},{"type":"Feature","properties":{"unit_id":110,"landing_id":3,"span_ft":601.0,"deflection_pct":8.9,"min_clear_ft":10.4,"downhill":1,"span_class":"Small yarder"},"geometry":{"type":"LineString","coordinates":[[-120.61657,39.73153],[-120.61823,39.73049]]}},{"type":"Feature","properties":{"unit_id":110,"landing_id":4,"span_ft":737.0,"deflection_pct":6.7,"min_clear_ft":12.8,"downhill":0,"span_class":"Small yarder"},"geometry":{"type":"LineString","coordinates":[[-120.61864,39.73183],[-120.61606,39.73145]]}},{"type":"Feature","properties":{"unit_id":110,"landing_id":4,"span_ft":690.0,"deflection_pct":6.1,"min_clear_ft":11.5,"downhill":0,"span_class":"Small yarder"},"geometry":{"type":"LineString","coordinates":[[-120.61864,39.73183],[-120.61634,39.73116]]}},{"type":"Feature","properties":{"unit_id":110,"landing_id":5,"span_ft":832.0,"deflection_pct":6.0,"min_clear_ft":11.6,"downhill":0,"span_class":"Small yarder"},"geometry":{"type":"LineString","coordinates":[[-120.61919,39.73054],[-120.6164,39.73129]]}},{"type":"Feature","properties":{"unit_id":110,"landing_id":5,"span_ft":268.0,"deflection_pct":13.9,"min_clear_ft":11.7,"downhill":0,"span_class":"Small yarder"},"geometry":{"type":"LineString","coordinates":[[-120.61919,39.73054],[-120.61824,39.73053]]}},{"type":"Feature","properties":{"unit_id":110,"landing_id":5,"span_ft":202.0,"deflection_pct":17.4,"min_clear_ft":12.9,"downhill":0,"span_class":"Small yarder"},"geometry":{"type":"LineString","coordinates":[[-120.61919,39.73054],[-120.61849,39.73044]]}},{"type":"Feature","properties":{"unit_id":111,"landing_id":2,"span_ft":273.0,"deflection_pct":9.3,"min_clear_ft":10.9,"downhill":0,"span_class":"Small yarder"},"geometry":{"type":"LineString","coordinates":[[-120.61657,39.72706],[-120.61623,39.72776]]}},{"type":"Feature","properties":{"unit_id":111,"landing_id":2,"span_ft":237.0,"deflection_pct":11.9,"min_clear_ft":11.7,"downhill":0,"span_class":"Small yarder"},"geometry":{"type":"LineString","coordinates":[[-120.61657,39.72706],[-120.61614,39.72762]]}},{"type":"Feature","properties":{"unit_id":111,"landing_id":2,"span_ft":216.0,"deflection_pct":10.6,"min_clear_ft":11.5,"downhill":0,"span_class":"Small yarder"},"geometry":{"type":"LineString","coordinates":[[-120.61657,39.72706],[-120.61607,39.72751]]}},{"type":"Feature","properties":{"unit_id":111,"landing_id":2,"span_ft":203.0,"deflection_pct":14.0,"min_clear_ft":12.1,"downhill":0,"span_class":"Small yarder"},"geometry":{"type":"LineString","coordinates":[[-120.61657,39.72706],[-120.61601,39.72741]]}},{"type":"Feature","properties":{"unit_id":111,"landing_id":2,"span_ft":222.0,"deflection_pct":10.5,"min_clear_ft":10.4,"downhill":0,"span_class":"Small yarder"},"geometry":{"type":"LineString","coordinates":[[-120.61657,39.72706],[-120.61685,39.72649]]}},{"type":"Feature","properties":{"unit_id":111,"landing_id":2,"span_ft":309.0,"deflection_pct":7.8,"min_clear_ft":11.6,"downhill":1,"span_class":"Small yarder"},"geometry":{"type":"LineString","coordinates":[[-120.61657,39.72706],[-120.61742,39.72653]]}},{"type":"Feature","properties":{"unit_id":111,"landing_id":2,"span_ft":363.0,"deflection_pct":6.8,"min_clear_ft":11.1,"downhill":1,"span_class":"Small yarder"},"geometry":{"type":"LineString","coordinates":[[-120.61657,39.72706],[-120.6177,39.72658]]}},{"type":"Feature","properties":{"unit_id":111,"landing_id":4,"span_ft":745.0,"deflection_pct":7.5,"min_clear_ft":10.1,"downhill":1,"span_class":"Small yarder"},"geometry":{"type":"LineString","coordinates":[[-120.6158,39.73003],[-120.61828,39.73076]]}},{"type":"Feature","properties":{"unit_id":111,"landing_id":4,"span_ft":622.0,"deflection_pct":6.2,"min_clear_ft":11.8,"downhill":1,"span_class":"Small yarder"},"geometry":{"type":"LineString","coordinates":[[-120.6158,39.73003],[-120.6177,39.73091]]}},{"type":"Feature","properties":{"unit_id":111,"landing_id":6,"span_ft":228.0,"deflection_pct":7.7,"min_clear_ft":11.2,"downhill":0,"span_class":"Small yarder"},"geometry":{"type":"LineString","coordinates":[[-120.61968,39.73024],[-120.61897,39.73054]]}},{"type":"Feature","properties":{"unit_id":111,"landing_id":6,"span_ft":464.0,"deflection_pct":8.0,"min_clear_ft":11.4,"downhill":0,"span_class":"Small yarder"},"geometry":{"type":"LineString","coordinates":[[-120.61968,39.73024],[-120.61812,39.73066]]}},{"type":"Feature","properties":{"unit_id":111,"landing_id":6,"span_ft":234.0,"deflection_pct":12.3,"min_clear_ft":11.9,"downhill":1,"span_class":"Small yarder"},"geometry":{"type":"LineString","coordinates":[[-120.61968,39.73024],[-120.62051,39.73025]]}},{"type":"Feature","properties":{"unit_id":111,"landing_id":7,"span_ft":810.0,"deflection_pct":10.7,"min_clear_ft":22.0,"downhill":1,"span_class":"Small yarder"},"geometry":{"type":"LineString","coordinates":[[-120.62297,39.73011],[-120.62399,39.72803]]}},{"type":"Feature","properties":{"unit_id":111,"landing_id":7,"span_ft":753.0,"deflection_pct":8.0,"min_clear_ft":13.8,"downhill":1,"span_class":"Small yarder"},"geometry":{"type":"LineString","coordinates":[[-120.62297,39.73011],[-120.62434,39.72833]]}},{"type":"Feature","properties":{"unit_id":111,"landing_id":7,"span_ft":451.0,"deflection_pct":13.8,"min_clear_ft":13.8,"downhill":0,"span_class":"Small yarder"},"geometry":{"type":"LineString","coordinates":[[-120.62297,39.73011],[-120.62402,39.72917]]}},{"type":"Feature","properties":{"unit_id":111,"landing_id":7,"span_ft":390.0,"deflection_pct":11.4,"min_clear_ft":14.9,"downhill":0,"span_class":"Small yarder"},"geometry":{"type":"LineString","coordinates":[[-120.62297,39.73011],[-120.62404,39.72943]]}},{"type":"Feature","properties":{"unit_id":111,"landing_id":7,"span_ft":288.0,"deflection_pct":11.9,"min_clear_ft":11.6,"downhill":0,"span_class":"Small yarder"},"geometry":{"type":"LineString","coordinates":[[-120.62297,39.73011],[-120.62386,39.72972]]}},{"type":"Feature","properties":{"unit_id":111,"landing_id":7,"span_ft":282.0,"deflection_pct":11.5,"min_clear_ft":11.9,"downhill":0,"span_class":"Small yarder"},"geometry":{"type":"LineString","coordinates":[[-120.62297,39.73011],[-120.62391,39.72986]]}},{"type":"Feature","properties":{"unit_id":111,"landing_id":8,"span_ft":807.0,"deflection_pct":10.2,"min_clear_ft":10.6,"downhill":0,"span_class":"Small yarder"},"geometry":{"type":"LineString","coordinates":[[-120.62579,39.72906],[-120.62329,39.73014]]}},{"type":"Feature","properties":{"unit_id":111,"landing_id":8,"span_ft":981.0,"deflection_pct":8.7,"min_clear_ft":13.9,"downhill":0,"span_class":"Small yarder"},"geometry":{"type":"LineString","coordinates":[[-120.62579,39.72906],[-120.6225,39.72995]]}},{"type":"Feature","properties":{"unit_id":112,"landing_id":1,"span_ft":2423.0,"deflection_pct":6.0,"min_clear_ft":10.6,"downhill":1,"span_class":"Long-span yarder"},"geometry":{"type":"LineString","coordinates":[[-120.61603,39.72805],[-120.6191,39.72184]]}},{"type":"Feature","properties":{"unit_id":112,"landing_id":2,"span_ft":1831.0,"deflection_pct":6.0,"min_clear_ft":10.2,"downhill":1,"span_class":"Long-span yarder"},"geometry":{"type":"LineString","coordinates":[[-120.61905,39.72622],[-120.61802,39.72126]]}},{"type":"Feature","properties":{"unit_id":112,"landing_id":2,"span_ft":1552.0,"deflection_pct":7.0,"min_clear_ft":10.8,"downhill":1,"span_class":"Medium yarder"},"geometry":{"type":"LineString","coordinates":[[-120.61905,39.72622],[-120.61914,39.72196]]}},{"type":"Feature","properties":{"unit_id":112,"landing_id":2,"span_ft":1304.0,"deflection_pct":7.5,"min_clear_ft":10.2,"downhill":1,"span_class":"Medium yarder"},"geometry":{"type":"LineString","coordinates":[[-120.61905,39.72622],[-120.61993,39.72271]]}},{"type":"Feature","properties":{"unit_id":112,"landing_id":2,"span_ft":1045.0,"deflection_pct":6.7,"min_clear_ft":11.9,"downhill":1,"span_class":"Medium yarder"},"geometry":{"type":"LineString","coordinates":[[-120.61905,39.72622],[-120.62096,39.72376]]}},{"type":"Feature","properties":{"unit_id":112,"landing_id":2,"span_ft":1003.0,"deflection_pct":6.3,"min_clear_ft":12.8,"downhill":1,"span_class":"Medium yarder"},"geometry":{"type":"LineString","coordinates":[[-120.61905,39.72622],[-120.62138,39.72414]]}},{"type":"Feature","properties":{"unit_id":112,"landing_id":2,"span_ft":962.0,"deflection_pct":6.0,"min_clear_ft":13.1,"downhill":1,"span_class":"Small yarder"},"geometry":{"type":"LineString","coordinates":[[-120.61905,39.72622],[-120.62243,39.7258]]}},{"type":"Feature","properties":{"unit_id":112,"landing_id":2,"span_ft":1082.0,"deflection_pct":6.1,"min_clear_ft":13.2,"downhill":1,"span_class":"Medium yarder"},"geometry":{"type":"LineString","coordinates":[[-120.61905,39.72622],[-120.6229,39.72627]]}},{"type":"Feature","properties":{"unit_id":112,"landing_id":3,"span_ft":813.0,"deflection_pct":10.2,"min_clear_ft":14.2,"downhill":1,"span_class":"Small yarder"},"geometry":{"type":"LineString","coordinates":[[-120.62149,39.72461],[-120.62144,39.72684]]}},{"type":"Feature","properties":{"unit_id":112,"landing_id":3,"span_ft":801.0,"deflection_pct":10.5,"min_clear_ft":14.1,"downhill":1,"span_class":"Small yarder"},"geometry":{"type":"LineString","coordinates":[[-120.62149,39.72461],[-120.62095,39.72677]]}},{"type":"Feature","properties":{"unit_id":112,"landing_id":3,"span_ft":811.0,"deflection_pct":9.9,"min_clear_ft":14.5,"downhill":1,"span_class":"Small yarder"},"geometry":{"type":"LineString","coordinates":[[-120.62149,39.72461],[-120.62046,39.72669]]}},{"type":"Feature","properties":{"unit_id":112,"landing_id":3,"span_ft":844.0,"deflection_pct":8.3,"min_clear_ft":14.0,"downhill":0,"span_class":"Small yarder"},"geometry":{"type":"LineString","coordinates":[[-120.62149,39.72461],[-120.61995,39.7266]]}},{"type":"Feature","properties":{"unit_id":112,"landing_id":3,"span_ft":906.0,"deflection_pct":8.1,"min_clear_ft":13.5,"downhill":0,"span_class":"Small yarder"},"geometry":{"type":"LineString","coordinates":[[-120.62149,39.72461],[-120.61938,39.72649]]}},{"type":"Feature","properties":{"unit_id":112,"landing_id":3,"span_ft":1009.0,"deflection_pct":8.6,"min_clear_ft":13.4,"downhill":0,"span_class":"Medium yarder"},"geometry":{"type":"LineString","coordinates":[[-120.62149,39.72461],[-120.6187,39.72636]]}},{"type":"Feature","properties":{"unit_id":112,"landing_id":3,"span_ft":1180.0,"deflection_pct":6.0,"min_clear_ft":10.0,"downhill":0,"span_class":"Medium yarder"},"geometry":{"type":"LineString","coordinates":[[-120.62149,39.72461],[-120.61782,39.72619]]}},{"type":"Feature","properties":{"unit_id":112,"landing_id":3,"span_ft":913.0,"deflection_pct":9.4,"min_clear_ft":13.9,"downhill":1,"span_class":"Small yarder"},"geometry":{"type":"LineString","coordinates":[[-120.62149,39.72461],[-120.62255,39.72698]]}},{"type":"Feature","properties":{"unit_id":112,"landing_id":3,"span_ft":848.0,"deflection_pct":9.6,"min_clear_ft":13.6,"downhill":1,"span_class":"Small yarder"},"geometry":{"type":"LineString","coordinates":[[-120.62149,39.72461],[-120.62196,39.72691]]}},{"type":"Feature","properties":{"unit_id":112,"landing_id":4,"span_ft":1583.0,"deflection_pct":7.8,"min_clear_ft":14.6,"downhill":0,"span_class":"Medium yarder"},"geometry":{"type":"LineString","coordinates":[[-120.61891,39.72209],[-120.61883,39.72644]]}},{"type":"Feature","properties":{"unit_id":112,"landing_id":4,"span_ft":1558.0,"deflection_pct":6.6,"min_clear_ft":14.2,"downhill":0,"span_class":"Medium yarder"},"geometry":{"type":"LineString","coordinates":[[-120.61891,39.72209],[-120.61787,39.7263]]}},{"type":"Feature","properties":{"unit_id":112,"landing_id":4,"span_ft":805.0,"deflection_pct":7.2,"min_clear_ft":16.0,"downhill":0,"span_class":"Small yarder"},"geometry":{"type":"LineString","coordinates":[[-120.61891,39.72209],[-120.62072,39.72381]]}},{"type":"Feature","properties":{"unit_id":112,"landing_id":4,"span_ft":1656.0,"deflection_pct":7.3,"min_clear_ft":14.3,"downhill":0,"span_class":"Medium yarder"},"geometry":{"type":"LineString","coordinates":[[-120.61891,39.72209],[-120.61985,39.72658]]}},{"type":"Feature","properties":{"unit_id":112,"landing_id":5,"span_ft":319.0,"deflection_pct":8.3,"min_clear_ft":11.3,"downhill":0,"span_class":"Small yarder"},"geometry":{"type":"LineString","coordinates":[[-120.61598,39.71983],[-120.61524,39.72049]]}},{"type":"Feature","properties":{"unit_id":112,"landing_id":5,"span_ft":249.0,"deflection_pct":12.3,"min_clear_ft":12.0,"downhill":0,"span_class":"Small yarder"},"geometry":{"type":"LineString","coordinates":[[-120.61598,39.71983],[-120.61529,39.72026]]}},{"type":"Feature","properties":{"unit_id":112,"landing_id":5,"span_ft":216.0,"deflection_pct":14.7,"min_clear_ft":11.8,"downhill":0,"span_class":"Small yarder"},"geometry":{"type":"LineString","coordinates":[[-120.61598,39.71983],[-120.61531,39.72012]]}},{"type":"Feature","properties":{"unit_id":112,"landing_id":8,"span_ft":787.0,"deflection_pct":7.7,"min_clear_ft":10.7,"downhill":0,"span_class":"Small yarder"},"geometry":{"type":"LineString","coordinates":[[-120.61736,39.72137],[-120.61456,39.72134]]}},{"type":"Feature","properties":{"unit_id":112,"landing_id":8,"span_ft":747.0,"deflection_pct":8.0,"min_clear_ft":11.4,"downhill":0,"span_class":"Small yarder"},"geometry":{"type":"LineString","coordinates":[[-120.61736,39.72137],[-120.61475,39.72099]]}},{"type":"Feature","properties":{"unit_id":112,"landing_id":8,"span_ft":737.0,"deflection_pct":6.5,"min_clear_ft":10.3,"downhill":0,"span_class":"Small yarder"},"geometry":{"type":"LineString","coordinates":[[-120.61736,39.72137],[-120.61491,39.72065]]}},{"type":"Feature","properties":{"unit_id":112,"landing_id":8,"span_ft":323.0,"deflection_pct":14.4,"min_clear_ft":10.2,"downhill":1,"span_class":"Small yarder"},"geometry":{"type":"LineString","coordinates":[[-120.61736,39.72137],[-120.6168,39.7206]]}},{"type":"Feature","properties":{"unit_id":112,"landing_id":8,"span_ft":303.0,"deflection_pct":11.9,"min_clear_ft":13.6,"downhill":1,"span_class":"Small yarder"},"geometry":{"type":"LineString","coordinates":[[-120.61736,39.72137],[-120.617,39.72059]]}},{"type":"Feature","properties":{"unit_id":112,"landing_id":8,"span_ft":257.0,"deflection_pct":10.6,"min_clear_ft":12.9,"downhill":1,"span_class":"Small yarder"},"geometry":{"type":"LineString","coordinates":[[-120.61736,39.72137],[-120.61721,39.72067]]}},{"type":"Feature","properties":{"unit_id":112,"landing_id":8,"span_ft":230.0,"deflection_pct":12.3,"min_clear_ft":13.1,"downhill":1,"span_class":"Small yarder"},"geometry":{"type":"LineString","coordinates":[[-120.61736,39.72137],[-120.61737,39.72074]]}},{"type":"Feature","properties":{"unit_id":112,"landing_id":8,"span_ft":214.0,"deflection_pct":13.9,"min_clear_ft":13.7,"downhill":1,"span_class":"Small yarder"},"geometry":{"type":"LineString","coordinates":[[-120.61736,39.72137],[-120.6175,39.7208]]}},{"type":"Feature","properties":{"unit_id":112,"landing_id":8,"span_ft":204.0,"deflection_pct":16.3,"min_clear_ft":13.0,"downhill":1,"span_class":"Small yarder"},"geometry":{"type":"LineString","coordinates":[[-120.61736,39.72137],[-120.61762,39.72085]]}},{"type":"Feature","properties":{"unit_id":112,"landing_id":8,"span_ft":201.0,"deflection_pct":19.4,"min_clear_ft":12.1,"downhill":1,"span_class":"Small yarder"},"geometry":{"type":"LineString","coordinates":[[-120.61736,39.72137],[-120.61798,39.7211]]}},{"type":"Feature","properties":{"unit_id":112,"landing_id":8,"span_ft":209.0,"deflection_pct":18.4,"min_clear_ft":12.5,"downhill":1,"span_class":"Small yarder"},"geometry":{"type":"LineString","coordinates":[[-120.61736,39.72137],[-120.61806,39.72118]]}},{"type":"Feature","properties":{"unit_id":112,"landing_id":8,"span_ft":222.0,"deflection_pct":16.5,"min_clear_ft":12.5,"downhill":1,"span_class":"Small yarder"},"geometry":{"type":"LineString","coordinates":[[-120.61736,39.72137],[-120.61814,39.72128]]}},{"type":"Feature","properties":{"unit_id":112,"landing_id":8,"span_ft":243.0,"deflection_pct":13.5,"min_clear_ft":12.9,"downhill":1,"span_class":"Small yarder"},"geometry":{"type":"LineString","coordinates":[[-120.61736,39.72137],[-120.61822,39.72138]]}},{"type":"Feature","properties":{"unit_id":112,"landing_id":8,"span_ft":281.0,"deflection_pct":8.6,"min_clear_ft":11.4,"downhill":1,"span_class":"Small yarder"},"geometry":{"type":"LineString","coordinates":[[-120.61736,39.72137],[-120.61834,39.72152]]}},{"type":"Feature","properties":{"unit_id":112,"landing_id":8,"span_ft":355.0,"deflection_pct":8.2,"min_clear_ft":10.3,"downhill":1,"span_class":"Small yarder"},"geometry":{"type":"LineString","coordinates":[[-120.61736,39.72137],[-120.61854,39.72172]]}},{"type":"Feature","properties":{"unit_id":112,"landing_id":8,"span_ft":2242.0,"deflection_pct":6.0,"min_clear_ft":13.4,"downhill":0,"span_class":"Long-span yarder"},"geometry":{"type":"LineString","coordinates":[[-120.61736,39.72137],[-120.62124,39.72675]]}},{"type":"Feature","properties":{"unit_id":112,"landing_id":8,"span_ft":1991.0,"deflection_pct":6.5,"min_clear_ft":14.3,"downhill":0,"span_class":"Long-span yarder"},"geometry":{"type":"LineString","coordinates":[[-120.61736,39.72137],[-120.61968,39.72654]]}},{"type":"Feature","properties":{"unit_id":112,"landing_id":8,"span_ft":1840.0,"deflection_pct":6.7,"min_clear_ft":15.8,"downhill":0,"span_class":"Long-span yarder"},"geometry":{"type":"LineString","coordinates":[[-120.61736,39.72137],[-120.61839,39.72636]]}},{"type":"Feature","properties":{"unit_id":112,"landing_id":9,"span_ft":1311.0,"deflection_pct":6.6,"min_clear_ft":14.9,"downhill":0,"span_class":"Medium yarder"},"geometry":{"type":"LineString","coordinates":[[-120.62031,39.723],[-120.61943,39.72654]]}},{"type":"Feature","properties":{"unit_id":112,"landing_id":9,"span_ft":1328.0,"deflection_pct":8.4,"min_clear_ft":14.1,"downhill":0,"span_class":"Medium yarder"},"geometry":{"type":"LineString","coordinates":[[-120.62031,39.723],[-120.61863,39.72641]]}},{"type":"Feature","properties":{"unit_id":112,"landing_id":9,"span_ft":1385.0,"deflection_pct":6.4,"min_clear_ft":10.9,"downhill":0,"span_class":"Medium yarder"},"geometry":{"type":"LineString","coordinates":[[-120.62031,39.723],[-120.61779,39.72627]]}},{"type":"Feature","properties":{"unit_id":112,"landing_id":10,"span_ft":316.0,"deflection_pct":18.2,"min_clear_ft":13.4,"downhill":1,"span_class":"Small yarder"},"geometry":{"type":"LineString","coordinates":[[-120.62122,39.72594],[-120.62121,39.72681]]}},{"type":"Feature","properties":{"unit_id":112,"landing_id":10,"span_ft":313.0,"deflection_pct":19.2,"min_clear_ft":13.2,"downhill":1,"span_class":"Small yarder"},"geometry":{"type":"LineString","coordinates":[[-120.62122,39.72594],[-120.62101,39.72678]]}},{"type":"Feature","properties":{"unit_id":112,"landing_id":10,"span_ft":316.0,"deflection_pct":19.0,"min_clear_ft":14.9,"downhill":1,"span_class":"Small yarder"},"geometry":{"type":"LineString","coordinates":[[-120.62122,39.72594],[-120.62082,39.72675]]}},{"type":"Feature","properties":{"unit_id":112,"landing_id":10,"span_ft":326.0,"deflection_pct":17.8,"min_clear_ft":13.9,"downhill":1,"span_class":"Small yarder"},"geometry":{"type":"LineString","coordinates":[[-120.62122,39.72594],[-120.62063,39.72671]]}},{"type":"Feature","properties":{"unit_id":112,"landing_id":10,"span_ft":345.0,"deflection_pct":16.6,"min_clear_ft":14.2,"downhill":1,"span_class":"Small yarder"},"geometry":{"type":"LineString","coordinates":[[-120.62122,39.72594],[-120.62042,39.72665]]}},{"type":"Feature","properties":{"unit_id":112,"landing_id":10,"span_ft":376.0,"deflection_pct":15.3,"min_clear_ft":13.0,"downhill":1,"span_class":"Small yarder"},"geometry":{"type":"LineString","coordinates":[[-120.62122,39.72594],[-120.62019,39.72659]]}},{"type":"Feature","properties":{"unit_id":112,"landing_id":10,"span_ft":428.0,"deflection_pct":13.3,"min_clear_ft":12.4,"downhill":1,"span_class":"Small yarder"},"geometry":{"type":"LineString","coordinates":[[-120.62122,39.72594],[-120.61989,39.72651]]}},{"type":"Feature","properties":{"unit_id":112,"landing_id":10,"span_ft":520.0,"deflection_pct":10.9,"min_clear_ft":14.4,"downhill":1,"span_class":"Small yarder"},"geometry":{"type":"LineString","coordinates":[[-120.62122,39.72594],[-120.61948,39.72641]]}},{"type":"Feature","properties":{"unit_id":112,"landing_id":10,"span_ft":447.0,"deflection_pct":7.6,"min_clear_ft":10.3,"downhill":1,"span_class":"Small yarder"},"geometry":{"type":"LineString","coordinates":[[-120.62122,39.72594],[-120.62179,39.72479]]}},{"type":"Feature","properties":{"unit_id":112,"landing_id":10,"span_ft":407.0,"deflection_pct":8.1,"min_clear_ft":11.4,"downhill":1,"span_class":"Small yarder"},"geometry":{"type":"LineString","coordinates":[[-120.62122,39.72594],[-120.62196,39.72498]]}},{"type":"Feature","properties":{"unit_id":112,"landing_id":10,"span_ft":383.0,"deflection_pct":9.2,"min_clear_ft":11.2,"downhill":1,"span_class":"Small yarder"},"geometry":{"type":"LineString","coordinates":[[-120.62122,39.72594],[-120.62211,39.72514]]}},{"type":"Feature","properties":{"unit_id":112,"landing_id":10,"span_ft":370.0,"deflection_pct":9.3,"min_clear_ft":12.4,"downhill":1,"span_class":"Small yarder"},"geometry":{"type":"LineString","coordinates":[[-120.62122,39.72594],[-120.62224,39.7253]]}},{"type":"Feature","properties":{"unit_id":112,"landing_id":10,"span_ft":366.0,"deflection_pct":8.1,"min_clear_ft":12.1,"downhill":1,"span_class":"Small yarder"},"geometry":{"type":"LineString","coordinates":[[-120.62122,39.72594],[-120.62236,39.72545]]}},{"type":"Feature","properties":{"unit_id":112,"landing_id":10,"span_ft":354.0,"deflection_pct":8.3,"min_clear_ft":12.3,"downhill":1,"span_class":"Small yarder"},"geometry":{"type":"LineString","coordinates":[[-120.62122,39.72594],[-120.62241,39.72562]]}},{"type":"Feature","properties":{"unit_id":112,"landing_id":10,"span_ft":344.0,"deflection_pct":9.7,"min_clear_ft":13.8,"downhill":1,"span_class":"Small yarder"},"geometry":{"type":"LineString","coordinates":[[-120.62122,39.72594],[-120.62243,39.72579]]}},{"type":"Feature","properties":{"unit_id":112,"landing_id":10,"span_ft":341.0,"deflection_pct":9.4,"min_clear_ft":11.3,"downhill":1,"span_class":"Small yarder"},"geometry":{"type":"LineString","coordinates":[[-120.62122,39.72594],[-120.62244,39.72595]]}},{"type":"Feature","properties":{"unit_id":112,"landing_id":10,"span_ft":449.0,"deflection_pct":10.5,"min_clear_ft":13.1,"downhill":1,"span_class":"Small yarder"},"geometry":{"type":"LineString","coordinates":[[-120.62122,39.72594],[-120.62279,39.72617]]}},{"type":"Feature","properties":{"unit_id":112,"landing_id":10,"span_ft":515.0,"deflection_pct":7.5,"min_clear_ft":11.3,"downhill":1,"span_class":"Small yarder"},"geometry":{"type":"LineString","coordinates":[[-120.62122,39.72594],[-120.62293,39.72644]]}},{"type":"Feature","properties":{"unit_id":112,"landing_id":10,"span_ft":633.0,"deflection_pct":6.6,"min_clear_ft":12.5,"downhill":1,"span_class":"Small yarder"},"geometry":{"type":"LineString","coordinates":[[-120.62122,39.72594],[-120.62315,39.72683]]}},{"type":"Feature","properties":{"unit_id":112,"landing_id":10,"span_ft":531.0,"deflection_pct":8.7,"min_clear_ft":12.6,"downhill":1,"span_class":"Small yarder"},"geometry":{"type":"LineString","coordinates":[[-120.62122,39.72594],[-120.62265,39.72689]]}},{"type":"Feature","properties":{"unit_id":112,"landing_id":10,"span_ft":434.0,"deflection_pct":11.7,"min_clear_ft":12.6,"downhill":1,"span_class":"Small yarder"},"geometry":{"type":"LineString","coordinates":[[-120.62122,39.72594],[-120.6222,39.72686]]}},{"type":"Feature","properties":{"unit_id":112,"landing_id":10,"span_ft":380.0,"deflection_pct":14.2,"min_clear_ft":12.6,"downhill":1,"span_class":"Small yarder"},"geometry":{"type":"LineString","coordinates":[[-120.62122,39.72594],[-120.62188,39.72685]]}},{"type":"Feature","properties":{"unit_id":112,"landing_id":10,"span_ft":347.0,"deflection_pct":16.1,"min_clear_ft":12.2,"downhill":1,"span_class":"Small yarder"},"geometry":{"type":"LineString","coordinates":[[-120.62122,39.72594],[-120.62163,39.72684]]}},{"type":"Feature","properties":{"unit_id":112,"landing_id":10,"span_ft":327.0,"deflection_pct":17.8,"min_clear_ft":13.0,"downhill":1,"span_class":"Small yarder"},"geometry":{"type":"LineString","coordinates":[[-120.62122,39.72594],[-120.62141,39.72682]]}},{"type":"Feature","properties":{"unit_id":112,"landing_id":11,"span_ft":590.0,"deflection_pct":8.0,"min_clear_ft":12.5,"downhill":0,"span_class":"Small yarder"},"geometry":{"type":"LineString","coordinates":[[-120.61736,39.72655],[-120.61527,39.72652]]}},{"type":"Feature","properties":{"unit_id":112,"landing_id":11,"span_ft":820.0,"deflection_pct":9.0,"min_clear_ft":11.0,"downhill":0,"span_class":"Small yarder"},"geometry":{"type":"LineString","coordinates":[[-120.61736,39.72655],[-120.6145,39.72612]]}},{"type":"Feature","properties":{"unit_id":112,"landing_id":11,"span_ft":1842.0,"deflection_pct":6.3,"min_clear_ft":12.3,"downhill":1,"span_class":"Long-span yarder"},"geometry":{"type":"LineString","coordinates":[[-120.61736,39.72655],[-120.6186,39.72158]]}},{"type":"Feature","properties":{"unit_id":112,"landing_id":11,"span_ft":1623.0,"deflection_pct":6.7,"min_clear_ft":13.7,"downhill":1,"span_class":"Medium yarder"},"geometry":{"type":"LineString","coordinates":[[-120.61736,39.72655],[-120.62032,39.72272]]}},{"type":"Feature","properties":{"unit_id":112,"landing_id":11,"span_ft":1451.0,"deflection_pct":6.3,"min_clear_ft":10.1,"downhill":1,"span_class":"Medium yarder"},"geometry":{"type":"LineString","coordinates":[[-120.61736,39.72655],[-120.62074,39.72353]]}},{"type":"Feature","properties":{"unit_id":112,"landing_id":11,"span_ft":1442.0,"deflection_pct":7.3,"min_clear_ft":12.7,"downhill":1,"span_class":"Medium yarder"},"geometry":{"type":"LineString","coordinates":[[-120.61736,39.72655],[-120.62134,39.72405]]}},{"type":"Feature","properties":{"unit_id":113,"landing_id":1,"span_ft":1117.0,"deflection_pct":8.4,"min_clear_ft":12.7,"downhill":1,"span_class":"Medium yarder"},"geometry":{"type":"LineString","coordinates":[[-120.61263,39.73338],[-120.61655,39.7329]]}},{"type":"Feature","properties":{"unit_id":113,"landing_id":1,"span_ft":1143.0,"deflection_pct":7.1,"min_clear_ft":11.6,"downhill":1,"span_class":"Medium yarder"},"geometry":{"type":"LineString","coordinates":[[-120.61263,39.73338],[-120.61669,39.73343]]}},{"type":"Feature","properties":{"unit_id":113,"landing_id":2,"span_ft":748.0,"deflection_pct":8.4,"min_clear_ft":12.5,"downhill":1,"span_class":"Small yarder"},"geometry":{"type":"LineString","coordinates":[[-120.6132,39.73305],[-120.61582,39.73273]]}},{"type":"Feature","properties":{"unit_id":113,"landing_id":2,"span_ft":989.0,"deflection_pct":7.0,"min_clear_ft":12.3,"downhill":1,"span_class":"Small yarder"},"geometry":{"type":"LineString","coordinates":[[-120.6132,39.73305],[-120.61671,39.73309]]}},{"type":"Feature","properties":{"unit_id":113,"landing_id":3,"span_ft":554.0,"deflection_pct":8.0,"min_clear_ft":12.0,"downhill":1,"span_class":"Small yarder"},"geometry":{"type":"LineString","coordinates":[[-120.61388,39.73292],[-120.61582,39.73268]]}},{"type":"Feature","properties":{"unit_id":113,"landing_id":3,"span_ft":757.0,"deflection_pct":6.8,"min_clear_ft":12.0,"downhill":1,"span_class":"Small yarder"},"geometry":{"type":"LineString","coordinates":[[-120.61388,39.73292],[-120.61657,39.73296]]}},{"type":"Feature","properties":{"unit_id":113,"landing_id":8,"span_ft":510.0,"deflection_pct":8.1,"min_clear_ft":12.1,"downhill":1,"span_class":"Small yarder"},"geometry":{"type":"LineString","coordinates":[[-120.61401,39.7327],[-120.61583,39.73272]]}},{"type":"Feature","properties":{"unit_id":113,"landing_id":8,"span_ft":756.0,"deflection_pct":6.3,"min_clear_ft":10.4,"downhill":1,"span_class":"Small yarder"},"geometry":{"type":"LineString","coordinates":[[-120.61401,39.7327],[-120.61665,39.73309]]}},{"type":"Feature","properties":{"unit_id":113,"landing_id":9,"span_ft":679.0,"deflection_pct":8.2,"min_clear_ft":12.3,"downhill":1,"span_class":"Small yarder"},"geometry":{"type":"LineString","coordinates":[[-120.61344,39.733],[-120.61582,39.73271]]}},{"type":"Feature","properties":{"unit_id":113,"landing_id":9,"span_ft":905.0,"deflection_pct":7.0,"min_clear_ft":12.3,"downhill":1,"span_class":"Small yarder"},"geometry":{"type":"LineString","coordinates":[[-120.61344,39.733],[-120.61666,39.73304]]}},{"type":"Feature","properties":{"unit_id":113,"landing_id":10,"span_ft":869.0,"deflection_pct":8.4,"min_clear_ft":12.4,"downhill":1,"span_class":"Small yarder"},"geometry":{"type":"LineString","coordinates":[[-120.61277,39.7332],[-120.61582,39.73282]]}},{"type":"Feature","properties":{"unit_id":113,"landing_id":10,"span_ft":1124.0,"deflection_pct":7.2,"min_clear_ft":11.6,"downhill":1,"span_class":"Medium yarder"},"geometry":{"type":"LineString","coordinates":[[-120.61277,39.7332],[-120.61677,39.73324]]}},{"type":"Feature","properties":{"unit_id":113,"landing_id":10,"span_ft":1342.0,"deflection_pct":6.2,"min_clear_ft":11.5,"downhill":1,"span_class":"Medium yarder"},"geometry":{"type":"LineString","coordinates":[[-120.61277,39.7332],[-120.61746,39.73389]]}},{"type":"Feature","properties":{"unit_id":405,"landing_id":1,"span_ft":1393.0,"deflection_pct":8.0,"min_clear_ft":10.1,"downhill":1,"span_class":"Medium yarder"},"geometry":{"type":"LineString","coordinates":[[-120.61624,39.74457],[-120.61879,39.74129]]}},{"type":"Feature","properties":{"unit_id":405,"landing_id":2,"span_ft":410.0,"deflection_pct":6.3,"min_clear_ft":10.5,"downhill":1,"span_class":"Small yarder"},"geometry":{"type":"LineString","coordinates":[[-120.61587,39.74412],[-120.61449,39.74449]]}},{"type":"Feature","properties":{"unit_id":405,"landing_id":3,"span_ft":211.0,"deflection_pct":12.8,"min_clear_ft":12.2,"downhill":1,"span_class":"Small yarder"},"geometry":{"type":"LineString","coordinates":[[-120.61524,39.74425],[-120.61458,39.74454]]}},{"type":"Feature","properties":{"unit_id":405,"landing_id":3,"span_ft":231.0,"deflection_pct":10.6,"min_clear_ft":11.3,"downhill":1,"span_class":"Small yarder"},"geometry":{"type":"LineString","coordinates":[[-120.61524,39.74425],[-120.61449,39.74451]]}},{"type":"Feature","properties":{"unit_id":405,"landing_id":3,"span_ft":261.0,"deflection_pct":6.6,"min_clear_ft":11.3,"downhill":1,"span_class":"Small yarder"},"geometry":{"type":"LineString","coordinates":[[-120.61524,39.74425],[-120.61436,39.74449]]}},{"type":"Feature","properties":{"unit_id":405,"landing_id":4,"span_ft":333.0,"deflection_pct":7.3,"min_clear_ft":10.7,"downhill":0,"span_class":"Small yarder"},"geometry":{"type":"LineString","coordinates":[[-120.6146,39.74448],[-120.61563,39.74403]]}},{"type":"Feature","properties":{"unit_id":405,"landing_id":4,"span_ft":305.0,"deflection_pct":8.6,"min_clear_ft":11.4,"downhill":0,"span_class":"Small yarder"},"geometry":{"type":"LineString","coordinates":[[-120.6146,39.74448],[-120.61559,39.74413]]}},{"type":"Feature","properties":{"unit_id":405,"landing_id":4,"span_ft":274.0,"deflection_pct":7.0,"min_clear_ft":10.4,"downhill":0,"span_class":"Small yarder"},"geometry":{"type":"LineString","coordinates":[[-120.6146,39.74448],[-120.61552,39.74423]]}},{"type":"Feature","properties":{"unit_id":405,"landing_id":4,"span_ft":238.0,"deflection_pct":8.0,"min_clear_ft":12.5,"downhill":0,"span_class":"Small yarder"},"geometry":{"type":"LineString","coordinates":[[-120.6146,39.74448],[-120.61542,39.74432]]}},{"type":"Feature","properties":{"unit_id":405,"landing_id":6,"span_ft":204.0,"deflection_pct":18.8,"min_clear_ft":13.4,"downhill":0,"span_class":"Small yarder"},"geometry":{"type":"LineString","coordinates":[[-120.61332,39.74422],[-120.61262,39.74435]]}},{"type":"Feature","properties":{"unit_id":405,"landing_id":6,"span_ft":227.0,"deflection_pct":16.4,"min_clear_ft":12.7,"downhill":0,"span_class":"Small yarder"},"geometry":{"type":"LineString","coordinates":[[-120.61332,39.74422],[-120.61253,39.74431]]}},{"type":"Feature","properties":{"unit_id":405,"landing_id":6,"span_ft":264.0,"deflection_pct":13.9,"min_clear_ft":12.0,"downhill":0,"span_class":"Small yarder"},"geometry":{"type":"LineString","coordinates":[[-120.61332,39.74422],[-120.61238,39.74427]]}},{"type":"Feature","properties":{"unit_id":405,"landing_id":6,"span_ft":336.0,"deflection_pct":10.0,"min_clear_ft":11.7,"downhill":0,"span_class":"Small yarder"},"geometry":{"type":"LineString","coordinates":[[-120.61332,39.74422],[-120.61213,39.7442]]}},{"type":"Feature","properties":{"unit_id":405,"landing_id":6,"span_ft":331.0,"deflection_pct":10.3,"min_clear_ft":11.6,"downhill":0,"span_class":"Small yarder"},"geometry":{"type":"LineString","coordinates":[[-120.61332,39.74422],[-120.61445,39.74446]]}},{"type":"Feature","properties":{"unit_id":405,"landing_id":6,"span_ft":273.0,"deflection_pct":11.5,"min_clear_ft":11.7,"downhill":0,"span_class":"Small yarder"},"geometry":{"type":"LineString","coordinates":[[-120.61332,39.74422],[-120.61423,39.74448]]}},{"type":"Feature","properties":{"unit_id":405,"landing_id":6,"span_ft":240.0,"deflection_pct":13.4,"min_clear_ft":11.6,"downhill":0,"span_class":"Small yarder"},"geometry":{"type":"LineString","coordinates":[[-120.61332,39.74422],[-120.61409,39.7445]]}},{"type":"Feature","properties":{"unit_id":405,"landing_id":6,"span_ft":218.0,"deflection_pct":15.6,"min_clear_ft":12.2,"downhill":0,"span_class":"Small yarder"},"geometry":{"type":"LineString","coordinates":[[-120.61332,39.74422],[-120.61399,39.74452]]}},{"type":"Feature","properties":{"unit_id":405,"landing_id":6,"span_ft":202.0,"deflection_pct":18.2,"min_clear_ft":13.2,"downhill":0,"span_class":"Small yarder"},"geometry":{"type":"LineString","coordinates":[[-120.61332,39.74422],[-120.6139,39.74454]]}},{"type":"Feature","properties":{"unit_id":405,"landing_id":7,"span_ft":209.0,"deflection_pct":22.2,"min_clear_ft":14.5,"downhill":0,"span_class":"Small yarder"},"geometry":{"type":"LineString","coordinates":[[-120.61271,39.74394],[-120.6127,39.74452]]}},{"type":"Feature","properties":{"unit_id":405,"landing_id":7,"span_ft":207.0,"deflection_pct":22.5,"min_clear_ft":14.8,"downhill":0,"span_class":"Small yarder"},"geometry":{"type":"LineString","coordinates":[[-120.61271,39.74394],[-120.61263,39.74451]]}},{"type":"Feature","properties":{"unit_id":405,"landing_id":7,"span_ft":207.0,"deflection_pct":22.6,"min_clear_ft":15.2,"downhill":0,"span_class":"Small yarder"},"geometry":{"type":"LineString","coordinates":[[-120.61271,39.74394],[-120.61257,39.7445]]}},{"type":"Feature","properties":{"unit_id":405,"landing_id":7,"span_ft":207.0,"deflection_pct":22.2,"min_clear_ft":14.8,"downhill":0,"span_class":"Small yarder"},"geometry":{"type":"LineString","coordinates":[[-120.61271,39.74394],[-120.61251,39.74449]]}},{"type":"Feature","properties":{"unit_id":405,"landing_id":7,"span_ft":208.0,"deflection_pct":22.2,"min_clear_ft":14.8,"downhill":0,"span_class":"Small yarder"},"geometry":{"type":"LineString","coordinates":[[-120.61271,39.74394],[-120.61244,39.74448]]}},{"type":"Feature","properties":{"unit_id":405,"landing_id":7,"span_ft":210.0,"deflection_pct":22.5,"min_clear_ft":14.5,"downhill":0,"span_class":"Small yarder"},"geometry":{"type":"LineString","coordinates":[[-120.61271,39.74394],[-120.61238,39.74446]]}},{"type":"Feature","properties":{"unit_id":405,"landing_id":7,"span_ft":213.0,"deflection_pct":21.5,"min_clear_ft":14.4,"downhill":0,"span_class":"Small yarder"},"geometry":{"type":"LineString","coordinates":[[-120.61271,39.74394],[-120.61232,39.74444]]}},{"type":"Feature","properties":{"unit_id":405,"landing_id":7,"span_ft":217.0,"deflection_pct":20.6,"min_clear_ft":14.3,"downhill":0,"span_class":"Small yarder"},"geometry":{"type":"LineString","coordinates":[[-120.61271,39.74394],[-120.61225,39.74443]]}},{"type":"Feature","properties":{"unit_id":405,"landing_id":7,"span_ft":222.0,"deflection_pct":20.1,"min_clear_ft":13.6,"downhill":0,"span_class":"Small yarder"},"geometry":{"type":"LineString","coordinates":[[-120.61271,39.74394],[-120.61219,39.7444]]}},{"type":"Feature","properties":{"unit_id":405,"landing_id":7,"span_ft":229.0,"deflection_pct":19.2,"min_clear_ft":13.5,"downhill":0,"span_class":"Small yarder"},"geometry":{"type":"LineString","coordinates":[[-120.61271,39.74394],[-120.61212,39.74438]]}},{"type":"Feature","properties":{"unit_id":405,"landing_id":7,"span_ft":237.0,"deflection_pct":17.8,"min_clear_ft":13.7,"downhill":0,"span_class":"Small yarder"},"geometry":{"type":"LineString","coordinates":[[-120.61271,39.74394],[-120.61205,39.74435]]}},{"type":"Feature","properties":{"unit_id":405,"landing_id":7,"span_ft":248.0,"deflection_pct":16.7,"min_clear_ft":13.2,"downhill":0,"span_class":"Small yarder"},"geometry":{"type":"LineString","coordinates":[[-120.61271,39.74394],[-120.61198,39.74433]]}},{"type":"Feature","properties":{"unit_id":405,"landing_id":7,"span_ft":262.0,"deflection_pct":15.3,"min_clear_ft":13.2,"downhill":0,"span_class":"Small yarder"},"geometry":{"type":"LineString","coordinates":[[-120.61271,39.74394],[-120.61189,39.74429]]}},{"type":"Feature","properties":{"unit_id":405,"landing_id":7,"span_ft":281.0,"deflection_pct":13.1,"min_clear_ft":12.6,"downhill":0,"span_class":"Small yarder"},"geometry":{"type":"LineString","coordinates":[[-120.61271,39.74394],[-120.61179,39.74426]]}},{"type":"Feature","properties":{"unit_id":405,"landing_id":7,"span_ft":306.0,"deflection_pct":11.3,"min_clear_ft":12.2,"downhill":0,"span_class":"Small yarder"},"geometry":{"type":"LineString","coordinates":[[-120.61271,39.74394],[-120.61168,39.74422]]}},{"type":"Feature","properties":{"unit_id":405,"landing_id":7,"span_ft":342.0,"deflection_pct":9.3,"min_clear_ft":11.9,"downhill":0,"span_class":"Small yarder"},"geometry":{"type":"LineString","coordinates":[[-120.61271,39.74394],[-120.61153,39.74417]]}},{"type":"Feature","properties":{"unit_id":405,"landing_id":7,"span_ft":395.0,"deflection_pct":7.0,"min_clear_ft":11.6,"downhill":0,"span_class":"Small yarder"},"geometry":{"type":"LineString","coordinates":[[-120.61271,39.74394],[-120.61132,39.74412]]}},{"type":"Feature","properties":{"unit_id":405,"landing_id":7,"span_ft":1201.0,"deflection_pct":6.6,"min_clear_ft":13.5,"downhill":1,"span_class":"Medium yarder"},"geometry":{"type":"LineString","coordinates":[[-120.61271,39.74394],[-120.60925,39.74201]]}},{"type":"Feature","properties":{"unit_id":405,"landing_id":7,"span_ft":469.0,"deflection_pct":7.8,"min_clear_ft":11.3,"downhill":0,"span_class":"Small yarder"},"geometry":{"type":"LineString","coordinates":[[-120.61271,39.74394],[-120.61421,39.74451]]}},{"type":"Feature","properties":{"unit_id":405,"landing_id":7,"span_ft":411.0,"deflection_pct":8.0,"min_clear_ft":11.8,"downhill":0,"span_class":"Small yarder"},"geometry":{"type":"LineString","coordinates":[[-120.61271,39.74394],[-120.61396,39.74452]]}},{"type":"Feature","properties":{"unit_id":405,"landing_id":7,"span_ft":365.0,"deflection_pct":10.2,"min_clear_ft":12.9,"downhill":0,"span_class":"Small yarder"},"geometry":{"type":"LineString","coordinates":[[-120.61271,39.74394],[-120.61376,39.74453]]}},{"type":"Feature","properties":{"unit_id":405,"landing_id":7,"span_ft":322.0,"deflection_pct":11.9,"min_clear_ft":12.9,"downhill":0,"span_class":"Small yarder"},"geometry":{"type":"LineString","coordinates":[[-120.61271,39.74394],[-120.61357,39.74452]]}},{"type":"Feature","properties":{"unit_id":405,"landing_id":7,"span_ft":292.0,"deflection_pct":13.8,"min_clear_ft":13.1,"downhill":0,"span_class":"Small yarder"},"geometry":{"type":"LineString","coordinates":[[-120.61271,39.74394],[-120.61343,39.74452]]}},{"type":"Feature","properties":{"unit_id":405,"landing_id":7,"span_ft":270.0,"deflection_pct":15.5,"min_clear_ft":13.4,"downhill":0,"span_class":"Small yarder"},"geometry":{"type":"LineString","coordinates":[[-120.61271,39.74394],[-120.61331,39.74452]]}},{"type":"Feature","properties":{"unit_id":405,"landing_id":7,"span_ft":254.0,"deflection_pct":16.9,"min_clear_ft":13.9,"downhill":0,"span_class":"Small yarder"},"geometry":{"type":"LineString","coordinates":[[-120.61271,39.74394],[-120.61321,39.74452]]}},{"type":"Feature","properties":{"unit_id":405,"landing_id":7,"span_ft":242.0,"deflection_pct":18.4,"min_clear_ft":13.9,"downhill":0,"span_class":"Small yarder"},"geometry":{"type":"LineString","coordinates":[[-120.61271,39.74394],[-120.61313,39.74452]]}},{"type":"Feature","properties":{"unit_id":405,"landing_id":7,"span_ft":232.0,"deflection_pct":19.2,"min_clear_ft":14.4,"downhill":0,"span_class":"Small yarder"},"geometry":{"type":"LineString","coordinates":[[-120.61271,39.74394],[-120.61304,39.74453]]}},{"type":"Feature","properties":{"unit_id":405,"landing_id":7,"span_ft":225.0,"deflection_pct":20.8,"min_clear_ft":14.8,"downhill":0,"span_class":"Small yarder"},"geometry":{"type":"LineString","coordinates":[[-120.61271,39.74394],[-120.61297,39.74453]]}},{"type":"Feature","properties":{"unit_id":405,"landing_id":7,"span_ft":219.0,"deflection_pct":21.0,"min_clear_ft":14.8,"downhill":0,"span_class":"Small yarder"},"geometry":{"type":"LineString","coordinates":[[-120.61271,39.74394],[-120.6129,39.74453]]}},{"type":"Feature","properties":{"unit_id":405,"landing_id":7,"span_ft":215.0,"deflection_pct":21.5,"min_clear_ft":15.1,"downhill":0,"span_class":"Small yarder"},"geometry":{"type":"LineString","coordinates":[[-120.61271,39.74394],[-120.61283,39.74452]]}},{"type":"Feature","properties":{"unit_id":405,"landing_id":7,"span_ft":211.0,"deflection_pct":21.4,"min_clear_ft":14.6,"downhill":0,"span_class":"Small yarder"},"geometry":{"type":"LineString","coordinates":[[-120.61271,39.74394],[-120.61276,39.74452]]}},{"type":"Feature","properties":{"unit_id":405,"landing_id":8,"span_ft":302.0,"deflection_pct":13.2,"min_clear_ft":14.2,"downhill":0,"span_class":"Small yarder"},"geometry":{"type":"LineString","coordinates":[[-120.61216,39.7436],[-120.61214,39.74442]]}},{"type":"Feature","properties":{"unit_id":405,"landing_id":8,"span_ft":299.0,"deflection_pct":12.8,"min_clear_ft":14.3,"downhill":0,"span_class":"Small yarder"},"geometry":{"type":"LineString","coordinates":[[-120.61216,39.7436],[-120.61205,39.74441]]}},{"type":"Feature","properties":{"unit_id":405,"landing_id":8,"span_ft":298.0,"deflection_pct":12.4,"min_clear_ft":14.0,"downhill":0,"span_class":"Small yarder"},"geometry":{"type":"LineString","coordinates":[[-120.61216,39.7436],[-120.61196,39.7444]]}},{"type":"Feature","properties":{"unit_id":405,"landing_id":8,"span_ft":298.0,"deflection_pct":12.5,"min_clear_ft":14.5,"downhill":0,"span_class":"Small yarder"},"geometry":{"type":"LineString","coordinates":[[-120.61216,39.7436],[-120.61187,39.74438]]}},{"type":"Feature","properties":{"unit_id":405,"landing_id":8,"span_ft":300.0,"deflection_pct":12.5,"min_clear_ft":14.5,"downhill":0,"span_class":"Small yarder"},"geometry":{"type":"LineString","coordinates":[[-120.61216,39.7436],[-120.61178,39.74437]]}},{"type":"Feature","properties":{"unit_id":405,"landing_id":8,"span_ft":304.0,"deflection_pct":12.7,"min_clear_ft":13.3,"downhill":0,"span_class":"Small yarder"},"geometry":{"type":"LineString","coordinates":[[-120.61216,39.7436],[-120.61168,39.74435]]}},{"type":"Feature","properties":{"unit_id":405,"landing_id":8,"span_ft":309.0,"deflection_pct":12.5,"min_clear_ft":13.9,"downhill":0,"span_class":"Small yarder"},"geometry":{"type":"LineString","coordinates":[[-120.61216,39.7436],[-120.61159,39.74432]]}},{"type":"Feature","properties":{"unit_id":405,"landing_id":8,"span_ft":316.0,"deflection_pct":12.1,"min_clear_ft":14.6,"downhill":0,"span_class":"Small yarder"},"geometry":{"type":"LineString","coordinates":[[-120.61216,39.7436],[-120.6115,39.7443]]}},{"type":"Feature","properties":{"unit_id":405,"landing_id":8,"span_ft":326.0,"deflection_pct":11.2,"min_clear_ft":14.5,"downhill":0,"span_class":"Small yarder"},"geometry":{"type":"LineString","coordinates":[[-120.61216,39.7436],[-120.6114,39.74427]]}},{"type":"Feature","properties":{"unit_id":405,"landing_id":8,"span_ft":338.0,"deflection_pct":10.4,"min_clear_ft":14.5,"downhill":0,"span_class":"Small yarder"},"geometry":{"type":"LineString","coordinates":[[-120.61216,39.7436],[-120.61129,39.74424]]}},{"type":"Feature","properties":{"unit_id":405,"landing_id":8,"span_ft":354.0,"deflection_pct":9.8,"min_clear_ft":14.3,"downhill":0,"span_class":"Small yarder"},"geometry":{"type":"LineString","coordinates":[[-120.61216,39.7436],[-120.61118,39.74421]]}},{"type":"Feature","properties":{"unit_id":405,"landing_id":8,"span_ft":374.0,"deflection_pct":8.8,"min_clear_ft":13.6,"downhill":0,"span_class":"Small yarder"},"geometry":{"type":"LineString","coordinates":[[-120.61216,39.7436],[-120.61105,39.74417]]}},{"type":"Feature","properties":{"unit_id":405,"landing_id":8,"span_ft":400.0,"deflection_pct":8.1,"min_clear_ft":12.7,"downhill":0,"span_class":"Small yarder"},"geometry":{"type":"LineString","coordinates":[[-120.61216,39.7436],[-120.61091,39.74413]]}},{"type":"Feature","properties":{"unit_id":405,"landing_id":8,"span_ft":435.0,"deflection_pct":7.2,"min_clear_ft":12.9,"downhill":0,"span_class":"Small yarder"},"geometry":{"type":"LineString","coordinates":[[-120.61216,39.7436],[-120.61074,39.74408]]}},{"type":"Feature","properties":{"unit_id":405,"landing_id":8,"span_ft":482.0,"deflection_pct":7.0,"min_clear_ft":12.5,"downhill":0,"span_class":"Small yarder"},"geometry":{"type":"LineString","coordinates":[[-120.61216,39.7436],[-120.61054,39.74403]]}},{"type":"Feature","properties":{"unit_id":405,"landing_id":8,"span_ft":548.0,"deflection_pct":6.9,"min_clear_ft":11.6,"downhill":0,"span_class":"Small yarder"},"geometry":{"type":"LineString","coordinates":[[-120.61216,39.7436],[-120.61027,39.74396]]}},{"type":"Feature","properties":{"unit_id":405,"landing_id":8,"span_ft":578.0,"deflection_pct":6.3,"min_clear_ft":12.5,"downhill":0,"span_class":"Small yarder"},"geometry":{"type":"LineString","coordinates":[[-120.61216,39.7436],[-120.61012,39.74385]]}},{"type":"Feature","properties":{"unit_id":405,"landing_id":8,"span_ft":1276.0,"deflection_pct":6.9,"min_clear_ft":11.1,"downhill":0,"span_class":"Medium yarder"},"geometry":{"type":"LineString","coordinates":[[-120.61216,39.7436],[-120.60762,39.74354]]}},{"type":"Feature","properties":{"unit_id":405,"landing_id":8,"span_ft":1284.0,"deflection_pct":8.6,"min_clear_ft":10.6,"downhill":0,"span_class":"Medium yarder"},"geometry":{"type":"LineString","coordinates":[[-120.61216,39.7436],[-120.60761,39.74324]]}},{"type":"Feature","properties":{"unit_id":405,"landing_id":8,"span_ft":1112.0,"deflection_pct":11.2,"min_clear_ft":10.1,"downhill":1,"span_class":"Medium yarder"},"geometry":{"type":"LineString","coordinates":[[-120.61216,39.7436],[-120.60876,39.74203]]}},{"type":"Feature","properties":{"unit_id":405,"landing_id":8,"span_ft":983.0,"deflection_pct":11.2,"min_clear_ft":19.2,"downhill":1,"span_class":"Small yarder"},"geometry":{"type":"LineString","coordinates":[[-120.61216,39.7436],[-120.60932,39.74202]]}},{"type":"Feature","properties":{"unit_id":405,"landing_id":8,"span_ft":878.0,"deflection_pct":10.2,"min_clear_ft":14.7,"downhill":1,"span_class":"Small yarder"},"geometry":{"type":"LineString","coordinates":[[-120.61216,39.7436],[-120.60979,39.74202]]}},{"type":"Feature","properties":{"unit_id":405,"landing_id":8,"span_ft":800.0,"deflection_pct":7.9,"min_clear_ft":11.5,"downhill":1,"span_class":"Small yarder"},"geometry":{"type":"LineString","coordinates":[[-120.61216,39.7436],[-120.61017,39.74202]]}},{"type":"Feature","properties":{"unit_id":405,"landing_id":8,"span_ft":455.0,"deflection_pct":7.5,"min_clear_ft":12.5,"downhill":0,"span_class":"Small yarder"},"geometry":{"type":"LineString","coordinates":[[-120.61216,39.7436],[-120.61328,39.74449]]}},{"type":"Feature","properties":{"unit_id":405,"landing_id":8,"span_ft":415.0,"deflection_pct":9.0,"min_clear_ft":12.9,"downhill":0,"span_class":"Small yarder"},"geometry":{"type":"LineString","coordinates":[[-120.61216,39.7436],[-120.61309,39.74448]]}},{"type":"Feature","properties":{"unit_id":405,"landing_id":8,"span_ft":386.0,"deflection_pct":10.6,"min_clear_ft":13.3,"downhill":0,"span_class":"Small yarder"},"geometry":{"type":"LineString","coordinates":[[-120.61216,39.7436],[-120.61292,39.74447]]}},{"type":"Feature","properties":{"unit_id":405,"landing_id":8,"span_ft":363.0,"deflection_pct":11.5,"min_clear_ft":13.3,"downhill":0,"span_class":"Small yarder"},"geometry":{"type":"LineString","coordinates":[[-120.61216,39.7436],[-120.61278,39.74447]]}},{"type":"Feature","properties":{"unit_id":405,"landing_id":8,"span_ft":345.0,"deflection_pct":12.0,"min_clear_ft":13.3,"downhill":0,"span_class":"Small yarder"},"geometry":{"type":"LineString","coordinates":[[-120.61216,39.7436],[-120.61266,39.74446]]}},{"type":"Feature","properties":{"unit_id":405,"landing_id":8,"span_ft":331.0,"deflection_pct":12.2,"min_clear_ft":13.3,"downhill":0,"span_class":"Small yarder"},"geometry":{"type":"LineString","coordinates":[[-120.61216,39.7436],[-120.61254,39.74446]]}},{"type":"Feature","properties":{"unit_id":405,"landing_id":8,"span_ft":320.0,"deflection_pct":12.8,"min_clear_ft":13.0,"downhill":0,"span_class":"Small yarder"},"geometry":{"type":"LineString","coordinates":[[-120.61216,39.7436],[-120.61243,39.74445]]}},{"type":"Feature","properties":{"unit_id":405,"landing_id":8,"span_ft":312.0,"deflection_pct":12.4,"min_clear_ft":13.7,"downhill":0,"span_class":"Small yarder"},"geometry":{"type":"LineString","coordinates":[[-120.61216,39.7436],[-120.61233,39.74444]]}},{"type":"Feature","properties":{"unit_id":405,"landing_id":8,"span_ft":306.0,"deflection_pct":13.0,"min_clear_ft":13.6,"downhill":0,"span_class":"Small yarder"},"geometry":{"type":"LineString","coordinates":[[-120.61216,39.7436],[-120.61223,39.74443]]}},{"type":"Feature","properties":{"unit_id":405,"landing_id":9,"span_ft":409.0,"deflection_pct":10.1,"min_clear_ft":14.0,"downhill":0,"span_class":"Small yarder"},"geometry":{"type":"LineString","coordinates":[[-120.61165,39.74322],[-120.61162,39.74434]]}},{"type":"Feature","properties":{"unit_id":405,"landing_id":9,"span_ft":404.0,"deflection_pct":10.0,"min_clear_ft":14.5,"downhill":0,"span_class":"Small yarder"},"geometry":{"type":"LineString","coordinates":[[-120.61165,39.74322],[-120.6115,39.74432]]}},{"type":"Feature","properties":{"unit_id":405,"landing_id":9,"span_ft":403.0,"deflection_pct":10.1,"min_clear_ft":15.0,"downhill":0,"span_class":"Small yarder"},"geometry":{"type":"LineString","coordinates":[[-120.61165,39.74322],[-120.61138,39.7443]]}},{"type":"Feature","properties":{"unit_id":405,"landing_id":9,"span_ft":403.0,"deflection_pct":10.2,"min_clear_ft":15.1,"downhill":0,"span_class":"Small yarder"},"geometry":{"type":"LineString","coordinates":[[-120.61165,39.74322],[-120.61125,39.74428]]}},{"type":"Feature","properties":{"unit_id":405,"landing_id":9,"span_ft":406.0,"deflection_pct":10.4,"min_clear_ft":14.5,"downhill":0,"span_class":"Small yarder"},"geometry":{"type":"LineString","coordinates":[[-120.61165,39.74322],[-120.61113,39.74426]]}},{"type":"Feature","properties":{"unit_id":405,"landing_id":9,"span_ft":412.0,"deflection_pct":10.6,"min_clear_ft":14.5,"downhill":0,"span_class":"Small yarder"},"geometry":{"type":"LineString","coordinates":[[-120.61165,39.74322],[-120.61101,39.74424]]}},{"type":"Feature","properties":{"unit_id":405,"landing_id":9,"span_ft":420.0,"deflection_pct":10.7,"min_clear_ft":14.1,"downhill":0,"span_class":"Small yarder"},"geometry":{"type":"LineString","coordinates":[[-120.61165,39.74322],[-120.61088,39.74421]]}},{"type":"Feature","properties":{"unit_id":405,"landing_id":9,"span_ft":431.0,"deflection_pct":10.3,"min_clear_ft":14.0,"downhill":0,"span_class":"Small yarder"},"geometry":{"type":"LineString","coordinates":[[-120.61165,39.74322],[-120.61075,39.74418]]}},{"type":"Feature","properties":{"unit_id":405,"landing_id":9,"span_ft":445.0,"deflection_pct":9.5,"min_clear_ft":14.1,"downhill":0,"span_class":"Small yarder"},"geometry":{"type":"LineString","coordinates":[[-120.61165,39.74322],[-120.61061,39.74414]]}},{"type":"Feature","properties":{"unit_id":405,"landing_id":9,"span_ft":464.0,"deflection_pct":8.6,"min_clear_ft":13.1,"downhill":0,"span_class":"Small yarder"},"geometry":{"type":"LineString","coordinates":[[-120.61165,39.74322],[-120.61046,39.74411]]}},{"type":"Feature","properties":{"unit_id":405,"landing_id":9,"span_ft":488.0,"deflection_pct":7.9,"min_clear_ft":13.0,"downhill":0,"span_class":"Small yarder"},"geometry":{"type":"LineString","coordinates":[[-120.61165,39.74322],[-120.6103,39.74406]]}},{"type":"Feature","properties":{"unit_id":405,"landing_id":9,"span_ft":494.0,"deflection_pct":7.2,"min_clear_ft":10.1,"downhill":0,"span_class":"Small yarder"},"geometry":{"type":"LineString","coordinates":[[-120.61165,39.74322],[-120.61019,39.74398]]}},{"type":"Feature","properties":{"unit_id":405,"landing_id":9,"span_ft":490.0,"deflection_pct":7.8,"min_clear_ft":12.7,"downhill":0,"span_class":"Small yarder"},"geometry":{"type":"LineString","coordinates":[[-120.61165,39.74322],[-120.61012,39.74387]]}},{"type":"Feature","properties":{"unit_id":405,"landing_id":9,"span_ft":489.0,"deflection_pct":8.3,"min_clear_ft":12.5,"downhill":0,"span_class":"Small yarder"},"geometry":{"type":"LineString","coordinates":[[-120.61165,39.74322],[-120.61006,39.74377]]}},{"type":"Feature","properties":{"unit_id":405,"landing_id":9,"span_ft":491.0,"deflection_pct":7.9,"min_clear_ft":12.7,"downhill":0,"span_class":"Small yarder"},"geometry":{"type":"LineString","coordinates":[[-120.61165,39.74322],[-120.61,39.74366]]}},{"type":"Feature","properties":{"unit_id":405,"landing_id":9,"span_ft":495.0,"deflection_pct":7.6,"min_clear_ft":12.8,"downhill":0,"span_class":"Small yarder"},"geometry":{"type":"LineString","coordinates":[[-120.61165,39.74322],[-120.60994,39.74355]]}},{"type":"Feature","properties":{"unit_id":405,"landing_id":9,"span_ft":1098.0,"deflection_pct":9.6,"min_clear_ft":11.3,"downhill":0,"span_class":"Medium yarder"},"geometry":{"type":"LineString","coordinates":[[-120.61165,39.74322],[-120.60779,39.7437]]}},{"type":"Feature","properties":{"unit_id":405,"landing_id":9,"span_ft":1136.0,"deflection_pct":8.9,"min_clear_ft":11.5,"downhill":0,"span_class":"Medium yarder"},"geometry":{"type":"LineString","coordinates":[[-120.61165,39.74322],[-120.60762,39.74344]]}},{"type":"Feature","properties":{"unit_id":405,"landing_id":9,"span_ft":849.0,"deflection_pct":13.1,"min_clear_ft":14.2,"downhill":1,"span_class":"Small yarder"},"geometry":{"type":"LineString","coordinates":[[-120.61165,39.74322],[-120.60906,39.74202]]}},{"type":"Feature","properties":{"unit_id":405,"landing_id":9,"span_ft":666.0,"deflection_pct":16.3,"min_clear_ft":11.4,"downhill":1,"span_class":"Small yarder"},"geometry":{"type":"LineString","coordinates":[[-120.61165,39.74322],[-120.60986,39.74202]]}},{"type":"Feature","properties":{"unit_id":405,"landing_id":9,"span_ft":609.0,"deflection_pct":18.1,"min_clear_ft":16.1,"downhill":1,"span_class":"Small yarder"},"geometry":{"type":"LineString","coordinates":[[-120.61165,39.74322],[-120.61014,39.74202]]}},{"type":"Feature","properties":{"unit_id":405,"landing_id":9,"span_ft":566.0,"deflection_pct":18.1,"min_clear_ft":17.6,"downhill":1,"span_class":"Small yarder"},"geometry":{"type":"LineString","coordinates":[[-120.61165,39.74322],[-120.61038,39.74201]]}},{"type":"Feature","properties":{"unit_id":405,"landing_id":9,"span_ft":533.0,"deflection_pct":16.6,"min_clear_ft":17.7,"downhill":1,"span_class":"Small yarder"},"geometry":{"type":"LineString","coordinates":[[-120.61165,39.74322],[-120.61058,39.74201]]}},{"type":"Feature","properties":{"unit_id":405,"landing_id":9,"span_ft":507.0,"deflection_pct":14.9,"min_clear_ft":14.5,"downhill":1,"span_class":"Small yarder"},"geometry":{"type":"LineString","coordinates":[[-120.61165,39.74322],[-120.61077,39.742]]}},{"type":"Feature","properties":{"unit_id":405,"landing_id":9,"span_ft":486.0,"deflection_pct":13.4,"min_clear_ft":11.8,"downhill":1,"span_class":"Small yarder"},"geometry":{"type":"LineString","coordinates":[[-120.61165,39.74322],[-120.61094,39.742]]}},{"type":"Feature","properties":{"unit_id":405,"landing_id":9,"span_ft":471.0,"deflection_pct":12.1,"min_clear_ft":11.3,"downhill":1,"span_class":"Small yarder"},"geometry":{"type":"LineString","coordinates":[[-120.61165,39.74322],[-120.6111,39.742]]}},{"type":"Feature","properties":{"unit_id":405,"landing_id":9,"span_ft":208.0,"deflection_pct":10.8,"min_clear_ft":12.0,"downhill":1,"span_class":"Small yarder"},"geometry":{"type":"LineString","coordinates":[[-120.61165,39.74322],[-120.61153,39.74266]]}},{"type":"Feature","properties":{"unit_id":405,"landing_id":9,"span_ft":583.0,"deflection_pct":6.5,"min_clear_ft":12.7,"downhill":0,"span_class":"Small yarder"},"geometry":{"type":"LineString","coordinates":[[-120.61165,39.74322],[-120.61295,39.74446]]}},{"type":"Feature","properties":{"unit_id":405,"landing_id":9,"span_ft":537.0,"deflection_pct":7.9,"min_clear_ft":12.2,"downhill":0,"span_class":"Small yarder"},"geometry":{"type":"LineString","coordinates":[[-120.61165,39.74322],[-120.61272,39.74444]]}},{"type":"Feature","properties":{"unit_id":405,"landing_id":9,"span_ft":502.0,"deflection_pct":8.4,"min_clear_ft":12.4,"downhill":0,"span_class":"Small yarder"},"geometry":{"type":"LineString","coordinates":[[-120.61165,39.74322],[-120.61252,39.74442]]}},{"type":"Feature","properties":{"unit_id":405,"landing_id":9,"span_ft":475.0,"deflection_pct":9.4,"min_clear_ft":13.0,"downhill":0,"span_class":"Small yarder"},"geometry":{"type":"LineString","coordinates":[[-120.61165,39.74322],[-120.61234,39.74441]]}},{"type":"Feature","properties":{"unit_id":405,"landing_id":9,"span_ft":454.0,"deflection_pct":9.8,"min_clear_ft":12.5,"downhill":0,"span_class":"Small yarder"},"geometry":{"type":"LineString","coordinates":[[-120.61165,39.74322],[-120.61218,39.7444]]}},{"type":"Feature","properties":{"unit_id":405,"landing_id":9,"span_ft":437.0,"deflection_pct":10.0,"min_clear_ft":13.5,"downhill":0,"span_class":"Small yarder"},"geometry":{"type":"LineString","coordinates":[[-120.61165,39.74322],[-120.61203,39.74438]]}},{"type":"Feature","properties":{"unit_id":405,"landing_id":9,"span_ft":425.0,"deflection_pct":10.1,"min_clear_ft":13.8,"downhill":0,"span_class":"Small yarder"},"geometry":{"type":"LineString","coordinates":[[-120.61165,39.74322],[-120.61189,39.74437]]}},{"type":"Feature","properties":{"unit_id":405,"landing_id":9,"span_ft":415.0,"deflection_pct":10.1,"min_clear_ft":14.5,"downhill":0,"span_class":"Small yarder"},"geometry":{"type":"LineString","coordinates":[[-120.61165,39.74322],[-120.61175,39.74436]]}},{"type":"Feature","properties":{"unit_id":405,"landing_id":10,"span_ft":611.0,"deflection_pct":7.6,"min_clear_ft":12.2,"downhill":0,"span_class":"Small yarder"},"geometry":{"type":"LineString","coordinates":[[-120.61176,39.74271],[-120.61007,39.74377]]}},{"type":"Feature","properties":{"unit_id":405,"landing_id":10,"span_ft":601.0,"deflection_pct":7.6,"min_clear_ft":12.4,"downhill":0,"span_class":"Small yarder"},"geometry":{"type":"LineString","coordinates":[[-120.61176,39.74271],[-120.60999,39.74364]]}},{"type":"Feature","properties":{"unit_id":405,"landing_id":10,"span_ft":580.0,"deflection_pct":7.0,"min_clear_ft":12.4,"downhill":0,"span_class":"Small yarder"},"geometry":{"type":"LineString","coordinates":[[-120.61176,39.74271],[-120.60996,39.74349]]}},{"type":"Feature","properties":{"unit_id":405,"landing_id":10,"span_ft":565.0,"deflection_pct":7.3,"min_clear_ft":12.3,"downhill":0,"span_class":"Small yarder"},"geometry":{"type":"LineString","coordinates":[[-120.61176,39.74271],[-120.60993,39.74335]]}},{"type":"Feature","properties":{"unit_id":405,"landing_id":10,"span_ft":1157.0,"deflection_pct":7.9,"min_clear_ft":11.7,"downhill":0,"span_class":"Medium yarder"},"geometry":{"type":"LineString","coordinates":[[-120.61176,39.74271],[-120.60787,39.74376]]}},{"type":"Feature","properties":{"unit_id":405,"landing_id":10,"span_ft":1198.0,"deflection_pct":7.2,"min_clear_ft":10.6,"downhill":0,"span_class":"Medium yarder"},"geometry":{"type":"LineString","coordinates":[[-120.61176,39.74271],[-120.60763,39.74352]]}},{"type":"Feature","properties":{"unit_id":405,"landing_id":10,"span_ft":630.0,"deflection_pct":11.5,"min_clear_ft":10.4,"downhill":0,"span_class":"Small yarder"},"geometry":{"type":"LineString","coordinates":[[-120.61176,39.74271],[-120.60966,39.7421]]}},{"type":"Feature","properties":{"unit_id":405,"landing_id":10,"span_ft":515.0,"deflection_pct":13.8,"min_clear_ft":13.9,"downhill":0,"span_class":"Small yarder"},"geometry":{"type":"LineString","coordinates":[[-120.61176,39.74271],[-120.61011,39.7421]]}},{"type":"Feature","properties":{"unit_id":405,"landing_id":10,"span_ft":443.0,"deflection_pct":16.7,"min_clear_ft":10.5,"downhill":0,"span_class":"Small yarder"},"geometry":{"type":"LineString","coordinates":[[-120.61176,39.74271],[-120.61041,39.74209]]}},{"type":"Feature","properties":{"unit_id":405,"landing_id":10,"span_ft":359.0,"deflection_pct":18.6,"min_clear_ft":11.1,"downhill":0,"span_class":"Small yarder"},"geometry":{"type":"LineString","coordinates":[[-120.61176,39.74271],[-120.61079,39.74207]]}},{"type":"Feature","properties":{"unit_id":405,"landing_id":10,"span_ft":333.0,"deflection_pct":19.9,"min_clear_ft":11.9,"downhill":0,"span_class":"Small yarder"},"geometry":{"type":"LineString","coordinates":[[-120.61176,39.74271],[-120.61093,39.74206]]}},{"type":"Feature","properties":{"unit_id":405,"landing_id":10,"span_ft":313.0,"deflection_pct":21.0,"min_clear_ft":11.9,"downhill":0,"span_class":"Small yarder"},"geometry":{"type":"LineString","coordinates":[[-120.61176,39.74271],[-120.61106,39.74205]]}},{"type":"Feature","properties":{"unit_id":405,"landing_id":20,"span_ft":616.0,"deflection_pct":6.5,"min_clear_ft":14.0,"downhill":0,"span_class":"Small yarder"},"geometry":{"type":"LineString","coordinates":[[-120.61168,39.74263],[-120.61011,39.74381]]}},{"type":"Feature","properties":{"unit_id":405,"landing_id":20,"span_ft":603.0,"deflection_pct":6.8,"min_clear_ft":12.6,"downhill":0,"span_class":"Small yarder"},"geometry":{"type":"LineString","coordinates":[[-120.61168,39.74263],[-120.61002,39.74368]]}},{"type":"Feature","properties":{"unit_id":405,"landing_id":20,"span_ft":580.0,"deflection_pct":6.4,"min_clear_ft":13.2,"downhill":0,"span_class":"Small yarder"},"geometry":{"type":"LineString","coordinates":[[-120.61168,39.74263],[-120.60997,39.74353]]}},{"type":"Feature","properties":{"unit_id":405,"landing_id":20,"span_ft":560.0,"deflection_pct":6.4,"min_clear_ft":10.8,"downhill":0,"span_class":"Small yarder"},"geometry":{"type":"LineString","coordinates":[[-120.61168,39.74263],[-120.60994,39.74338]]}},{"type":"Feature","properties":{"unit_id":405,"landing_id":20,"span_ft":574.0,"deflection_pct":8.3,"min_clear_ft":13.5,"downhill":0,"span_class":"Small yarder"},"geometry":{"type":"LineString","coordinates":[[-120.61168,39.74263],[-120.60982,39.74328]]}},{"type":"Feature","properties":{"unit_id":405,"landing_id":20,"span_ft":712.0,"deflection_pct":8.1,"min_clear_ft":13.7,"downhill":0,"span_class":"Small yarder"},"geometry":{"type":"LineString","coordinates":[[-120.61168,39.74263],[-120.60925,39.7421]]}},{"type":"Feature","properties":{"unit_id":405,"landing_id":20,"span_ft":536.0,"deflection_pct":10.8,"min_clear_ft":11.5,"downhill":0,"span_class":"Small yarder"},"geometry":{"type":"LineString","coordinates":[[-120.61168,39.74263],[-120.6099,39.74211]]}},{"type":"Feature","properties":{"unit_id":405,"landing_id":20,"span_ft":441.0,"deflection_pct":13.3,"min_clear_ft":11.8,"downhill":1,"span_class":"Small yarder"},"geometry":{"type":"LineString","coordinates":[[-120.61168,39.74263],[-120.61027,39.74211]]}},{"type":"Feature","properties":{"unit_id":405,"landing_id":20,"span_ft":382.0,"deflection_pct":15.3,"min_clear_ft":11.7,"downhill":1,"span_class":"Small yarder"},"geometry":{"type":"LineString","coordinates":[[-120.61168,39.74263],[-120.61052,39.7421]]}},{"type":"Feature","properties":{"unit_id":405,"landing_id":20,"span_ft":313.0,"deflection_pct":16.6,"min_clear_ft":10.9,"downhill":1,"span_class":"Small yarder"},"geometry":{"type":"LineString","coordinates":[[-120.61168,39.74263],[-120.61084,39.74207]]}},{"type":"Feature","properties":{"unit_id":405,"landing_id":20,"span_ft":292.0,"deflection_pct":17.4,"min_clear_ft":10.9,"downhill":1,"span_class":"Small yarder"},"geometry":{"type":"LineString","coordinates":[[-120.61168,39.74263],[-120.61096,39.74206]]}},{"type":"Feature","properties":{"unit_id":405,"landing_id":20,"span_ft":275.0,"deflection_pct":18.3,"min_clear_ft":11.5,"downhill":1,"span_class":"Small yarder"},"geometry":{"type":"LineString","coordinates":[[-120.61168,39.74263],[-120.61106,39.74205]]}},{"type":"Feature","properties":{"unit_id":405,"landing_id":21,"span_ft":426.0,"deflection_pct":8.0,"min_clear_ft":14.6,"downhill":0,"span_class":"Small yarder"},"geometry":{"type":"LineString","coordinates":[[-120.61151,39.74315],[-120.61148,39.74432]]}},{"type":"Feature","properties":{"unit_id":405,"landing_id":21,"span_ft":422.0,"deflection_pct":8.7,"min_clear_ft":14.2,"downhill":0,"span_class":"Small yarder"},"geometry":{"type":"LineString","coordinates":[[-120.61151,39.74315],[-120.61135,39.7443]]}},{"type":"Feature","properties":{"unit_id":405,"landing_id":21,"span_ft":420.0,"deflection_pct":9.3,"min_clear_ft":15.5,"downhill":0,"span_class":"Small yarder"},"geometry":{"type":"LineString","coordinates":[[-120.61151,39.74315],[-120.61122,39.74428]]}},{"type":"Feature","properties":{"unit_id":405,"landing_id":21,"span_ft":421.0,"deflection_pct":9.6,"min_clear_ft":13.9,"downhill":0,"span_class":"Small yarder"},"geometry":{"type":"LineString","coordinates":[[-120.61151,39.74315],[-120.6111,39.74426]]}},{"type":"Feature","properties":{"unit_id":405,"landing_id":21,"span_ft":424.0,"deflection_pct":9.9,"min_clear_ft":14.1,"downhill":0,"span_class":"Small yarder"},"geometry":{"type":"LineString","coordinates":[[-120.61151,39.74315],[-120.61097,39.74423]]}},{"type":"Feature","properties":{"unit_id":405,"landing_id":21,"span_ft":430.0,"deflection_pct":9.4,"min_clear_ft":14.9,"downhill":0,"span_class":"Small yarder"},"geometry":{"type":"LineString","coordinates":[[-120.61151,39.74315],[-120.61084,39.74421]]}},{"type":"Feature","properties":{"unit_id":405,"landing_id":21,"span_ft":438.0,"deflection_pct":8.6,"min_clear_ft":14.1,"downhill":0,"span_class":"Small yarder"},"geometry":{"type":"LineString","coordinates":[[-120.61151,39.74315],[-120.61071,39.74418]]}},{"type":"Feature","properties":{"unit_id":405,"landing_id":21,"span_ft":450.0,"deflection_pct":8.0,"min_clear_ft":14.6,"downhill":0,"span_class":"Small yarder"},"geometry":{"type":"LineString","coordinates":[[-120.61151,39.74315],[-120.61057,39.74415]]}},{"type":"Feature","properties":{"unit_id":405,"landing_id":21,"span_ft":465.0,"deflection_pct":7.2,"min_clear_ft":13.0,"downhill":0,"span_class":"Small yarder"},"geometry":{"type":"LineString","coordinates":[[-120.61151,39.74315],[-120.61042,39.74411]]}},{"type":"Feature","properties":{"unit_id":405,"landing_id":21,"span_ft":485.0,"deflection_pct":6.9,"min_clear_ft":13.2,"downhill":0,"span_class":"Small yarder"},"geometry":{"type":"LineString","coordinates":[[-120.61151,39.74315],[-120.61027,39.74407]]}},{"type":"Feature","properties":{"unit_id":405,"landing_id":21,"span_ft":469.0,"deflection_pct":8.0,"min_clear_ft":12.6,"downhill":0,"span_class":"Small yarder"},"geometry":{"type":"LineString","coordinates":[[-120.61151,39.74315],[-120.61013,39.74387]]}},{"type":"Feature","properties":{"unit_id":405,"landing_id":21,"span_ft":465.0,"deflection_pct":9.3,"min_clear_ft":12.5,"downhill":0,"span_class":"Small yarder"},"geometry":{"type":"LineString","coordinates":[[-120.61151,39.74315],[-120.61006,39.74377]]}},{"type":"Feature","properties":{"unit_id":405,"landing_id":21,"span_ft":465.0,"deflection_pct":8.7,"min_clear_ft":12.9,"downhill":0,"span_class":"Small yarder"},"geometry":{"type":"LineString","coordinates":[[-120.61151,39.74315],[-120.61,39.74367]]}},{"type":"Feature","properties":{"unit_id":405,"landing_id":21,"span_ft":464.0,"deflection_pct":8.9,"min_clear_ft":13.7,"downhill":0,"span_class":"Small yarder"},"geometry":{"type":"LineString","coordinates":[[-120.61151,39.74315],[-120.60995,39.74356]]}},{"type":"Feature","properties":{"unit_id":405,"landing_id":21,"span_ft":459.0,"deflection_pct":7.9,"min_clear_ft":13.8,"downhill":0,"span_class":"Small yarder"},"geometry":{"type":"LineString","coordinates":[[-120.61151,39.74315],[-120.60993,39.74345]]}},{"type":"Feature","properties":{"unit_id":405,"landing_id":21,"span_ft":1105.0,"deflection_pct":8.5,"min_clear_ft":11.0,"downhill":0,"span_class":"Medium yarder"},"geometry":{"type":"LineString","coordinates":[[-120.61151,39.74315],[-120.60763,39.74363]]}},{"type":"Feature","properties":{"unit_id":405,"landing_id":21,"span_ft":1097.0,"deflection_pct":8.5,"min_clear_ft":11.4,"downhill":0,"span_class":"Medium yarder"},"geometry":{"type":"LineString","coordinates":[[-120.61151,39.74315],[-120.60762,39.74336]]}},{"type":"Feature","properties":{"unit_id":405,"landing_id":21,"span_ft":797.0,"deflection_pct":12.4,"min_clear_ft":14.1,"downhill":1,"span_class":"Small yarder"},"geometry":{"type":"LineString","coordinates":[[-120.61151,39.74315],[-120.60907,39.74202]]}},{"type":"Feature","properties":{"unit_id":405,"landing_id":21,"span_ft":627.0,"deflection_pct":16.7,"min_clear_ft":16.1,"downhill":1,"span_class":"Small yarder"},"geometry":{"type":"LineString","coordinates":[[-120.61151,39.74315],[-120.60982,39.74202]]}},{"type":"Feature","properties":{"unit_id":405,"landing_id":21,"span_ft":574.0,"deflection_pct":17.1,"min_clear_ft":18.2,"downhill":1,"span_class":"Small yarder"},"geometry":{"type":"LineString","coordinates":[[-120.61151,39.74315],[-120.61009,39.74202]]}},{"type":"Feature","properties":{"unit_id":405,"landing_id":21,"span_ft":534.0,"deflection_pct":18.0,"min_clear_ft":17.2,"downhill":1,"span_class":"Small yarder"},"geometry":{"type":"LineString","coordinates":[[-120.61151,39.74315],[-120.61031,39.74201]]}},{"type":"Feature","properties":{"unit_id":405,"landing_id":21,"span_ft":503.0,"deflection_pct":19.0,"min_clear_ft":16.0,"downhill":1,"span_class":"Small yarder"},"geometry":{"type":"LineString","coordinates":[[-120.61151,39.74315],[-120.6105,39.742]]}},{"type":"Feature","properties":{"unit_id":405,"landing_id":21,"span_ft":478.0,"deflection_pct":18.7,"min_clear_ft":11.7,"downhill":1,"span_class":"Small yarder"},"geometry":{"type":"LineString","coordinates":[[-120.61151,39.74315],[-120.61068,39.742]]}},{"type":"Feature","properties":{"unit_id":405,"landing_id":21,"span_ft":460.0,"deflection_pct":17.2,"min_clear_ft":11.2,"downhill":1,"span_class":"Small yarder"},"geometry":{"type":"LineString","coordinates":[[-120.61151,39.74315],[-120.61084,39.74199]]}},{"type":"Feature","properties":{"unit_id":405,"landing_id":21,"span_ft":445.0,"deflection_pct":15.1,"min_clear_ft":11.4,"downhill":1,"span_class":"Small yarder"},"geometry":{"type":"LineString","coordinates":[[-120.61151,39.74315],[-120.61099,39.74199]]}},{"type":"Feature","properties":{"unit_id":405,"landing_id":21,"span_ft":434.0,"deflection_pct":13.6,"min_clear_ft":11.3,"downhill":1,"span_class":"Small yarder"},"geometry":{"type":"LineString","coordinates":[[-120.61151,39.74315],[-120.61113,39.74199]]}},{"type":"Feature","properties":{"unit_id":405,"landing_id":21,"span_ft":377.0,"deflection_pct":11.9,"min_clear_ft":13.4,"downhill":1,"span_class":"Small yarder"},"geometry":{"type":"LineString","coordinates":[[-120.61151,39.74315],[-120.61129,39.74212]]}},{"type":"Feature","properties":{"unit_id":405,"landing_id":21,"span_ft":239.0,"deflection_pct":9.0,"min_clear_ft":10.4,"downhill":1,"span_class":"Small yarder"},"geometry":{"type":"LineString","coordinates":[[-120.61151,39.74315],[-120.61152,39.74249]]}},{"type":"Feature","properties":{"unit_id":405,"landing_id":21,"span_ft":212.0,"deflection_pct":12.9,"min_clear_ft":10.0,"downhill":1,"span_class":"Small yarder"},"geometry":{"type":"LineString","coordinates":[[-120.61151,39.74315],[-120.61158,39.74257]]}},{"type":"Feature","properties":{"unit_id":405,"landing_id":21,"span_ft":525.0,"deflection_pct":6.9,"min_clear_ft":12.9,"downhill":0,"span_class":"Small yarder"},"geometry":{"type":"LineString","coordinates":[[-120.61151,39.74315],[-120.61242,39.74441]]}},{"type":"Feature","properties":{"unit_id":405,"landing_id":21,"span_ft":497.0,"deflection_pct":7.4,"min_clear_ft":12.8,"downhill":0,"span_class":"Small yarder"},"geometry":{"type":"LineString","coordinates":[[-120.61151,39.74315],[-120.61223,39.74439]]}},{"type":"Feature","properties":{"unit_id":405,"landing_id":21,"span_ft":474.0,"deflection_pct":7.6,"min_clear_ft":12.9,"downhill":0,"span_class":"Small yarder"},"geometry":{"type":"LineString","coordinates":[[-120.61151,39.74315],[-120.61206,39.74438]]}},{"type":"Feature","properties":{"unit_id":405,"landing_id":21,"span_ft":457.0,"deflection_pct":7.7,"min_clear_ft":13.1,"downhill":0,"span_class":"Small yarder"},"geometry":{"type":"LineString","coordinates":[[-120.61151,39.74315],[-120.6119,39.74436]]}},{"type":"Feature","properties":{"unit_id":405,"landing_id":21,"span_ft":443.0,"deflection_pct":7.6,"min_clear_ft":13.8,"downhill":0,"span_class":"Small yarder"},"geometry":{"type":"LineString","coordinates":[[-120.61151,39.74315],[-120.61176,39.74435]]}},{"type":"Feature","properties":{"unit_id":405,"landing_id":21,"span_ft":433.0,"deflection_pct":7.6,"min_clear_ft":13.6,"downhill":0,"span_class":"Small yarder"},"geometry":{"type":"LineString","coordinates":[[-120.61151,39.74315],[-120.61162,39.74433]]}},{"type":"Feature","properties":{"unit_id":405,"landing_id":22,"span_ft":320.0,"deflection_pct":12.7,"min_clear_ft":14.1,"downhill":0,"span_class":"Small yarder"},"geometry":{"type":"LineString","coordinates":[[-120.612,39.74352],[-120.61198,39.7444]]}},{"type":"Feature","properties":{"unit_id":405,"landing_id":22,"span_ft":317.0,"deflection_pct":12.3,"min_clear_ft":14.3,"downhill":0,"span_class":"Small yarder"},"geometry":{"type":"LineString","coordinates":[[-120.612,39.74352],[-120.61188,39.74439]]}},{"type":"Feature","properties":{"unit_id":405,"landing_id":22,"span_ft":316.0,"deflection_pct":12.3,"min_clear_ft":14.4,"downhill":0,"span_class":"Small yarder"},"geometry":{"type":"LineString","coordinates":[[-120.612,39.74352],[-120.61179,39.74437]]}},{"type":"Feature","properties":{"unit_id":405,"landing_id":22,"span_ft":317.0,"deflection_pct":12.4,"min_clear_ft":13.9,"downhill":0,"span_class":"Small yarder"},"geometry":{"type":"LineString","coordinates":[[-120.612,39.74352],[-120.61169,39.74436]]}},{"type":"Feature","properties":{"unit_id":405,"landing_id":22,"span_ft":319.0,"deflection_pct":12.4,"min_clear_ft":14.2,"downhill":0,"span_class":"Small yarder"},"geometry":{"type":"LineString","coordinates":[[-120.612,39.74352],[-120.6116,39.74434]]}},{"type":"Feature","properties":{"unit_id":405,"landing_id":22,"span_ft":323.0,"deflection_pct":12.3,"min_clear_ft":14.6,"downhill":0,"span_class":"Small yarder"},"geometry":{"type":"LineString","coordinates":[[-120.612,39.74352],[-120.6115,39.74432]]}},{"type":"Feature","properties":{"unit_id":405,"landing_id":22,"span_ft":328.0,"deflection_pct":11.8,"min_clear_ft":14.9,"downhill":0,"span_class":"Small yarder"},"geometry":{"type":"LineString","coordinates":[[-120.612,39.74352],[-120.6114,39.74429]]}},{"type":"Feature","properties":{"unit_id":405,"landing_id":22,"span_ft":336.0,"deflection_pct":11.5,"min_clear_ft":15.0,"downhill":0,"span_class":"Small yarder"},"geometry":{"type":"LineString","coordinates":[[-120.612,39.74352],[-120.6113,39.74427]]}},{"type":"Feature","properties":{"unit_id":405,"landing_id":22,"span_ft":347.0,"deflection_pct":10.6,"min_clear_ft":14.6,"downhill":0,"span_class":"Small yarder"},"geometry":{"type":"LineString","coordinates":[[-120.612,39.74352],[-120.61119,39.74424]]}},{"type":"Feature","properties":{"unit_id":405,"landing_id":22,"span_ft":360.0,"deflection_pct":10.2,"min_clear_ft":14.2,"downhill":0,"span_class":"Small yarder"},"geometry":{"type":"LineString","coordinates":[[-120.612,39.74352],[-120.61108,39.74421]]}},{"type":"Feature","properties":{"unit_id":405,"landing_id":22,"span_ft":377.0,"deflection_pct":9.4,"min_clear_ft":13.6,"downhill":0,"span_class":"Small yarder"},"geometry":{"type":"LineString","coordinates":[[-120.612,39.74352],[-120.61096,39.74417]]}},{"type":"Feature","properties":{"unit_id":405,"landing_id":22,"span_ft":400.0,"deflection_pct":9.0,"min_clear_ft":13.3,"downhill":0,"span_class":"Small yarder"},"geometry":{"type":"LineString","coordinates":[[-120.612,39.74352],[-120.61082,39.74413]]}},{"type":"Feature","properties":{"unit_id":405,"landing_id":22,"span_ft":428.0,"deflection_pct":8.2,"min_clear_ft":12.6,"downhill":0,"span_class":"Small yarder"},"geometry":{"type":"LineString","coordinates":[[-120.612,39.74352],[-120.61067,39.74409]]}},{"type":"Feature","properties":{"unit_id":405,"landing_id":22,"span_ft":466.0,"deflection_pct":8.1,"min_clear_ft":11.6,"downhill":0,"span_class":"Small yarder"},"geometry":{"type":"LineString","coordinates":[[-120.612,39.74352],[-120.61049,39.74404]]}},{"type":"Feature","properties":{"unit_id":405,"landing_id":22,"span_ft":517.0,"deflection_pct":7.6,"min_clear_ft":12.1,"downhill":0,"span_class":"Small yarder"},"geometry":{"type":"LineString","coordinates":[[-120.612,39.74352],[-120.61026,39.74398]]}},{"type":"Feature","properties":{"unit_id":405,"landing_id":22,"span_ft":540.0,"deflection_pct":6.9,"min_clear_ft":12.4,"downhill":0,"span_class":"Small yarder"},"geometry":{"type":"LineString","coordinates":[[-120.612,39.74352],[-120.61014,39.74388]]}},{"type":"Feature","properties":{"unit_id":405,"landing_id":22,"span_ft":1232.0,"deflection_pct":8.5,"min_clear_ft":11.5,"downhill":0,"span_class":"Medium yarder"},"geometry":{"type":"LineString","coordinates":[[-120.612,39.74352],[-120.60762,39.74347]]}},{"type":"Feature","properties":{"unit_id":405,"landing_id":22,"span_ft":1058.0,"deflection_pct":11.3,"min_clear_ft":10.2,"downhill":1,"span_class":"Medium yarder"},"geometry":{"type":"LineString","coordinates":[[-120.612,39.74352],[-120.60877,39.74203]]}},{"type":"Feature","properties":{"unit_id":405,"landing_id":22,"span_ft":936.0,"deflection_pct":13.0,"min_clear_ft":19.0,"downhill":1,"span_class":"Small yarder"},"geometry":{"type":"LineString","coordinates":[[-120.612,39.74352],[-120.6093,39.74201]]}},{"type":"Feature","properties":{"unit_id":405,"landing_id":22,"span_ft":836.0,"deflection_pct":12.2,"min_clear_ft":13.9,"downhill":1,"span_class":"Small yarder"},"geometry":{"type":"LineString","coordinates":[[-120.612,39.74352],[-120.60975,39.74202]]}},{"type":"Feature","properties":{"unit_id":405,"landing_id":22,"span_ft":763.0,"deflection_pct":10.7,"min_clear_ft":16.2,"downhill":1,"span_class":"Small yarder"},"geometry":{"type":"LineString","coordinates":[[-120.612,39.74352],[-120.61011,39.74202]]}},{"type":"Feature","properties":{"unit_id":405,"landing_id":22,"span_ft":706.0,"deflection_pct":8.9,"min_clear_ft":16.4,"downhill":1,"span_class":"Small yarder"},"geometry":{"type":"LineString","coordinates":[[-120.612,39.74352],[-120.61041,39.74201]]}},{"type":"Feature","properties":{"unit_id":405,"landing_id":22,"span_ft":489.0,"deflection_pct":7.4,"min_clear_ft":12.5,"downhill":0,"span_class":"Small yarder"},"geometry":{"type":"LineString","coordinates":[[-120.612,39.74352],[-120.61321,39.74448]]}},{"type":"Feature","properties":{"unit_id":405,"landing_id":22,"span_ft":445.0,"deflection_pct":8.8,"min_clear_ft":12.8,"downhill":0,"span_class":"Small yarder"},"geometry":{"type":"LineString","coordinates":[[-120.612,39.74352],[-120.613,39.74447]]}},{"type":"Feature","properties":{"unit_id":405,"landing_id":22,"span_ft":412.0,"deflection_pct":10.2,"min_clear_ft":12.8,"downhill":0,"span_class":"Small yarder"},"geometry":{"type":"LineString","coordinates":[[-120.612,39.74352],[-120.61282,39.74446]]}},{"type":"Feature","properties":{"unit_id":405,"landing_id":22,"span_ft":387.0,"deflection_pct":11.3,"min_clear_ft":13.1,"downhill":0,"span_class":"Small yarder"},"geometry":{"type":"LineString","coordinates":[[-120.612,39.74352],[-120.61267,39.74445]]}},{"type":"Feature","properties":{"unit_id":405,"landing_id":22,"span_ft":368.0,"deflection_pct":11.7,"min_clear_ft":13.0,"downhill":0,"span_class":"Small yarder"},"geometry":{"type":"LineString","coordinates":[[-120.612,39.74352],[-120.61253,39.74444]]}},{"type":"Feature","properties":{"unit_id":405,"landing_id":22,"span_ft":353.0,"deflection_pct":11.8,"min_clear_ft":12.8,"downhill":0,"span_class":"Small yarder"},"geometry":{"type":"LineString","coordinates":[[-120.612,39.74352],[-120.61241,39.74443]]}},{"type":"Feature","properties":{"unit_id":405,"landing_id":22,"span_ft":341.0,"deflection_pct":12.2,"min_clear_ft":13.6,"downhill":0,"span_class":"Small yarder"},"geometry":{"type":"LineString","coordinates":[[-120.612,39.74352],[-120.6123,39.74443]]}},{"type":"Feature","properties":{"unit_id":405,"landing_id":22,"span_ft":332.0,"deflection_pct":11.8,"min_clear_ft":13.5,"downhill":0,"span_class":"Small yarder"},"geometry":{"type":"LineString","coordinates":[[-120.612,39.74352],[-120.61219,39.74442]]}},{"type":"Feature","properties":{"unit_id":405,"landing_id":22,"span_ft":325.0,"deflection_pct":12.6,"min_clear_ft":14.0,"downhill":0,"span_class":"Small yarder"},"geometry":{"type":"LineString","coordinates":[[-120.612,39.74352],[-120.61208,39.74441]]}},{"type":"Feature","properties":{"unit_id":405,"landing_id":23,"span_ft":247.0,"deflection_pct":17.6,"min_clear_ft":14.7,"downhill":0,"span_class":"Small yarder"},"geometry":{"type":"LineString","coordinates":[[-120.6126,39.74382],[-120.61258,39.7445]]}},{"type":"Feature","properties":{"unit_id":405,"landing_id":23,"span_ft":245.0,"deflection_pct":17.3,"min_clear_ft":14.3,"downhill":0,"span_class":"Small yarder"},"geometry":{"type":"LineString","coordinates":[[-120.6126,39.74382],[-120.61251,39.74449]]}},{"type":"Feature","properties":{"unit_id":405,"landing_id":23,"span_ft":245.0,"deflection_pct":17.6,"min_clear_ft":14.0,"downhill":0,"span_class":"Small yarder"},"geometry":{"type":"LineString","coordinates":[[-120.6126,39.74382],[-120.61243,39.74448]]}},{"type":"Feature","properties":{"unit_id":405,"landing_id":23,"span_ft":245.0,"deflection_pct":17.4,"min_clear_ft":13.7,"downhill":0,"span_class":"Small yarder"},"geometry":{"type":"LineString","coordinates":[[-120.6126,39.74382],[-120.61236,39.74447]]}},{"type":"Feature","properties":{"unit_id":405,"landing_id":23,"span_ft":246.0,"deflection_pct":17.2,"min_clear_ft":14.4,"downhill":0,"span_class":"Small yarder"},"geometry":{"type":"LineString","coordinates":[[-120.6126,39.74382],[-120.61228,39.74445]]}},{"type":"Feature","properties":{"unit_id":405,"landing_id":23,"span_ft":249.0,"deflection_pct":16.6,"min_clear_ft":13.7,"downhill":0,"span_class":"Small yarder"},"geometry":{"type":"LineString","coordinates":[[-120.6126,39.74382],[-120.61221,39.74443]]}},{"type":"Feature","properties":{"unit_id":405,"landing_id":23,"span_ft":253.0,"deflection_pct":16.2,"min_clear_ft":13.8,"downhill":0,"span_class":"Small yarder"},"geometry":{"type":"LineString","coordinates":[[-120.6126,39.74382],[-120.61213,39.74441]]}},{"type":"Feature","properties":{"unit_id":405,"landing_id":23,"span_ft":258.0,"deflection_pct":15.3,"min_clear_ft":14.0,"downhill":0,"span_class":"Small yarder"},"geometry":{"type":"LineString","coordinates":[[-120.6126,39.74382],[-120.61206,39.74439]]}},{"type":"Feature","properties":{"unit_id":405,"landing_id":23,"span_ft":265.0,"deflection_pct":14.4,"min_clear_ft":13.5,"downhill":0,"span_class":"Small yarder"},"geometry":{"type":"LineString","coordinates":[[-120.6126,39.74382],[-120.61198,39.74437]]}},{"type":"Feature","properties":{"unit_id":405,"landing_id":23,"span_ft":274.0,"deflection_pct":13.3,"min_clear_ft":12.2,"downhill":0,"span_class":"Small yarder"},"geometry":{"type":"LineString","coordinates":[[-120.6126,39.74382],[-120.6119,39.74434]]}},{"type":"Feature","properties":{"unit_id":405,"landing_id":23,"span_ft":286.0,"deflection_pct":12.1,"min_clear_ft":12.9,"downhill":0,"span_class":"Small yarder"},"geometry":{"type":"LineString","coordinates":[[-120.6126,39.74382],[-120.61181,39.74431]]}},{"type":"Feature","properties":{"unit_id":405,"landing_id":23,"span_ft":300.0,"deflection_pct":11.0,"min_clear_ft":13.2,"downhill":0,"span_class":"Small yarder"},"geometry":{"type":"LineString","coordinates":[[-120.6126,39.74382],[-120.61171,39.74428]]}},{"type":"Feature","properties":{"unit_id":405,"landing_id":23,"span_ft":320.0,"deflection_pct":9.9,"min_clear_ft":13.2,"downhill":0,"span_class":"Small yarder"},"geometry":{"type":"LineString","coordinates":[[-120.6126,39.74382],[-120.6116,39.74425]]}},{"type":"Feature","properties":{"unit_id":405,"landing_id":23,"span_ft":345.0,"deflection_pct":8.3,"min_clear_ft":12.0,"downhill":0,"span_class":"Small yarder"},"geometry":{"type":"LineString","coordinates":[[-120.6126,39.74382],[-120.61148,39.74421]]}},{"type":"Feature","properties":{"unit_id":405,"landing_id":23,"span_ft":379.0,"deflection_pct":7.1,"min_clear_ft":12.1,"downhill":0,"span_class":"Small yarder"},"geometry":{"type":"LineString","coordinates":[[-120.6126,39.74382],[-120.61132,39.74416]]}},{"type":"Feature","properties":{"unit_id":405,"landing_id":23,"span_ft":428.0,"deflection_pct":6.2,"min_clear_ft":12.0,"downhill":0,"span_class":"Small yarder"},"geometry":{"type":"LineString","coordinates":[[-120.6126,39.74382],[-120.61112,39.74411]]}},{"type":"Feature","properties":{"unit_id":405,"landing_id":23,"span_ft":1120.0,"deflection_pct":6.9,"min_clear_ft":11.8,"downhill":1,"span_class":"Medium yarder"},"geometry":{"type":"LineString","coordinates":[[-120.6126,39.74382],[-120.60937,39.74202]]}},{"type":"Feature","properties":{"unit_id":405,"landing_id":23,"span_ft":501.0,"deflection_pct":7.5,"min_clear_ft":11.7,"downhill":0,"span_class":"Small yarder"},"geometry":{"type":"LineString","coordinates":[[-120.6126,39.74382],[-120.61413,39.74453]]}},{"type":"Feature","properties":{"unit_id":405,"landing_id":23,"span_ft":449.0,"deflection_pct":6.2,"min_clear_ft":13.0,"downhill":0,"span_class":"Small yarder"},"geometry":{"type":"LineString","coordinates":[[-120.6126,39.74382],[-120.61389,39.74454]]}},{"type":"Feature","properties":{"unit_id":405,"landing_id":23,"span_ft":400.0,"deflection_pct":7.9,"min_clear_ft":12.3,"downhill":0,"span_class":"Small yarder"},"geometry":{"type":"LineString","coordinates":[[-120.6126,39.74382],[-120.61367,39.74454]]}},{"type":"Feature","properties":{"unit_id":405,"landing_id":23,"span_ft":360.0,"deflection_pct":9.8,"min_clear_ft":13.0,"downhill":0,"span_class":"Small yarder"},"geometry":{"type":"LineString","coordinates":[[-120.6126,39.74382],[-120.61349,39.74453]]}},{"type":"Feature","properties":{"unit_id":405,"landing_id":23,"span_ft":331.0,"deflection_pct":11.1,"min_clear_ft":12.9,"downhill":0,"span_class":"Small yarder"},"geometry":{"type":"LineString","coordinates":[[-120.6126,39.74382],[-120.61334,39.74452]]}},{"type":"Feature","properties":{"unit_id":405,"landing_id":23,"span_ft":309.0,"deflection_pct":12.5,"min_clear_ft":13.5,"downhill":0,"span_class":"Small yarder"},"geometry":{"type":"LineString","coordinates":[[-120.6126,39.74382],[-120.61321,39.74452]]}},{"type":"Feature","properties":{"unit_id":405,"landing_id":23,"span_ft":292.0,"deflection_pct":13.6,"min_clear_ft":13.4,"downhill":0,"span_class":"Small yarder"},"geometry":{"type":"LineString","coordinates":[[-120.6126,39.74382],[-120.6131,39.74452]]}},{"type":"Feature","properties":{"unit_id":405,"landing_id":23,"span_ft":279.0,"deflection_pct":14.8,"min_clear_ft":14.3,"downhill":0,"span_class":"Small yarder"},"geometry":{"type":"LineString","coordinates":[[-120.6126,39.74382],[-120.613,39.74452]]}},{"type":"Feature","properties":{"unit_id":405,"landing_id":23,"span_ft":269.0,"deflection_pct":15.3,"min_clear_ft":14.2,"downhill":0,"span_class":"Small yarder"},"geometry":{"type":"LineString","coordinates":[[-120.6126,39.74382],[-120.61291,39.74452]]}},{"type":"Feature","properties":{"unit_id":405,"landing_id":23,"span_ft":261.0,"deflection_pct":16.6,"min_clear_ft":14.7,"downhill":0,"span_class":"Small yarder"},"geometry":{"type":"LineString","coordinates":[[-120.6126,39.74382],[-120.61282,39.74451]]}},{"type":"Feature","properties":{"unit_id":405,"landing_id":23,"span_ft":255.0,"deflection_pct":16.7,"min_clear_ft":14.3,"downhill":0,"span_class":"Small yarder"},"geometry":{"type":"LineString","coordinates":[[-120.6126,39.74382],[-120.61274,39.74451]]}},{"type":"Feature","properties":{"unit_id":405,"landing_id":23,"span_ft":251.0,"deflection_pct":17.0,"min_clear_ft":14.2,"downhill":0,"span_class":"Small yarder"},"geometry":{"type":"LineString","coordinates":[[-120.6126,39.74382],[-120.61266,39.7445]]}},{"type":"Feature","properties":{"unit_id":405,"landing_id":24,"span_ft":208.0,"deflection_pct":19.1,"min_clear_ft":13.5,"downhill":0,"span_class":"Small yarder"},"geometry":{"type":"LineString","coordinates":[[-120.6132,39.74411],[-120.61259,39.74443]]}},{"type":"Feature","properties":{"unit_id":405,"landing_id":24,"span_ft":218.0,"deflection_pct":17.3,"min_clear_ft":13.4,"downhill":0,"span_class":"Small yarder"},"geometry":{"type":"LineString","coordinates":[[-120.6132,39.74411],[-120.61252,39.7444]]}},{"type":"Feature","properties":{"unit_id":405,"landing_id":24,"span_ft":231.0,"deflection_pct":16.1,"min_clear_ft":13.5,"downhill":0,"span_class":"Small yarder"},"geometry":{"type":"LineString","coordinates":[[-120.6132,39.74411],[-120.61245,39.74437]]}},{"type":"Feature","properties":{"unit_id":405,"landing_id":24,"span_ft":250.0,"deflection_pct":14.3,"min_clear_ft":12.7,"downhill":0,"span_class":"Small yarder"},"geometry":{"type":"LineString","coordinates":[[-120.6132,39.74411],[-120.61236,39.74433]]}},{"type":"Feature","properties":{"unit_id":405,"landing_id":24,"span_ft":276.0,"deflection_pct":12.4,"min_clear_ft":12.1,"downhill":0,"span_class":"Small yarder"},"geometry":{"type":"LineString","coordinates":[[-120.6132,39.74411],[-120.61225,39.74429]]}},{"type":"Feature","properties":{"unit_id":405,"landing_id":24,"span_ft":315.0,"deflection_pct":10.5,"min_clear_ft":11.5,"downhill":0,"span_class":"Small yarder"},"geometry":{"type":"LineString","coordinates":[[-120.6132,39.74411],[-120.6121,39.74424]]}},{"type":"Feature","properties":{"unit_id":405,"landing_id":24,"span_ft":378.0,"deflection_pct":8.2,"min_clear_ft":11.5,"downhill":0,"span_class":"Small yarder"},"geometry":{"type":"LineString","coordinates":[[-120.6132,39.74411],[-120.61186,39.74418]]}},{"type":"Feature","properties":{"unit_id":405,"landing_id":24,"span_ft":390.0,"deflection_pct":7.7,"min_clear_ft":11.5,"downhill":0,"span_class":"Small yarder"},"geometry":{"type":"LineString","coordinates":[[-120.6132,39.74411],[-120.6145,39.74449]]}},{"type":"Feature","properties":{"unit_id":405,"landing_id":24,"span_ft":333.0,"deflection_pct":10.4,"min_clear_ft":11.5,"downhill":0,"span_class":"Small yarder"},"geometry":{"type":"LineString","coordinates":[[-120.6132,39.74411],[-120.61427,39.74451]]}},{"type":"Feature","properties":{"unit_id":405,"landing_id":24,"span_ft":297.0,"deflection_pct":10.8,"min_clear_ft":12.4,"downhill":0,"span_class":"Small yarder"},"geometry":{"type":"LineString","coordinates":[[-120.6132,39.74411],[-120.61411,39.74452]]}},{"type":"Feature","properties":{"unit_id":405,"landing_id":24,"span_ft":271.0,"deflection_pct":10.8,"min_clear_ft":12.2,"downhill":0,"span_class":"Small yarder"},"geometry":{"type":"LineString","coordinates":[[-120.6132,39.74411],[-120.61398,39.74454]]}},{"type":"Feature","properties":{"unit_id":405,"landing_id":24,"span_ft":252.0,"deflection_pct":13.4,"min_clear_ft":13.4,"downhill":0,"span_class":"Small yarder"},"geometry":{"type":"LineString","coordinates":[[-120.6132,39.74411],[-120.61388,39.74456]]}},{"type":"Feature","properties":{"unit_id":405,"landing_id":24,"span_ft":238.0,"deflection_pct":15.0,"min_clear_ft":13.6,"downhill":0,"span_class":"Small yarder"},"geometry":{"type":"LineString","coordinates":[[-120.6132,39.74411],[-120.61379,39.74458]]}},{"type":"Feature","properties":{"unit_id":405,"landing_id":24,"span_ft":224.0,"deflection_pct":17.4,"min_clear_ft":13.6,"downhill":0,"span_class":"Small yarder"},"geometry":{"type":"LineString","coordinates":[[-120.6132,39.74411],[-120.6137,39.74458]]}},{"type":"Feature","properties":{"unit_id":405,"landing_id":24,"span_ft":212.0,"deflection_pct":18.6,"min_clear_ft":14.1,"downhill":0,"span_class":"Small yarder"},"geometry":{"type":"LineString","coordinates":[[-120.6132,39.74411],[-120.61362,39.74459]]}},{"type":"Feature","properties":{"unit_id":405,"landing_id":24,"span_ft":203.0,"deflection_pct":20.2,"min_clear_ft":14.0,"downhill":0,"span_class":"Small yarder"},"geometry":{"type":"LineString","coordinates":[[-120.6132,39.74411],[-120.61355,39.74459]]}},{"type":"Feature","properties":{"unit_id":405,"landing_id":25,"span_ft":234.0,"deflection_pct":13.3,"min_clear_ft":11.7,"downhill":0,"span_class":"Small yarder"},"geometry":{"type":"LineString","coordinates":[[-120.61383,39.74436],[-120.613,39.74435]]}},{"type":"Feature","properties":{"unit_id":405,"landing_id":25,"span_ft":342.0,"deflection_pct":9.5,"min_clear_ft":11.5,"downhill":0,"span_class":"Small yarder"},"geometry":{"type":"LineString","coordinates":[[-120.61383,39.74436],[-120.61263,39.74426]]}},{"type":"Feature","properties":{"unit_id":405,"landing_id":25,"span_ft":230.0,"deflection_pct":11.7,"min_clear_ft":10.8,"downhill":1,"span_class":"Small yarder"},"geometry":{"type":"LineString","coordinates":[[-120.61383,39.74436],[-120.61465,39.74442]]}},{"type":"Feature","properties":{"unit_id":405,"landing_id":26,"span_ft":337.0,"deflection_pct":7.3,"min_clear_ft":11.3,"downhill":0,"span_class":"Small yarder"},"geometry":{"type":"LineString","coordinates":[[-120.61451,39.74448],[-120.61561,39.7441]]}},{"type":"Feature","properties":{"unit_id":405,"landing_id":26,"span_ft":314.0,"deflection_pct":6.1,"min_clear_ft":11.4,"downhill":0,"span_class":"Small yarder"},"geometry":{"type":"LineString","coordinates":[[-120.61451,39.74448],[-120.61557,39.7442]]}},{"type":"Feature","properties":{"unit_id":405,"landing_id":26,"span_ft":269.0,"deflection_pct":7.3,"min_clear_ft":10.7,"downhill":0,"span_class":"Small yarder"},"geometry":{"type":"LineString","coordinates":[[-120.61451,39.74448],[-120.61544,39.7443]]}},{"type":"Feature","properties":{"unit_id":405,"landing_id":27,"span_ft":213.0,"deflection_pct":11.1,"min_clear_ft":11.5,"downhill":1,"span_class":"Small yarder"},"geometry":{"type":"LineString","coordinates":[[-120.61516,39.74427],[-120.61447,39.74451]]}},{"type":"Feature","properties":{"unit_id":405,"landing_id":27,"span_ft":239.0,"deflection_pct":6.3,"min_clear_ft":11.6,"downhill":1,"span_class":"Small yarder"},"geometry":{"type":"LineString","coordinates":[[-120.61516,39.74427],[-120.61436,39.74449]]}},{"type":"Feature","properties":{"unit_id":405,"landing_id":28,"span_ft":359.0,"deflection_pct":8.8,"min_clear_ft":12.2,"downhill":1,"span_class":"Small yarder"},"geometry":{"type":"LineString","coordinates":[[-120.6158,39.74406],[-120.61468,39.74454]]}},{"type":"Feature","properties":{"unit_id":405,"landing_id":28,"span_ft":406.0,"deflection_pct":6.6,"min_clear_ft":10.5,"downhill":1,"span_class":"Small yarder"},"geometry":{"type":"LineString","coordinates":[[-120.6158,39.74406],[-120.61448,39.74451]]}},{"type":"Feature","properties":{"unit_id":114,"landing_id":1,"span_ft":419.0,"deflection_pct":18.1,"min_clear_ft":14.3,"downhill":1,"span_class":"Small yarder"},"geometry":{"type":"LineString","coordinates":[[-120.61624,39.74457],[-120.61485,39.74416]]}},{"type":"Feature","properties":{"unit_id":114,"landing_id":1,"span_ft":415.0,"deflection_pct":18.5,"min_clear_ft":14.6,"downhill":1,"span_class":"Small yarder"},"geometry":{"type":"LineString","coordinates":[[-120.61624,39.74457],[-120.61498,39.74399]]}},{"type":"Feature","properties":{"unit_id":114,"landing_id":1,"span_ft":420.0,"deflection_pct":16.9,"min_clear_ft":15.4,"downhill":1,"span_class":"Small yarder"},"geometry":{"type":"LineString","coordinates":[[-120.61624,39.74457],[-120.61511,39.74382]]}},{"type":"Feature","properties":{"unit_id":114,"landing_id":1,"span_ft":436.0,"deflection_pct":13.7,"min_clear_ft":15.9,"downhill":1,"span_class":"Small yarder"},"geometry":{"type":"LineString","coordinates":[[-120.61624,39.74457],[-120.61526,39.74364]]}},{"type":"Feature","properties":{"unit_id":114,"landing_id":1,"span_ft":466.0,"deflection_pct":12.9,"min_clear_ft":16.0,"downhill":1,"span_class":"Small yarder"},"geometry":{"type":"LineString","coordinates":[[-120.61624,39.74457],[-120.61544,39.74346]]}},{"type":"Feature","properties":{"unit_id":114,"landing_id":1,"span_ft":514.0,"deflection_pct":11.5,"min_clear_ft":14.2,"downhill":1,"span_class":"Small yarder"},"geometry":{"type":"LineString","coordinates":[[-120.61624,39.74457],[-120.61564,39.74324]]}},{"type":"Feature","properties":{"unit_id":114,"landing_id":1,"span_ft":558.0,"deflection_pct":9.9,"min_clear_ft":14.6,"downhill":1,"span_class":"Small yarder"},"geometry":{"type":"LineString","coordinates":[[-120.61624,39.74457],[-120.61593,39.74306]]}},{"type":"Feature","properties":{"unit_id":114,"landing_id":1,"span_ft":619.0,"deflection_pct":8.3,"min_clear_ft":12.5,"downhill":1,"span_class":"Small yarder"},"geometry":{"type":"LineString","coordinates":[[-120.61624,39.74457],[-120.61628,39.74288]]}},{"type":"Feature","properties":{"unit_id":114,"landing_id":1,"span_ft":719.0,"deflection_pct":7.6,"min_clear_ft":13.9,"downhill":1,"span_class":"Small yarder"},"geometry":{"type":"LineString","coordinates":[[-120.61624,39.74457],[-120.61673,39.74264]]}},{"type":"Feature","properties":{"unit_id":114,"landing_id":1,"span_ft":839.0,"deflection_pct":6.1,"min_clear_ft":12.7,"downhill":1,"span_class":"Small yarder"},"geometry":{"type":"LineString","coordinates":[[-120.61624,39.74457],[-120.61731,39.74242]]}},{"type":"Feature","properties":{"unit_id":114,"landing_id":1,"span_ft":924.0,"deflection_pct":7.2,"min_clear_ft":13.4,"downhill":1,"span_class":"Small yarder"},"geometry":{"type":"LineString","coordinates":[[-120.61624,39.74457],[-120.61953,39.74461]]}},{"type":"Feature","properties":{"unit_id":114,"landing_id":1,"span_ft":861.0,"deflection_pct":8.2,"min_clear_ft":15.1,"downhill":1,"span_class":"Small yarder"},"geometry":{"type":"LineString","coordinates":[[-120.61624,39.74457],[-120.61925,39.74502]]}},{"type":"Feature","properties":{"unit_id":114,"landing_id":1,"span_ft":836.0,"deflection_pct":8.8,"min_clear_ft":15.1,"downhill":1,"span_class":"Small yarder"},"geometry":{"type":"LineString","coordinates":[[-120.61624,39.74457],[-120.61902,39.74539]]}},{"type":"Feature","properties":{"unit_id":114,"landing_id":1,"span_ft":808.0,"deflection_pct":8.9,"min_clear_ft":19.9,"downhill":1,"span_class":"Small yarder"},"geometry":{"type":"LineString","coordinates":[[-120.61624,39.74457],[-120.61871,39.74571]]}},{"type":"Feature","properties":{"unit_id":114,"landing_id":1,"span_ft":875.0,"deflection_pct":7.9,"min_clear_ft":10.4,"downhill":1,"span_class":"Small yarder"},"geometry":{"type":"LineString","coordinates":[[-120.61624,39.74457],[-120.6186,39.74614]]}},{"type":"Feature","properties":{"unit_id":114,"landing_id":1,"span_ft":910.0,"deflection_pct":7.5,"min_clear_ft":17.4,"downhill":1,"span_class":"Small yarder"},"geometry":{"type":"LineString","coordinates":[[-120.61624,39.74457],[-120.61829,39.74651]]}},{"type":"Feature","properties":{"unit_id":114,"landing_id":3,"span_ft":1715.0,"deflection_pct":6.6,"min_clear_ft":10.6,"downhill":0,"span_class":"Medium yarder"},"geometry":{"type":"LineString","coordinates":[[-120.61168,39.74263],[-120.60769,39.74619]]}},{"type":"Feature","properties":{"unit_id":114,"landing_id":3,"span_ft":1462.0,"deflection_pct":6.9,"min_clear_ft":11.8,"downhill":0,"span_class":"Medium yarder"},"geometry":{"type":"LineString","coordinates":[[-120.61168,39.74263],[-120.60765,39.74517]]}},{"type":"Feature","properties":{"unit_id":114,"landing_id":3,"span_ft":1309.0,"deflection_pct":8.2,"min_clear_ft":11.9,"downhill":0,"span_class":"Medium yarder"},"geometry":{"type":"LineString","coordinates":[[-120.61168,39.74263],[-120.60762,39.74438]]}},{"type":"Feature","properties":{"unit_id":114,"landing_id":3,"span_ft":744.0,"deflection_pct":9.9,"min_clear_ft":14.6,"downhill":0,"span_class":"Small yarder"},"geometry":{"type":"LineString","coordinates":[[-120.61168,39.74263],[-120.60907,39.74296]]}},{"type":"Feature","properties":{"unit_id":114,"landing_id":5,"span_ft":546.0,"deflection_pct":8.5,"min_clear_ft":12.6,"downhill":1,"span_class":"Small yarder"},"geometry":{"type":"LineString","coordinates":[[-120.61607,39.74851],[-120.61757,39.74757]]}},{"type":"Feature","properties":{"unit_id":114,"landing_id":5,"span_ft":447.0,"deflection_pct":11.3,"min_clear_ft":12.3,"downhill":1,"span_class":"Small yarder"},"geometry":{"type":"LineString","coordinates":[[-120.61607,39.74851],[-120.61745,39.74792]]}},{"type":"Feature","properties":{"unit_id":114,"landing_id":6,"span_ft":433.0,"deflection_pct":12.8,"min_clear_ft":13.5,"downhill":0,"span_class":"Small yarder"},"geometry":{"type":"LineString","coordinates":[[-120.61788,39.74784],[-120.61643,39.74823]]}},{"type":"Feature","properties":{"unit_id":114,"landing_id":6,"span_ft":771.0,"deflection_pct":10.5,"min_clear_ft":11.8,"downhill":0,"span_class":"Small yarder"},"geometry":{"type":"LineString","coordinates":[[-120.61788,39.74784],[-120.61517,39.74818]]}},{"type":"Feature","properties":{"unit_id":114,"landing_id":6,"span_ft":1725.0,"deflection_pct":7.2,"min_clear_ft":15.4,"downhill":0,"span_class":"Medium yarder"},"geometry":{"type":"LineString","coordinates":[[-120.61788,39.74784],[-120.61401,39.74417]]}},{"type":"Feature","properties":{"unit_id":114,"landing_id":6,"span_ft":1625.0,"deflection_pct":7.2,"min_clear_ft":15.8,"downhill":0,"span_class":"Medium yarder"},"geometry":{"type":"LineString","coordinates":[[-120.61788,39.74784],[-120.61507,39.74395]]}},{"type":"Feature","properties":{"unit_id":114,"landing_id":6,"span_ft":1950.0,"deflection_pct":6.5,"min_clear_ft":14.8,"downhill":1,"span_class":"Long-span yarder"},"geometry":{"type":"LineString","coordinates":[[-120.61788,39.74784],[-120.61678,39.74256]]}},{"type":"Feature","properties":{"unit_id":114,"landing_id":7,"span_ft":424.0,"deflection_pct":12.0,"min_clear_ft":14.3,"downhill":0,"span_class":"Small yarder"},"geometry":{"type":"LineString","coordinates":[[-120.6183,39.74519],[-120.61828,39.74636]]}},{"type":"Feature","properties":{"unit_id":114,"landing_id":7,"span_ft":528.0,"deflection_pct":9.0,"min_clear_ft":11.1,"downhill":0,"span_class":"Small yarder"},"geometry":{"type":"LineString","coordinates":[[-120.6183,39.74519],[-120.61794,39.74662]]}},{"type":"Feature","properties":{"unit_id":114,"landing_id":7,"span_ft":1040.0,"deflection_pct":6.8,"min_clear_ft":14.5,"downhill":1,"span_class":"Medium yarder"},"geometry":{"type":"LineString","coordinates":[[-120.6183,39.74519],[-120.61484,39.74418]]}},{"type":"Feature","properties":{"unit_id":114,"landing_id":7,"span_ft":1028.0,"deflection_pct":6.3,"min_clear_ft":16.1,"downhill":1,"span_class":"Medium yarder"},"geometry":{"type":"LineString","coordinates":[[-120.6183,39.74519],[-120.61516,39.74375]]}},{"type":"Feature","properties":{"unit_id":114,"landing_id":7,"span_ft":1104.0,"deflection_pct":6.0,"min_clear_ft":15.4,"downhill":1,"span_class":"Medium yarder"},"geometry":{"type":"LineString","coordinates":[[-120.6183,39.74519],[-120.61768,39.7422]]}},{"type":"Feature","properties":{"unit_id":114,"landing_id":7,"span_ft":1147.0,"deflection_pct":6.9,"min_clear_ft":10.8,"downhill":1,"span_class":"Medium yarder"},"geometry":{"type":"LineString","coordinates":[[-120.6183,39.74519],[-120.61836,39.74205]]}},{"type":"Feature","properties":{"unit_id":114,"landing_id":7,"span_ft":1228.0,"deflection_pct":6.7,"min_clear_ft":13.5,"downhill":1,"span_class":"Medium yarder"},"geometry":{"type":"LineString","coordinates":[[-120.6183,39.74519],[-120.61912,39.74188]]}},{"type":"Feature","properties":{"unit_id":114,"landing_id":7,"span_ft":304.0,"deflection_pct":16.8,"min_clear_ft":14.8,"downhill":1,"span_class":"Small yarder"},"geometry":{"type":"LineString","coordinates":[[-120.6183,39.74519],[-120.61924,39.74479]]}},{"type":"Feature","properties":{"unit_id":114,"landing_id":7,"span_ft":264.0,"deflection_pct":20.5,"min_clear_ft":13.2,"downhill":1,"span_class":"Small yarder"},"geometry":{"type":"LineString","coordinates":[[-120.6183,39.74519],[-120.61919,39.74496]]}},{"type":"Feature","properties":{"unit_id":114,"landing_id":7,"span_ft":241.0,"deflection_pct":24.5,"min_clear_ft":14.3,"downhill":1,"span_class":"Small yarder"},"geometry":{"type":"LineString","coordinates":[[-120.6183,39.74519],[-120.61914,39.74509]]}},{"type":"Feature","properties":{"unit_id":114,"landing_id":7,"span_ft":227.0,"deflection_pct":26.9,"min_clear_ft":14.8,"downhill":1,"span_class":"Small yarder"},"geometry":{"type":"LineString","coordinates":[[-120.6183,39.74519],[-120.61911,39.7452]]}},{"type":"Feature","properties":{"unit_id":114,"landing_id":7,"span_ft":219.0,"deflection_pct":27.2,"min_clear_ft":15.1,"downhill":1,"span_class":"Small yarder"},"geometry":{"type":"LineString","coordinates":[[-120.6183,39.74519],[-120.61906,39.74531]]}},{"type":"Feature","properties":{"unit_id":114,"landing_id":7,"span_ft":215.0,"deflection_pct":27.7,"min_clear_ft":14.9,"downhill":1,"span_class":"Small yarder"},"geometry":{"type":"LineString","coordinates":[[-120.6183,39.74519],[-120.61901,39.7454]]}},{"type":"Feature","properties":{"unit_id":114,"landing_id":7,"span_ft":214.0,"deflection_pct":27.5,"min_clear_ft":14.9,"downhill":1,"span_class":"Small yarder"},"geometry":{"type":"LineString","coordinates":[[-120.6183,39.74519],[-120.61895,39.7455]]}},{"type":"Feature","properties":{"unit_id":114,"landing_id":7,"span_ft":218.0,"deflection_pct":26.6,"min_clear_ft":15.4,"downhill":1,"span_class":"Small yarder"},"geometry":{"type":"LineString","coordinates":[[-120.6183,39.74519],[-120.61888,39.74558]]}},{"type":"Feature","properties":{"unit_id":114,"landing_id":7,"span_ft":225.0,"deflection_pct":21.9,"min_clear_ft":14.2,"downhill":1,"span_class":"Small yarder"},"geometry":{"type":"LineString","coordinates":[[-120.6183,39.74519],[-120.6188,39.74567]]}},{"type":"Feature","properties":{"unit_id":114,"landing_id":7,"span_ft":229.0,"deflection_pct":17.1,"min_clear_ft":16.2,"downhill":1,"span_class":"Small yarder"},"geometry":{"type":"LineString","coordinates":[[-120.6183,39.74519],[-120.6187,39.74574]]}},{"type":"Feature","properties":{"unit_id":114,"landing_id":7,"span_ft":234.0,"deflection_pct":13.0,"min_clear_ft":11.9,"downhill":1,"span_class":"Small yarder"},"geometry":{"type":"LineString","coordinates":[[-120.6183,39.74519],[-120.61857,39.7458]]}},{"type":"Feature","properties":{"unit_id":114,"landing_id":7,"span_ft":245.0,"deflection_pct":16.0,"min_clear_ft":13.1,"downhill":1,"span_class":"Small yarder"},"geometry":{"type":"LineString","coordinates":[[-120.6183,39.74519],[-120.61844,39.74586]]}},{"type":"Feature","properties":{"unit_id":114,"landing_id":8,"span_ft":399.0,"deflection_pct":9.2,"min_clear_ft":13.2,"downhill":1,"span_class":"Small yarder"},"geometry":{"type":"LineString","coordinates":[[-120.61533,39.7451],[-120.61464,39.74415]]}},{"type":"Feature","properties":{"unit_id":114,"landing_id":8,"span_ft":376.0,"deflection_pct":12.9,"min_clear_ft":12.9,"downhill":1,"span_class":"Small yarder"},"geometry":{"type":"LineString","coordinates":[[-120.61533,39.7451],[-120.61489,39.74413]]}},{"type":"Feature","properties":{"unit_id":114,"landing_id":8,"span_ft":399.0,"deflection_pct":12.3,"min_clear_ft":13.2,"downhill":1,"span_class":"Small yarder"},"geometry":{"type":"LineString","coordinates":[[-120.61533,39.7451],[-120.6151,39.74402]]}},{"type":"Feature","properties":{"unit_id":114,"landing_id":8,"span_ft":486.0,"deflection_pct":9.2,"min_clear_ft":12.4,"downhill":1,"span_class":"Small yarder"},"geometry":{"type":"LineString","coordinates":[[-120.61533,39.7451],[-120.61536,39.74377]]}},{"type":"Feature","properties":{"unit_id":114,"landing_id":8,"span_ft":671.0,"deflection_pct":7.2,"min_clear_ft":12.8,"downhill":1,"span_class":"Small yarder"},"geometry":{"type":"LineString","coordinates":[[-120.61533,39.7451],[-120.61578,39.74329]]}},{"type":"Feature","properties":{"unit_id":114,"landing_id":8,"span_ft":1092.0,"deflection_pct":6.2,"min_clear_ft":14.7,"downhill":1,"span_class":"Medium yarder"},"geometry":{"type":"LineString","coordinates":[[-120.61533,39.7451],[-120.61778,39.74743]]}},{"type":"Feature","properties":{"unit_id":114,"landing_id":9,"span_ft":584.0,"deflection_pct":6.2,"min_clear_ft":10.8,"downhill":0,"span_class":"Small yarder"},"geometry":{"type":"LineString","coordinates":[[-120.61376,39.74748],[-120.61195,39.74826]]}},{"type":"Feature","properties":{"unit_id":114,"landing_id":9,"span_ft":1124.0,"deflection_pct":6.2,"min_clear_ft":14.7,"downhill":1,"span_class":"Medium yarder"},"geometry":{"type":"LineString","coordinates":[[-120.61376,39.74748],[-120.61776,39.74753]]}},{"type":"Feature","properties":{"unit_id":114,"landing_id":9,"span_ft":1077.0,"deflection_pct":6.5,"min_clear_ft":16.6,"downhill":1,"span_class":"Medium yarder"},"geometry":{"type":"LineString","coordinates":[[-120.61376,39.74748],[-120.61752,39.74804]]}},{"type":"Feature","properties":{"unit_id":114,"landing_id":9,"span_ft":563.0,"deflection_pct":10.1,"min_clear_ft":12.6,"downhill":1,"span_class":"Small yarder"},"geometry":{"type":"LineString","coordinates":[[-120.61376,39.74748],[-120.61548,39.74827]]}},{"type":"Feature","properties":{"unit_id":114,"landing_id":9,"span_ft":462.0,"deflection_pct":7.8,"min_clear_ft":10.7,"downhill":0,"span_class":"Small yarder"},"geometry":{"type":"LineString","coordinates":[[-120.61376,39.74748],[-120.615,39.74831]]}},{"type":"Feature","properties":{"unit_id":114,"landing_id":10,"span_ft":215.0,"deflection_pct":13.3,"min_clear_ft":11.0,"downhill":0,"span_class":"Small yarder"},"geometry":{"type":"LineString","coordinates":[[-120.61028,39.74796],[-120.60961,39.74825]]}},{"type":"Feature","properties":{"unit_id":114,"landing_id":10,"span_ft":272.0,"deflection_pct":9.3,"min_clear_ft":11.1,"downhill":0,"span_class":"Small yarder"},"geometry":{"type":"LineString","coordinates":[[-120.61028,39.74796],[-120.60936,39.74821]]}},{"type":"Feature","properties":{"unit_id":114,"landing_id":10,"span_ft":343.0,"deflection_pct":8.8,"min_clear_ft":11.1,"downhill":0,"span_class":"Small yarder"},"geometry":{"type":"LineString","coordinates":[[-120.61028,39.74796],[-120.60907,39.74811]]}},{"type":"Feature","properties":{"unit_id":114,"landing_id":12,"span_ft":507.0,"deflection_pct":10.9,"min_clear_ft":12.6,"downhill":0,"span_class":"Small yarder"},"geometry":{"type":"LineString","coordinates":[[-120.6182,39.74507],[-120.61817,39.74646]]}},{"type":"Feature","properties":{"unit_id":114,"landing_id":12,"span_ft":733.0,"deflection_pct":7.3,"min_clear_ft":11.4,"downhill":0,"span_class":"Small yarder"},"geometry":{"type":"LineString","coordinates":[[-120.6182,39.74507],[-120.61771,39.74704]]}},{"type":"Feature","properties":{"unit_id":114,"landing_id":12,"span_ft":992.0,"deflection_pct":6.9,"min_clear_ft":15.5,"downhill":1,"span_class":"Small yarder"},"geometry":{"type":"LineString","coordinates":[[-120.6182,39.74507],[-120.6149,39.7441]]}},{"type":"Feature","properties":{"unit_id":114,"landing_id":12,"span_ft":980.0,"deflection_pct":6.2,"min_clear_ft":17.2,"downhill":1,"span_class":"Small yarder"},"geometry":{"type":"LineString","coordinates":[[-120.6182,39.74507],[-120.61521,39.74369]]}},{"type":"Feature","properties":{"unit_id":114,"landing_id":12,"span_ft":1051.0,"deflection_pct":6.1,"min_clear_ft":15.4,"downhill":1,"span_class":"Medium yarder"},"geometry":{"type":"LineString","coordinates":[[-120.6182,39.74507],[-120.61761,39.74222]]}},{"type":"Feature","properties":{"unit_id":114,"landing_id":12,"span_ft":1169.0,"deflection_pct":7.1,"min_clear_ft":13.8,"downhill":1,"span_class":"Medium yarder"},"geometry":{"type":"LineString","coordinates":[[-120.6182,39.74507],[-120.61898,39.74192]]}},{"type":"Feature","properties":{"unit_id":114,"landing_id":12,"span_ft":386.0,"deflection_pct":14.2,"min_clear_ft":11.8,"downhill":1,"span_class":"Small yarder"},"geometry":{"type":"LineString","coordinates":[[-120.6182,39.74507],[-120.6194,39.74455]]}},{"type":"Feature","properties":{"unit_id":114,"landing_id":12,"span_ft":330.0,"deflection_pct":17.7,"min_clear_ft":13.8,"downhill":1,"span_class":"Small yarder"},"geometry":{"type":"LineString","coordinates":[[-120.6182,39.74507],[-120.61931,39.74477]]}},{"type":"Feature","properties":{"unit_id":114,"landing_id":12,"span_ft":298.0,"deflection_pct":20.6,"min_clear_ft":16.2,"downhill":1,"span_class":"Small yarder"},"geometry":{"type":"LineString","coordinates":[[-120.6182,39.74507],[-120.61924,39.74494]]}},{"type":"Feature","properties":{"unit_id":114,"landing_id":12,"span_ft":278.0,"deflection_pct":22.8,"min_clear_ft":14.2,"downhill":1,"span_class":"Small yarder"},"geometry":{"type":"LineString","coordinates":[[-120.6182,39.74507],[-120.61919,39.74508]]}},{"type":"Feature","properties":{"unit_id":114,"landing_id":12,"span_ft":266.0,"deflection_pct":25.7,"min_clear_ft":15.2,"downhill":1,"span_class":"Small yarder"},"geometry":{"type":"LineString","coordinates":[[-120.6182,39.74507],[-120.61913,39.7452]]}},{"type":"Feature","properties":{"unit_id":114,"landing_id":12,"span_ft":261.0,"deflection_pct":27.0,"min_clear_ft":15.4,"downhill":1,"span_class":"Small yarder"},"geometry":{"type":"LineString","coordinates":[[-120.6182,39.74507],[-120.61907,39.74532]]}},{"type":"Feature","properties":{"unit_id":114,"landing_id":12,"span_ft":260.0,"deflection_pct":26.1,"min_clear_ft":15.2,"downhill":1,"span_class":"Small yarder"},"geometry":{"type":"LineString","coordinates":[[-120.6182,39.74507],[-120.61899,39.74543]]}},{"type":"Feature","properties":{"unit_id":114,"landing_id":12,"span_ft":265.0,"deflection_pct":22.9,"min_clear_ft":14.8,"downhill":1,"span_class":"Small yarder"},"geometry":{"type":"LineString","coordinates":[[-120.6182,39.74507],[-120.61891,39.74554]]}},{"type":"Feature","properties":{"unit_id":114,"landing_id":12,"span_ft":275.0,"deflection_pct":18.3,"min_clear_ft":15.1,"downhill":1,"span_class":"Small yarder"},"geometry":{"type":"LineString","coordinates":[[-120.6182,39.74507],[-120.61882,39.74565]]}},{"type":"Feature","properties":{"unit_id":114,"landing_id":12,"span_ft":284.0,"deflection_pct":13.7,"min_clear_ft":16.1,"downhill":1,"span_class":"Small yarder"},"geometry":{"type":"LineString","coordinates":[[-120.6182,39.74507],[-120.61869,39.74575]]}},{"type":"Feature","properties":{"unit_id":114,"landing_id":12,"span_ft":291.0,"deflection_pct":12.1,"min_clear_ft":11.6,"downhill":1,"span_class":"Small yarder"},"geometry":{"type":"LineString","coordinates":[[-120.6182,39.74507],[-120.61854,39.74582]]}},{"type":"Feature","properties":{"unit_id":114,"landing_id":12,"span_ft":350.0,"deflection_pct":14.4,"min_clear_ft":14.4,"downhill":0,"span_class":"Small yarder"},"geometry":{"type":"LineString","coordinates":[[-120.6182,39.74507],[-120.6184,39.74601]]}},{"type":"Feature","properties":{"unit_id":115,"landing_id":1,"span_ft":1174.0,"deflection_pct":7.3,"min_clear_ft":15.3,"downhill":1,"span_class":"Medium yarder"},"geometry":{"type":"LineString","coordinates":[[-120.61213,39.73377],[-120.61578,39.7322]]}},{"type":"Feature","properties":{"unit_id":115,"landing_id":2,"span_ft":292.0,"deflection_pct":10.6,"min_clear_ft":12.4,"downhill":1,"span_class":"Small yarder"},"geometry":{"type":"LineString","coordinates":[[-120.61422,39.73247],[-120.61421,39.73327]]}},{"type":"Feature","properties":{"unit_id":115,"landing_id":2,"span_ft":286.0,"deflection_pct":11.7,"min_clear_ft":12.5,"downhill":1,"span_class":"Small yarder"},"geometry":{"type":"LineString","coordinates":[[-120.61422,39.73247],[-120.61403,39.73324]]}},{"type":"Feature","properties":{"unit_id":115,"landing_id":2,"span_ft":286.0,"deflection_pct":12.6,"min_clear_ft":12.3,"downhill":1,"span_class":"Small yarder"},"geometry":{"type":"LineString","coordinates":[[-120.61422,39.73247],[-120.61386,39.7332]]}},{"type":"Feature","properties":{"unit_id":115,"landing_id":2,"span_ft":292.0,"deflection_pct":12.7,"min_clear_ft":12.5,"downhill":1,"span_class":"Small yarder"},"geometry":{"type":"LineString","coordinates":[[-120.61422,39.73247],[-120.61369,39.73316]]}},{"type":"Feature","properties":{"unit_id":115,"landing_id":2,"span_ft":305.0,"deflection_pct":11.2,"min_clear_ft":12.6,"downhill":0,"span_class":"Small yarder"},"geometry":{"type":"LineString","coordinates":[[-120.61422,39.73247],[-120.61351,39.7331]]}},{"type":"Feature","properties":{"unit_id":115,"landing_id":2,"span_ft":328.0,"deflection_pct":11.1,"min_clear_ft":11.4,"downhill":0,"span_class":"Small yarder"},"geometry":{"type":"LineString","coordinates":[[-120.61422,39.73247],[-120.61332,39.73303]]}},{"type":"Feature","properties":{"unit_id":115,"landing_id":2,"span_ft":364.0,"deflection_pct":10.3,"min_clear_ft":12.3,"downhill":0,"span_class":"Small yarder"},"geometry":{"type":"LineString","coordinates":[[-120.61422,39.73247],[-120.61309,39.73295]]}},{"type":"Feature","properties":{"unit_id":115,"landing_id":2,"span_ft":426.0,"deflection_pct":8.8,"min_clear_ft":12.2,"downhill":0,"span_class":"Small yarder"},"geometry":{"type":"LineString","coordinates":[[-120.61422,39.73247],[-120.61279,39.73285]]}},{"type":"Feature","properties":{"unit_id":115,"landing_id":2,"span_ft":538.0,"deflection_pct":7.8,"min_clear_ft":12.8,"downhill":0,"span_class":"Small yarder"},"geometry":{"type":"LineString","coordinates":[[-120.61422,39.73247],[-120.61234,39.7327]]}},{"type":"Feature","properties":{"unit_id":115,"landing_id":2,"span_ft":534.0,"deflection_pct":7.5,"min_clear_ft":12.7,"downhill":0,"span_class":"Small yarder"},"geometry":{"type":"LineString","coordinates":[[-120.61422,39.73247],[-120.61233,39.73244]]}},{"type":"Feature","properties":{"unit_id":115,"landing_id":2,"span_ft":542.0,"deflection_pct":6.9,"min_clear_ft":12.2,"downhill":0,"span_class":"Small yarder"},"geometry":{"type":"LineString","coordinates":[[-120.61422,39.73247],[-120.61233,39.73219]]}},{"type":"Feature","properties":{"unit_id":115,"landing_id":2,"span_ft":565.0,"deflection_pct":6.5,"min_clear_ft":11.6,"downhill":0,"span_class":"Small yarder"},"geometry":{"type":"LineString","coordinates":[[-120.61422,39.73247],[-120.61235,39.73191]]}},{"type":"Feature","properties":{"unit_id":115,"landing_id":2,"span_ft":448.0,"deflection_pct":7.8,"min_clear_ft":12.4,"downhill":1,"span_class":"Small yarder"},"geometry":{"type":"LineString","coordinates":[[-120.61422,39.73247],[-120.6158,39.73227]]}},{"type":"Feature","properties":{"unit_id":115,"landing_id":2,"span_ft":455.0,"deflection_pct":7.4,"min_clear_ft":12.4,"downhill":1,"span_class":"Small yarder"},"geometry":{"type":"LineString","coordinates":[[-120.61422,39.73247],[-120.61584,39.73249]]}},{"type":"Feature","properties":{"unit_id":115,"landing_id":2,"span_ft":470.0,"deflection_pct":7.5,"min_clear_ft":11.8,"downhill":1,"span_class":"Small yarder"},"geometry":{"type":"LineString","coordinates":[[-120.61422,39.73247],[-120.61586,39.73271]]}},{"type":"Feature","properties":{"unit_id":115,"landing_id":2,"span_ft":419.0,"deflection_pct":8.4,"min_clear_ft":11.7,"downhill":1,"span_class":"Small yarder"},"geometry":{"type":"LineString","coordinates":[[-120.61422,39.73247],[-120.61562,39.73288]]}},{"type":"Feature","properties":{"unit_id":115,"landing_id":2,"span_ft":372.0,"deflection_pct":9.7,"min_clear_ft":11.9,"downhill":1,"span_class":"Small yarder"},"geometry":{"type":"LineString","coordinates":[[-120.61422,39.73247],[-120.61536,39.73299]]}},{"type":"Feature","properties":{"unit_id":115,"landing_id":2,"span_ft":343.0,"deflection_pct":10.9,"min_clear_ft":11.6,"downhill":1,"span_class":"Small yarder"},"geometry":{"type":"LineString","coordinates":[[-120.61422,39.73247],[-120.61515,39.73308]]}},{"type":"Feature","properties":{"unit_id":115,"landing_id":2,"span_ft":326.0,"deflection_pct":10.9,"min_clear_ft":11.2,"downhill":1,"span_class":"Small yarder"},"geometry":{"type":"LineString","coordinates":[[-120.61422,39.73247],[-120.61496,39.73316]]}},{"type":"Feature","properties":{"unit_id":115,"landing_id":2,"span_ft":317.0,"deflection_pct":10.1,"min_clear_ft":11.4,"downhill":1,"span_class":"Small yarder"},"geometry":{"type":"LineString","coordinates":[[-120.61422,39.73247],[-120.61477,39.73323]]}},{"type":"Feature","properties":{"unit_id":115,"landing_id":2,"span_ft":316.0,"deflection_pct":9.3,"min_clear_ft":11.4,"downhill":1,"span_class":"Small yarder"},"geometry":{"type":"LineString","coordinates":[[-120.61422,39.73247],[-120.61459,39.73328]]}},{"type":"Feature","properties":{"unit_id":115,"landing_id":2,"span_ft":304.0,"deflection_pct":9.8,"min_clear_ft":12.1,"downhill":1,"span_class":"Small yarder"},"geometry":{"type":"LineString","coordinates":[[-120.61422,39.73247],[-120.6144,39.73329]]}},{"type":"Feature","properties":{"unit_id":115,"landing_id":3,"span_ft":1036.0,"deflection_pct":6.1,"min_clear_ft":13.2,"downhill":0,"span_class":"Medium yarder"},"geometry":{"type":"LineString","coordinates":[[-120.61441,39.73038],[-120.6131,39.73304]]}},{"type":"Feature","properties":{"unit_id":115,"landing_id":3,"span_ft":1045.0,"deflection_pct":6.1,"min_clear_ft":12.1,"downhill":0,"span_class":"Medium yarder"},"geometry":{"type":"LineString","coordinates":[[-120.61441,39.73038],[-120.6125,39.73284]]}},{"type":"Feature","properties":{"unit_id":115,"landing_id":3,"span_ft":593.0,"deflection_pct":6.4,"min_clear_ft":11.7,"downhill":0,"span_class":"Small yarder"},"geometry":{"type":"LineString","coordinates":[[-120.61441,39.73038],[-120.6123,39.73036]]}},{"type":"Feature","properties":{"unit_id":115,"landing_id":3,"span_ft":929.0,"deflection_pct":6.3,"min_clear_ft":11.0,"downhill":1,"span_class":"Small yarder"},"geometry":{"type":"LineString","coordinates":[[-120.61441,39.73038],[-120.61697,39.72877]]}},{"type":"Feature","properties":{"unit_id":115,"landing_id":3,"span_ft":868.0,"deflection_pct":6.1,"min_clear_ft":12.1,"downhill":1,"span_class":"Small yarder"},"geometry":{"type":"LineString","coordinates":[[-120.61441,39.73038],[-120.61711,39.72922]]}},{"type":"Feature","properties":{"unit_id":115,"landing_id":4,"span_ft":396.0,"deflection_pct":11.0,"min_clear_ft":11.0,"downhill":1,"span_class":"Small yarder"},"geometry":{"type":"LineString","coordinates":[[-120.6159,39.72858],[-120.61663,39.72765]]}},{"type":"Feature","properties":{"unit_id":115,"landing_id":4,"span_ft":350.0,"deflection_pct":14.9,"min_clear_ft":11.3,"downhill":1,"span_class":"Small yarder"},"geometry":{"type":"LineString","coordinates":[[-120.6159,39.72858],[-120.61672,39.72785]]}},{"type":"Feature","properties":{"unit_id":115,"landing_id":4,"span_ft":323.0,"deflection_pct":13.4,"min_clear_ft":16.0,"downhill":1,"span_class":"Small yarder"},"geometry":{"type":"LineString","coordinates":[[-120.6159,39.72858],[-120.61679,39.72802]]}},{"type":"Feature","properties":{"unit_id":115,"landing_id":4,"span_ft":306.0,"deflection_pct":10.5,"min_clear_ft":13.3,"downhill":1,"span_class":"Small yarder"},"geometry":{"type":"LineString","coordinates":[[-120.6159,39.72858],[-120.61686,39.72817]]}},{"type":"Feature","properties":{"unit_id":115,"landing_id":4,"span_ft":298.0,"deflection_pct":7.8,"min_clear_ft":11.8,"downhill":1,"span_class":"Small yarder"},"geometry":{"type":"LineString","coordinates":[[-120.6159,39.72858],[-120.6169,39.72831]]}},{"type":"Feature","properties":{"unit_id":115,"landing_id":4,"span_ft":296.0,"deflection_pct":7.5,"min_clear_ft":11.5,"downhill":1,"span_class":"Small yarder"},"geometry":{"type":"LineString","coordinates":[[-120.6159,39.72858],[-120.61694,39.72845]]}},{"type":"Feature","properties":{"unit_id":115,"landing_id":4,"span_ft":300.0,"deflection_pct":7.8,"min_clear_ft":11.0,"downhill":1,"span_class":"Small yarder"},"geometry":{"type":"LineString","coordinates":[[-120.6159,39.72858],[-120.61697,39.72859]]}},{"type":"Feature","properties":{"unit_id":115,"landing_id":4,"span_ft":310.0,"deflection_pct":8.6,"min_clear_ft":10.5,"downhill":1,"span_class":"Small yarder"},"geometry":{"type":"LineString","coordinates":[[-120.6159,39.72858],[-120.61699,39.72874]]}},{"type":"Feature","properties":{"unit_id":115,"landing_id":4,"span_ft":329.0,"deflection_pct":9.4,"min_clear_ft":10.6,"downhill":1,"span_class":"Small yarder"},"geometry":{"type":"LineString","coordinates":[[-120.6159,39.72858],[-120.617,39.7289]]}},{"type":"Feature","properties":{"unit_id":115,"landing_id":4,"span_ft":361.0,"deflection_pct":10.5,"min_clear_ft":11.6,"downhill":1,"span_class":"Small yarder"},"geometry":{"type":"LineString","coordinates":[[-120.6159,39.72858],[-120.617,39.72909]]}},{"type":"Feature","properties":{"unit_id":115,"landing_id":4,"span_ft":413.0,"deflection_pct":10.0,"min_clear_ft":11.6,"downhill":1,"span_class":"Small yarder"},"geometry":{"type":"LineString","coordinates":[[-120.6159,39.72858],[-120.61701,39.72932]]}},{"type":"Feature","properties":{"unit_id":115,"landing_id":4,"span_ft":508.0,"deflection_pct":7.7,"min_clear_ft":10.4,"downhill":1,"span_class":"Small yarder"},"geometry":{"type":"LineString","coordinates":[[-120.6159,39.72858],[-120.61704,39.72966]]}},{"type":"Feature","properties":{"unit_id":115,"landing_id":6,"span_ft":558.0,"deflection_pct":9.8,"min_clear_ft":11.5,"downhill":1,"span_class":"Small yarder"},"geometry":{"type":"LineString","coordinates":[[-120.61615,39.7305],[-120.61612,39.73203]]}},{"type":"Feature","properties":{"unit_id":115,"landing_id":6,"span_ft":486.0,"deflection_pct":7.7,"min_clear_ft":11.3,"downhill":1,"span_class":"Small yarder"},"geometry":{"type":"LineString","coordinates":[[-120.61615,39.7305],[-120.61704,39.72936]]}},{"type":"Feature","properties":{"unit_id":115,"landing_id":6,"span_ft":427.0,"deflection_pct":9.1,"min_clear_ft":11.8,"downhill":1,"span_class":"Small yarder"},"geometry":{"type":"LineString","coordinates":[[-120.61615,39.7305],[-120.61714,39.72962]]}},{"type":"Feature","properties":{"unit_id":115,"landing_id":6,"span_ft":391.0,"deflection_pct":9.4,"min_clear_ft":11.6,"downhill":1,"span_class":"Small yarder"},"geometry":{"type":"LineString","coordinates":[[-120.61615,39.7305],[-120.61723,39.72983]]}},{"type":"Feature","properties":{"unit_id":115,"landing_id":6,"span_ft":369.0,"deflection_pct":10.5,"min_clear_ft":11.6,"downhill":1,"span_class":"Small yarder"},"geometry":{"type":"LineString","coordinates":[[-120.61615,39.7305],[-120.6173,39.73001]]}},{"type":"Feature","properties":{"unit_id":115,"landing_id":6,"span_ft":358.0,"deflection_pct":10.8,"min_clear_ft":12.9,"downhill":1,"span_class":"Small yarder"},"geometry":{"type":"LineString","coordinates":[[-120.61615,39.7305],[-120.61735,39.73018]]}},{"type":"Feature","properties":{"unit_id":115,"landing_id":6,"span_ft":355.0,"deflection_pct":10.2,"min_clear_ft":11.4,"downhill":1,"span_class":"Small yarder"},"geometry":{"type":"LineString","coordinates":[[-120.61615,39.7305],[-120.6174,39.73035]]}},{"type":"Feature","properties":{"unit_id":115,"landing_id":6,"span_ft":360.0,"deflection_pct":10.1,"min_clear_ft":12.4,"downhill":1,"span_class":"Small yarder"},"geometry":{"type":"LineString","coordinates":[[-120.61615,39.7305],[-120.61743,39.73052]]}},{"type":"Feature","properties":{"unit_id":115,"landing_id":6,"span_ft":374.0,"deflection_pct":10.0,"min_clear_ft":11.6,"downhill":1,"span_class":"Small yarder"},"geometry":{"type":"LineString","coordinates":[[-120.61615,39.7305],[-120.61746,39.7307]]}},{"type":"Feature","properties":{"unit_id":115,"landing_id":6,"span_ft":399.0,"deflection_pct":9.1,"min_clear_ft":12.5,"downhill":1,"span_class":"Small yarder"},"geometry":{"type":"LineString","coordinates":[[-120.61615,39.7305],[-120.61748,39.73089]]}},{"type":"Feature","properties":{"unit_id":115,"landing_id":6,"span_ft":394.0,"deflection_pct":8.2,"min_clear_ft":11.5,"downhill":1,"span_class":"Small yarder"},"geometry":{"type":"LineString","coordinates":[[-120.61615,39.7305],[-120.61735,39.73106]]}},{"type":"Feature","properties":{"unit_id":115,"landing_id":6,"span_ft":390.0,"deflection_pct":8.2,"min_clear_ft":11.4,"downhill":1,"span_class":"Small yarder"},"geometry":{"type":"LineString","coordinates":[[-120.61615,39.7305],[-120.6172,39.7312]]}},{"type":"Feature","properties":{"unit_id":115,"landing_id":6,"span_ft":395.0,"deflection_pct":8.9,"min_clear_ft":11.1,"downhill":1,"span_class":"Small yarder"},"geometry":{"type":"LineString","coordinates":[[-120.61615,39.7305],[-120.61704,39.73134]]}},{"type":"Feature","properties":{"unit_id":115,"landing_id":6,"span_ft":410.0,"deflection_pct":7.5,"min_clear_ft":11.0,"downhill":1,"span_class":"Small yarder"},"geometry":{"type":"LineString","coordinates":[[-120.61615,39.7305],[-120.61686,39.73149]]}},{"type":"Feature","properties":{"unit_id":115,"landing_id":6,"span_ft":437.0,"deflection_pct":7.7,"min_clear_ft":13.1,"downhill":1,"span_class":"Small yarder"},"geometry":{"type":"LineString","coordinates":[[-120.61615,39.7305],[-120.61666,39.73164]]}},{"type":"Feature","properties":{"unit_id":115,"landing_id":6,"span_ft":482.0,"deflection_pct":9.7,"min_clear_ft":13.0,"downhill":1,"span_class":"Small yarder"},"geometry":{"type":"LineString","coordinates":[[-120.61615,39.7305],[-120.61642,39.73181]]}},{"type":"Feature","properties":{"unit_id":115,"landing_id":8,"span_ft":685.0,"deflection_pct":6.0,"min_clear_ft":11.0,"downhill":0,"span_class":"Small yarder"},"geometry":{"type":"LineString","coordinates":[[-120.61474,39.73015],[-120.6123,39.73012]]}},{"type":"Feature","properties":{"unit_id":115,"landing_id":8,"span_ft":1041.0,"deflection_pct":6.5,"min_clear_ft":10.4,"downhill":1,"span_class":"Medium yarder"},"geometry":{"type":"LineString","coordinates":[[-120.61474,39.73015],[-120.61664,39.72769]]}},{"type":"Feature","properties":{"unit_id":115,"landing_id":8,"span_ft":757.0,"deflection_pct":6.3,"min_clear_ft":11.9,"downhill":1,"span_class":"Small yarder"},"geometry":{"type":"LineString","coordinates":[[-120.61474,39.73015],[-120.61709,39.72914]]}},{"type":"Feature","properties":{"unit_id":115,"landing_id":8,"span_ft":730.0,"deflection_pct":7.0,"min_clear_ft":12.3,"downhill":1,"span_class":"Small yarder"},"geometry":{"type":"LineString","coordinates":[[-120.61474,39.73015],[-120.61719,39.72949]]}},{"type":"Feature","properties":{"unit_id":115,"landing_id":9,"span_ft":395.0,"deflection_pct":7.9,"min_clear_ft":11.8,"downhill":1,"span_class":"Small yarder"},"geometry":{"type":"LineString","coordinates":[[-120.61427,39.73219],[-120.61425,39.73328]]}},{"type":"Feature","properties":{"unit_id":115,"landing_id":9,"span_ft":387.0,"deflection_pct":9.1,"min_clear_ft":12.1,"downhill":1,"span_class":"Small yarder"},"geometry":{"type":"LineString","coordinates":[[-120.61427,39.73219],[-120.61401,39.73323]]}},{"type":"Feature","properties":{"unit_id":115,"landing_id":9,"span_ft":387.0,"deflection_pct":9.7,"min_clear_ft":12.0,"downhill":1,"span_class":"Small yarder"},"geometry":{"type":"LineString","coordinates":[[-120.61427,39.73219],[-120.61378,39.73318]]}},{"type":"Feature","properties":{"unit_id":115,"landing_id":9,"span_ft":396.0,"deflection_pct":9.8,"min_clear_ft":13.0,"downhill":0,"span_class":"Small yarder"},"geometry":{"type":"LineString","coordinates":[[-120.61427,39.73219],[-120.61355,39.73313]]}},{"type":"Feature","properties":{"unit_id":115,"landing_id":9,"span_ft":416.0,"deflection_pct":9.6,"min_clear_ft":11.2,"downhill":0,"span_class":"Small yarder"},"geometry":{"type":"LineString","coordinates":[[-120.61427,39.73219],[-120.61331,39.73306]]}},{"type":"Feature","properties":{"unit_id":115,"landing_id":9,"span_ft":450.0,"deflection_pct":9.3,"min_clear_ft":13.2,"downhill":0,"span_class":"Small yarder"},"geometry":{"type":"LineString","coordinates":[[-120.61427,39.73219],[-120.61303,39.73297]]}},{"type":"Feature","properties":{"unit_id":115,"landing_id":9,"span_ft":506.0,"deflection_pct":8.3,"min_clear_ft":12.5,"downhill":0,"span_class":"Small yarder"},"geometry":{"type":"LineString","coordinates":[[-120.61427,39.73219],[-120.6127,39.73287]]}},{"type":"Feature","properties":{"unit_id":115,"landing_id":9,"span_ft":573.0,"deflection_pct":8.3,"min_clear_ft":14.3,"downhill":0,"span_class":"Small yarder"},"geometry":{"type":"LineString","coordinates":[[-120.61427,39.73219],[-120.61235,39.73271]]}},{"type":"Feature","properties":{"unit_id":115,"landing_id":9,"span_ft":553.0,"deflection_pct":7.5,"min_clear_ft":13.0,"downhill":0,"span_class":"Small yarder"},"geometry":{"type":"LineString","coordinates":[[-120.61427,39.73219],[-120.61233,39.73243]]}},{"type":"Feature","properties":{"unit_id":115,"landing_id":9,"span_ft":548.0,"deflection_pct":7.3,"min_clear_ft":12.4,"downhill":0,"span_class":"Small yarder"},"geometry":{"type":"LineString","coordinates":[[-120.61427,39.73219],[-120.61232,39.73217]]}},{"type":"Feature","properties":{"unit_id":115,"landing_id":9,"span_ft":557.0,"deflection_pct":7.0,"min_clear_ft":11.4,"downhill":0,"span_class":"Small yarder"},"geometry":{"type":"LineString","coordinates":[[-120.61427,39.73219],[-120.61233,39.7319]]}},{"type":"Feature","properties":{"unit_id":115,"landing_id":9,"span_ft":581.0,"deflection_pct":7.1,"min_clear_ft":11.7,"downhill":0,"span_class":"Small yarder"},"geometry":{"type":"LineString","coordinates":[[-120.61427,39.73219],[-120.61234,39.73162]]}},{"type":"Feature","properties":{"unit_id":115,"landing_id":9,"span_ft":400.0,"deflection_pct":9.1,"min_clear_ft":12.3,"downhill":1,"span_class":"Small yarder"},"geometry":{"type":"LineString","coordinates":[[-120.61427,39.73219],[-120.6157,39.73221]]}},{"type":"Feature","properties":{"unit_id":115,"landing_id":9,"span_ft":443.0,"deflection_pct":7.6,"min_clear_ft":11.7,"downhill":1,"span_class":"Small yarder"},"geometry":{"type":"LineString","coordinates":[[-120.61427,39.73219],[-120.61582,39.73242]]}},{"type":"Feature","properties":{"unit_id":115,"landing_id":9,"span_ft":469.0,"deflection_pct":6.6,"min_clear_ft":12.2,"downhill":1,"span_class":"Small yarder"},"geometry":{"type":"LineString","coordinates":[[-120.61427,39.73219],[-120.61583,39.73265]]}},{"type":"Feature","properties":{"unit_id":115,"landing_id":9,"span_ft":483.0,"deflection_pct":6.9,"min_clear_ft":12.2,"downhill":1,"span_class":"Small yarder"},"geometry":{"type":"LineString","coordinates":[[-120.61427,39.73219],[-120.61575,39.73287]]}},{"type":"Feature","properties":{"unit_id":115,"landing_id":9,"span_ft":442.0,"deflection_pct":7.8,"min_clear_ft":12.3,"downhill":1,"span_class":"Small yarder"},"geometry":{"type":"LineString","coordinates":[[-120.61427,39.73219],[-120.61546,39.73299]]}},{"type":"Feature","properties":{"unit_id":115,"landing_id":9,"span_ft":418.0,"deflection_pct":8.8,"min_clear_ft":12.7,"downhill":1,"span_class":"Small yarder"},"geometry":{"type":"LineString","coordinates":[[-120.61427,39.73219],[-120.61521,39.73308]]}},{"type":"Feature","properties":{"unit_id":115,"landing_id":9,"span_ft":406.0,"deflection_pct":9.5,"min_clear_ft":10.7,"downhill":1,"span_class":"Small yarder"},"geometry":{"type":"LineString","coordinates":[[-120.61427,39.73219],[-120.61498,39.73317]]}},{"type":"Feature","properties":{"unit_id":115,"landing_id":9,"span_ft":404.0,"deflection_pct":8.6,"min_clear_ft":10.8,"downhill":1,"span_class":"Small yarder"},"geometry":{"type":"LineString","coordinates":[[-120.61427,39.73219],[-120.61474,39.73324]]}},{"type":"Feature","properties":{"unit_id":115,"landing_id":9,"span_ft":411.0,"deflection_pct":7.4,"min_clear_ft":11.1,"downhill":1,"span_class":"Small yarder"},"geometry":{"type":"LineString","coordinates":[[-120.61427,39.73219],[-120.61451,39.7333]]}},{"type":"Feature","properties":{"unit_id":115,"landing_id":10,"span_ft":1102.0,"deflection_pct":7.6,"min_clear_ft":12.9,"downhill":1,"span_class":"Medium yarder"},"geometry":{"type":"LineString","coordinates":[[-120.61226,39.73358],[-120.61569,39.73211]]}},{"type":"Feature","properties":{"unit_id":115,"landing_id":10,"span_ft":1070.0,"deflection_pct":7.3,"min_clear_ft":12.4,"downhill":1,"span_class":"Medium yarder"},"geometry":{"type":"LineString","coordinates":[[-120.61226,39.73358],[-120.61586,39.73262]]}},{"type":"Feature","properties":{"unit_id":115,"landing_id":11,"span_ft":621.0,"deflection_pct":6.9,"min_clear_ft":11.9,"downhill":0,"span_class":"Small yarder"},"geometry":{"type":"LineString","coordinates":[[-120.61609,39.72781],[-120.61537,39.7262]]}},{"type":"Feature","properties":{"unit_id":115,"landing_id":11,"span_ft":333.0,"deflection_pct":6.7,"min_clear_ft":10.2,"downhill":0,"span_class":"Small yarder"},"geometry":{"type":"LineString","coordinates":[[-120.61609,39.72781],[-120.61632,39.72691]]}},{"type":"Feature","properties":{"unit_id":115,"landing_id":11,"span_ft":277.0,"deflection_pct":9.9,"min_clear_ft":10.6,"downhill":1,"span_class":"Small yarder"},"geometry":{"type":"LineString","coordinates":[[-120.61609,39.72781],[-120.61644,39.7271]]}},{"type":"Feature","properties":{"unit_id":115,"landing_id":11,"span_ft":239.0,"deflection_pct":12.3,"min_clear_ft":11.2,"downhill":1,"span_class":"Small yarder"},"geometry":{"type":"LineString","coordinates":[[-120.61609,39.72781],[-120.61653,39.72725]]}},{"type":"Feature","properties":{"unit_id":115,"landing_id":11,"span_ft":218.0,"deflection_pct":13.2,"min_clear_ft":11.7,"downhill":1,"span_class":"Small yarder"},"geometry":{"type":"LineString","coordinates":[[-120.61609,39.72781],[-120.6166,39.72736]]}},{"type":"Feature","properties":{"unit_id":115,"landing_id":11,"span_ft":205.0,"deflection_pct":14.2,"min_clear_ft":12.3,"downhill":1,"span_class":"Small yarder"},"geometry":{"type":"LineString","coordinates":[[-120.61609,39.72781],[-120.61666,39.72746]]}},{"type":"Feature","properties":{"unit_id":115,"landing_id":11,"span_ft":208.0,"deflection_pct":10.0,"min_clear_ft":10.7,"downhill":1,"span_class":"Small yarder"},"geometry":{"type":"LineString","coordinates":[[-120.61609,39.72781],[-120.61678,39.72801]]}},{"type":"Feature","properties":{"unit_id":115,"landing_id":11,"span_ft":223.0,"deflection_pct":8.9,"min_clear_ft":11.3,"downhill":1,"span_class":"Small yarder"},"geometry":{"type":"LineString","coordinates":[[-120.61609,39.72781],[-120.61677,39.72812]]}},{"type":"Feature","properties":{"unit_id":115,"landing_id":11,"span_ft":248.0,"deflection_pct":11.2,"min_clear_ft":11.9,"downhill":1,"span_class":"Small yarder"},"geometry":{"type":"LineString","coordinates":[[-120.61609,39.72781],[-120.61676,39.72826]]}},{"type":"Feature","properties":{"unit_id":115,"landing_id":11,"span_ft":292.0,"deflection_pct":11.9,"min_clear_ft":14.5,"downhill":1,"span_class":"Small yarder"},"geometry":{"type":"LineString","coordinates":[[-120.61609,39.72781],[-120.61675,39.72843]]}},{"type":"Feature","properties":{"unit_id":115,"landing_id":11,"span_ft":388.0,"deflection_pct":13.7,"min_clear_ft":10.5,"downhill":1,"span_class":"Small yarder"},"geometry":{"type":"LineString","coordinates":[[-120.61609,39.72781],[-120.61677,39.72874]]}},{"type":"Feature","properties":{"unit_id":116,"landing_id":5,"span_ft":461.0,"deflection_pct":6.4,"min_clear_ft":11.2,"downhill":0,"span_class":"Small yarder"},"geometry":{"type":"LineString","coordinates":[[-120.61002,39.73927],[-120.60848,39.73882]]}},{"type":"Feature","properties":{"unit_id":116,"landing_id":5,"span_ft":410.0,"deflection_pct":8.2,"min_clear_ft":10.7,"downhill":0,"span_class":"Small yarder"},"geometry":{"type":"LineString","coordinates":[[-120.61002,39.73927],[-120.60877,39.73869]]}},{"type":"Feature","properties":{"unit_id":116,"landing_id":5,"span_ft":377.0,"deflection_pct":9.2,"min_clear_ft":10.6,"downhill":1,"span_class":"Small yarder"},"geometry":{"type":"LineString","coordinates":[[-120.61002,39.73927],[-120.609,39.73859]]}},{"type":"Feature","properties":{"unit_id":116,"landing_id":5,"span_ft":345.0,"deflection_pct":9.2,"min_clear_ft":11.1,"downhill":1,"span_class":"Small yarder"},"geometry":{"type":"LineString","coordinates":[[-120.61002,39.73927],[-120.60924,39.73853]]}},{"type":"Feature","properties":{"unit_id":116,"landing_id":5,"span_ft":327.0,"deflection_pct":9.3,"min_clear_ft":11.4,"downhill":1,"span_class":"Small yarder"},"geometry":{"type":"LineString","coordinates":[[-120.61002,39.73927],[-120.60945,39.73849]]}},{"type":"Feature","properties":{"unit_id":116,"landing_id":5,"span_ft":317.0,"deflection_pct":8.9,"min_clear_ft":11.1,"downhill":1,"span_class":"Small yarder"},"geometry":{"type":"LineString","coordinates":[[-120.61002,39.73927],[-120.60965,39.73845]]}},{"type":"Feature","properties":{"unit_id":116,"landing_id":5,"span_ft":314.0,"deflection_pct":9.0,"min_clear_ft":11.0,"downhill":1,"span_class":"Small yarder"},"geometry":{"type":"LineString","coordinates":[[-120.61002,39.73927],[-120.60984,39.73842]]}},{"type":"Feature","properties":{"unit_id":116,"landing_id":5,"span_ft":317.0,"deflection_pct":8.4,"min_clear_ft":10.9,"downhill":1,"span_class":"Small yarder"},"geometry":{"type":"LineString","coordinates":[[-120.61002,39.73927],[-120.61003,39.7384]]}},{"type":"Feature","properties":{"unit_id":116,"landing_id":5,"span_ft":328.0,"deflection_pct":9.3,"min_clear_ft":11.3,"downhill":1,"span_class":"Small yarder"},"geometry":{"type":"LineString","coordinates":[[-120.61002,39.73927],[-120.61024,39.73838]]}},{"type":"Feature","properties":{"unit_id":116,"landing_id":5,"span_ft":348.0,"deflection_pct":9.2,"min_clear_ft":10.8,"downhill":1,"span_class":"Small yarder"},"geometry":{"type":"LineString","coordinates":[[-120.61002,39.73927],[-120.61046,39.73838]]}},{"type":"Feature","properties":{"unit_id":116,"landing_id":5,"span_ft":381.0,"deflection_pct":8.8,"min_clear_ft":10.7,"downhill":1,"span_class":"Small yarder"},"geometry":{"type":"LineString","coordinates":[[-120.61002,39.73927],[-120.61071,39.73837]]}},{"type":"Feature","properties":{"unit_id":116,"landing_id":5,"span_ft":437.0,"deflection_pct":7.3,"min_clear_ft":10.7,"downhill":1,"span_class":"Small yarder"},"geometry":{"type":"LineString","coordinates":[[-120.61002,39.73927],[-120.61103,39.73836]]}},{"type":"Feature","properties":{"unit_id":116,"landing_id":7,"span_ft":488.0,"deflection_pct":7.1,"min_clear_ft":11.4,"downhill":0,"span_class":"Small yarder"},"geometry":{"type":"LineString","coordinates":[[-120.60997,39.73958],[-120.60866,39.7387]]}},{"type":"Feature","properties":{"unit_id":116,"landing_id":7,"span_ft":463.0,"deflection_pct":7.9,"min_clear_ft":10.8,"downhill":1,"span_class":"Small yarder"},"geometry":{"type":"LineString","coordinates":[[-120.60997,39.73958],[-120.60894,39.73859]]}},{"type":"Feature","properties":{"unit_id":116,"landing_id":7,"span_ft":441.0,"deflection_pct":7.7,"min_clear_ft":11.0,"downhill":1,"span_class":"Small yarder"},"geometry":{"type":"LineString","coordinates":[[-120.60997,39.73958],[-120.60921,39.73852]]}},{"type":"Feature","properties":{"unit_id":116,"landing_id":7,"span_ft":426.0,"deflection_pct":7.4,"min_clear_ft":11.3,"downhill":1,"span_class":"Small yarder"},"geometry":{"type":"LineString","coordinates":[[-120.60997,39.73958],[-120.60948,39.73847]]}},{"type":"Feature","properties":{"unit_id":116,"landing_id":7,"span_ft":422.0,"deflection_pct":7.3,"min_clear_ft":11.1,"downhill":1,"span_class":"Small yarder"},"geometry":{"type":"LineString","coordinates":[[-120.60997,39.73958],[-120.60974,39.73843]]}},{"type":"Feature","properties":{"unit_id":116,"landing_id":7,"span_ft":428.0,"deflection_pct":7.4,"min_clear_ft":10.9,"downhill":1,"span_class":"Small yarder"},"geometry":{"type":"LineString","coordinates":[[-120.60997,39.73958],[-120.61,39.7384]]}},{"type":"Feature","properties":{"unit_id":116,"landing_id":7,"span_ft":444.0,"deflection_pct":7.7,"min_clear_ft":11.3,"downhill":1,"span_class":"Small yarder"},"geometry":{"type":"LineString","coordinates":[[-120.60997,39.73958],[-120.61027,39.73838]]}},{"type":"Feature","properties":{"unit_id":116,"landing_id":7,"span_ft":474.0,"deflection_pct":7.7,"min_clear_ft":10.5,"downhill":1,"span_class":"Small yarder"},"geometry":{"type":"LineString","coordinates":[[-120.60997,39.73958],[-120.61058,39.73836]]}},{"type":"Feature","properties":{"unit_id":116,"landing_id":7,"span_ft":524.0,"deflection_pct":7.3,"min_clear_ft":10.5,"downhill":1,"span_class":"Small yarder"},"geometry":{"type":"LineString","coordinates":[[-120.60997,39.73958],[-120.61093,39.73834]]}},{"type":"Feature","properties":{"unit_id":116,"landing_id":7,"span_ft":608.0,"deflection_pct":6.7,"min_clear_ft":10.4,"downhill":1,"span_class":"Small yarder"},"geometry":{"type":"LineString","coordinates":[[-120.60997,39.73958],[-120.61139,39.73831]]}},{"type":"Feature","properties":{"unit_id":116,"landing_id":8,"span_ft":490.0,"deflection_pct":6.5,"min_clear_ft":11.4,"downhill":0,"span_class":"Small yarder"},"geometry":{"type":"LineString","coordinates":[[-120.61123,39.74144],[-120.6115,39.74276]]}},{"type":"Feature","properties":{"unit_id":117,"landing_id":1,"span_ft":1332.0,"deflection_pct":6.5,"min_clear_ft":11.2,"downhill":1,"span_class":"Medium yarder"},"geometry":{"type":"LineString","coordinates":[[-120.61678,39.72069],[-120.61272,39.71882]]}},{"type":"Feature","properties":{"unit_id":117,"landing_id":2,"span_ft":208.0,"deflection_pct":15.6,"min_clear_ft":11.1,"downhill":1,"span_class":"Small yarder"},"geometry":{"type":"LineString","coordinates":[[-120.61547,39.71881],[-120.61594,39.71925]]}},{"type":"Feature","properties":{"unit_id":117,"landing_id":2,"span_ft":324.0,"deflection_pct":8.9,"min_clear_ft":11.1,"downhill":1,"span_class":"Small yarder"},"geometry":{"type":"LineString","coordinates":[[-120.61547,39.71881],[-120.61603,39.71959]]}},{"type":"Feature","properties":{"unit_id":117,"landing_id":2,"span_ft":439.0,"deflection_pct":7.3,"min_clear_ft":10.5,"downhill":0,"span_class":"Small yarder"},"geometry":{"type":"LineString","coordinates":[[-120.61547,39.71881],[-120.61598,39.71995]]}},{"type":"Feature","properties":{"unit_id":117,"landing_id":2,"span_ft":523.0,"deflection_pct":6.3,"min_clear_ft":10.7,"downhill":0,"span_class":"Small yarder"},"geometry":{"type":"LineString","coordinates":[[-120.61547,39.71881],[-120.61577,39.72022]]}},{"type":"Feature","properties":{"unit_id":117,"landing_id":3,"span_ft":938.0,"deflection_pct":6.7,"min_clear_ft":11.5,"downhill":1,"span_class":"Small yarder"},"geometry":{"type":"LineString","coordinates":[[-120.61292,39.7182],[-120.61604,39.71912]]}},{"type":"Feature","properties":{"unit_id":117,"landing_id":3,"span_ft":1085.0,"deflection_pct":7.1,"min_clear_ft":10.4,"downhill":0,"span_class":"Medium yarder"},"geometry":{"type":"LineString","coordinates":[[-120.61292,39.7182],[-120.61623,39.71973]]}},{"type":"Feature","properties":{"unit_id":117,"landing_id":3,"span_ft":1121.0,"deflection_pct":6.7,"min_clear_ft":10.9,"downhill":0,"span_class":"Medium yarder"},"geometry":{"type":"LineString","coordinates":[[-120.61292,39.7182],[-120.61593,39.72021]]}},{"type":"Feature","properties":{"unit_id":117,"landing_id":5,"span_ft":684.0,"deflection_pct":7.8,"min_clear_ft":11.4,"downhill":0,"span_class":"Small yarder"},"geometry":{"type":"LineString","coordinates":[[-120.61395,39.71824],[-120.61603,39.71921]]}},{"type":"Feature","properties":{"unit_id":117,"landing_id":5,"span_ft":893.0,"deflection_pct":6.6,"min_clear_ft":10.9,"downhill":0,"span_class":"Small yarder"},"geometry":{"type":"LineString","coordinates":[[-120.61395,39.71824],[-120.61595,39.72014]]}},{"type":"Feature","properties":{"unit_id":117,"landing_id":6,"span_ft":635.0,"deflection_pct":7.0,"min_clear_ft":12.7,"downhill":0,"span_class":"Small yarder"},"geometry":{"type":"LineString","coordinates":[[-120.6159,39.71949],[-120.61379,39.71887]]}},{"type":"Feature","properties":{"unit_id":117,"landing_id":6,"span_ft":468.0,"deflection_pct":11.7,"min_clear_ft":12.5,"downhill":0,"span_class":"Small yarder"},"geometry":{"type":"LineString","coordinates":[[-120.6159,39.71949],[-120.61447,39.71883]]}},{"type":"Feature","properties":{"unit_id":117,"landing_id":6,"span_ft":388.0,"deflection_pct":14.5,"min_clear_ft":13.0,"downhill":0,"span_class":"Small yarder"},"geometry":{"type":"LineString","coordinates":[[-120.6159,39.71949],[-120.61486,39.71879]]}},{"type":"Feature","properties":{"unit_id":117,"landing_id":6,"span_ft":342.0,"deflection_pct":14.4,"min_clear_ft":10.9,"downhill":1,"span_class":"Small yarder"},"geometry":{"type":"LineString","coordinates":[[-120.6159,39.71949],[-120.61513,39.71876]]}},{"type":"Feature","properties":{"unit_id":117,"landing_id":6,"span_ft":314.0,"deflection_pct":12.0,"min_clear_ft":13.2,"downhill":1,"span_class":"Small yarder"},"geometry":{"type":"LineString","coordinates":[[-120.6159,39.71949],[-120.61536,39.71874]]}},{"type":"Feature","properties":{"unit_id":117,"landing_id":6,"span_ft":298.0,"deflection_pct":9.7,"min_clear_ft":11.3,"downhill":1,"span_class":"Small yarder"},"geometry":{"type":"LineString","coordinates":[[-120.6159,39.71949],[-120.61555,39.71872]]}},{"type":"Feature","properties":{"unit_id":117,"landing_id":8,"span_ft":266.0,"deflection_pct":7.6,"min_clear_ft":11.6,"downhill":1,"span_class":"Small yarder"},"geometry":{"type":"LineString","coordinates":[[-120.60806,39.7212],[-120.60791,39.72048]]}},{"type":"Feature","properties":{"unit_id":117,"landing_id":9,"span_ft":639.0,"deflection_pct":7.6,"min_clear_ft":13.6,"downhill":0,"span_class":"Small yarder"},"geometry":{"type":"LineString","coordinates":[[-120.61004,39.72063],[-120.6079,39.7212]]}},{"type":"Feature","properties":{"unit_id":117,"landing_id":9,"span_ft":691.0,"deflection_pct":8.3,"min_clear_ft":11.1,"downhill":0,"span_class":"Small yarder"},"geometry":{"type":"LineString","coordinates":[[-120.61004,39.72063],[-120.60762,39.72093]]}},{"type":"Feature","properties":{"unit_id":117,"landing_id":9,"span_ft":683.0,"deflection_pct":8.8,"min_clear_ft":11.4,"downhill":0,"span_class":"Small yarder"},"geometry":{"type":"LineString","coordinates":[[-120.61004,39.72063],[-120.60761,39.7206]]}},{"type":"Feature","properties":{"unit_id":117,"landing_id":9,"span_ft":693.0,"deflection_pct":8.9,"min_clear_ft":11.2,"downhill":0,"span_class":"Small yarder"},"geometry":{"type":"LineString","coordinates":[[-120.61004,39.72063],[-120.60762,39.72027]]}},{"type":"Feature","properties":{"unit_id":117,"landing_id":9,"span_ft":723.0,"deflection_pct":8.8,"min_clear_ft":10.3,"downhill":0,"span_class":"Small yarder"},"geometry":{"type":"LineString","coordinates":[[-120.61004,39.72063],[-120.60764,39.71992]]}},{"type":"Feature","properties":{"unit_id":117,"landing_id":9,"span_ft":778.0,"deflection_pct":9.7,"min_clear_ft":10.1,"downhill":1,"span_class":"Small yarder"},"geometry":{"type":"LineString","coordinates":[[-120.61004,39.72063],[-120.60767,39.71953]]}},{"type":"Feature","properties":{"unit_id":117,"landing_id":9,"span_ft":719.0,"deflection_pct":6.6,"min_clear_ft":11.6,"downhill":1,"span_class":"Small yarder"},"geometry":{"type":"LineString","coordinates":[[-120.61004,39.72063],[-120.60963,39.71868]]}},{"type":"Feature","properties":{"unit_id":117,"landing_id":9,"span_ft":711.0,"deflection_pct":8.0,"min_clear_ft":10.5,"downhill":1,"span_class":"Small yarder"},"geometry":{"type":"LineString","coordinates":[[-120.61004,39.72063],[-120.61008,39.71868]]}},{"type":"Feature","properties":{"unit_id":117,"landing_id":9,"span_ft":1064.0,"deflection_pct":6.5,"min_clear_ft":10.5,"downhill":1,"span_class":"Medium yarder"},"geometry":{"type":"LineString","coordinates":[[-120.61004,39.72063],[-120.61298,39.71878]]}},{"type":"Feature","properties":{"unit_id":117,"landing_id":10,"span_ft":918.0,"deflection_pct":6.7,"min_clear_ft":10.8,"downhill":1,"span_class":"Small yarder"},"geometry":{"type":"LineString","coordinates":[[-120.61277,39.72043],[-120.61599,39.72003]]}},{"type":"Feature","properties":{"unit_id":117,"landing_id":10,"span_ft":844.0,"deflection_pct":6.0,"min_clear_ft":11.7,"downhill":1,"span_class":"Small yarder"},"geometry":{"type":"LineString","coordinates":[[-120.61277,39.72043],[-120.61577,39.72047]]}},{"type":"Feature","properties":{"unit_id":118,"landing_id":2,"span_ft":279.0,"deflection_pct":10.2,"min_clear_ft":10.9,"downhill":0,"span_class":"Small yarder"},"geometry":{"type":"LineString","coordinates":[[-120.61012,39.73818],[-120.61011,39.73894]]}},{"type":"Feature","properties":{"unit_id":118,"landing_id":2,"span_ft":288.0,"deflection_pct":10.4,"min_clear_ft":11.4,"downhill":0,"span_class":"Small yarder"},"geometry":{"type":"LineString","coordinates":[[-120.61012,39.73818],[-120.60993,39.73895]]}},{"type":"Feature","properties":{"unit_id":118,"landing_id":2,"span_ft":304.0,"deflection_pct":9.8,"min_clear_ft":11.4,"downhill":0,"span_class":"Small yarder"},"geometry":{"type":"LineString","coordinates":[[-120.61012,39.73818],[-120.60974,39.73896]]}},{"type":"Feature","properties":{"unit_id":118,"landing_id":2,"span_ft":331.0,"deflection_pct":8.3,"min_clear_ft":10.8,"downhill":0,"span_class":"Small yarder"},"geometry":{"type":"LineString","coordinates":[[-120.61012,39.73818],[-120.60952,39.73896]]}},{"type":"Feature","properties":{"unit_id":118,"landing_id":2,"span_ft":377.0,"deflection_pct":6.8,"min_clear_ft":10.9,"downhill":0,"span_class":"Small yarder"},"geometry":{"type":"LineString","coordinates":[[-120.61012,39.73818],[-120.60925,39.73896]]}},{"type":"Feature","properties":{"unit_id":118,"landing_id":2,"span_ft":438.0,"deflection_pct":6.2,"min_clear_ft":10.9,"downhill":1,"span_class":"Small yarder"},"geometry":{"type":"LineString","coordinates":[[-120.61012,39.73818],[-120.61158,39.7386]]}},{"type":"Feature","properties":{"unit_id":118,"landing_id":2,"span_ft":370.0,"deflection_pct":7.3,"min_clear_ft":10.7,"downhill":1,"span_class":"Small yarder"},"geometry":{"type":"LineString","coordinates":[[-120.61012,39.73818],[-120.61125,39.7387]]}},{"type":"Feature","properties":{"unit_id":118,"landing_id":2,"span_ft":327.0,"deflection_pct":7.8,"min_clear_ft":10.9,"downhill":1,"span_class":"Small yarder"},"geometry":{"type":"LineString","coordinates":[[-120.61012,39.73818],[-120.611,39.73876]]}},{"type":"Feature","properties":{"unit_id":118,"landing_id":2,"span_ft":302.0,"deflection_pct":8.3,"min_clear_ft":10.2,"downhill":1,"span_class":"Small yarder"},"geometry":{"type":"LineString","coordinates":[[-120.61012,39.73818],[-120.6108,39.73882]]}},{"type":"Feature","properties":{"unit_id":118,"landing_id":2,"span_ft":286.0,"deflection_pct":8.9,"min_clear_ft":10.6,"downhill":1,"span_class":"Small yarder"},"geometry":{"type":"LineString","coordinates":[[-120.61012,39.73818],[-120.61062,39.73886]]}},{"type":"Feature","properties":{"unit_id":118,"landing_id":2,"span_ft":278.0,"deflection_pct":8.9,"min_clear_ft":10.6,"downhill":0,"span_class":"Small yarder"},"geometry":{"type":"LineString","coordinates":[[-120.61012,39.73818],[-120.61045,39.7389]]}},{"type":"Feature","properties":{"unit_id":118,"landing_id":2,"span_ft":276.0,"deflection_pct":10.5,"min_clear_ft":10.6,"downhill":0,"span_class":"Small yarder"},"geometry":{"type":"LineString","coordinates":[[-120.61012,39.73818],[-120.61028,39.73892]]}},{"type":"Feature","properties":{"unit_id":118,"landing_id":4,"span_ft":642.0,"deflection_pct":8.4,"min_clear_ft":10.8,"downhill":1,"span_class":"Small yarder"},"geometry":{"type":"LineString","coordinates":[[-120.61064,39.73495],[-120.61107,39.73322]]}},{"type":"Feature","properties":{"unit_id":118,"landing_id":4,"span_ft":669.0,"deflection_pct":7.9,"min_clear_ft":11.3,"downhill":1,"span_class":"Small yarder"},"geometry":{"type":"LineString","coordinates":[[-120.61064,39.73495],[-120.61149,39.73323]]}},{"type":"Feature","properties":{"unit_id":118,"landing_id":5,"span_ft":392.0,"deflection_pct":11.5,"min_clear_ft":10.8,"downhill":0,"span_class":"Small yarder"},"geometry":{"type":"LineString","coordinates":[[-120.61213,39.73377],[-120.61083,39.73339]]}},{"type":"Feature","properties":{"unit_id":118,"landing_id":5,"span_ft":301.0,"deflection_pct":16.2,"min_clear_ft":12.1,"downhill":0,"span_class":"Small yarder"},"geometry":{"type":"LineString","coordinates":[[-120.61213,39.73377],[-120.61121,39.73335]]}},{"type":"Feature","properties":{"unit_id":118,"landing_id":5,"span_ft":258.0,"deflection_pct":18.3,"min_clear_ft":13.4,"downhill":0,"span_class":"Small yarder"},"geometry":{"type":"LineString","coordinates":[[-120.61213,39.73377],[-120.61144,39.73331]]}},{"type":"Feature","properties":{"unit_id":118,"landing_id":5,"span_ft":233.0,"deflection_pct":18.7,"min_clear_ft":13.5,"downhill":0,"span_class":"Small yarder"},"geometry":{"type":"LineString","coordinates":[[-120.61213,39.73377],[-120.61161,39.73328]]}},{"type":"Feature","properties":{"unit_id":118,"landing_id":5,"span_ft":218.0,"deflection_pct":18.5,"min_clear_ft":13.5,"downhill":0,"span_class":"Small yarder"},"geometry":{"type":"LineString","coordinates":[[-120.61213,39.73377],[-120.61176,39.73325]]}},{"type":"Feature","properties":{"unit_id":118,"landing_id":5,"span_ft":209.0,"deflection_pct":18.9,"min_clear_ft":13.3,"downhill":0,"span_class":"Small yarder"},"geometry":{"type":"LineString","coordinates":[[-120.61213,39.73377],[-120.61189,39.73323]]}},{"type":"Feature","properties":{"unit_id":118,"landing_id":5,"span_ft":204.0,"deflection_pct":18.5,"min_clear_ft":13.0,"downhill":0,"span_class":"Small yarder"},"geometry":{"type":"LineString","coordinates":[[-120.61213,39.73377],[-120.61202,39.73322]]}},{"type":"Feature","properties":{"unit_id":118,"landing_id":5,"span_ft":202.0,"deflection_pct":17.9,"min_clear_ft":13.1,"downhill":0,"span_class":"Small yarder"},"geometry":{"type":"LineString","coordinates":[[-120.61213,39.73377],[-120.61214,39.73322]]}},{"type":"Feature","properties":{"unit_id":118,"landing_id":5,"span_ft":204.0,"deflection_pct":17.3,"min_clear_ft":13.0,"downhill":0,"span_class":"Small yarder"},"geometry":{"type":"LineString","coordinates":[[-120.61213,39.73377],[-120.61227,39.73322]]}},{"type":"Feature","properties":{"unit_id":118,"landing_id":6,"span_ft":438.0,"deflection_pct":8.3,"min_clear_ft":12.4,"downhill":0,"span_class":"Small yarder"},"geometry":{"type":"LineString","coordinates":[[-120.61388,39.73292],[-120.61232,39.73291]]}},{"type":"Feature","properties":{"unit_id":118,"landing_id":6,"span_ft":444.0,"deflection_pct":8.3,"min_clear_ft":12.5,"downhill":0,"span_class":"Small yarder"},"geometry":{"type":"LineString","coordinates":[[-120.61388,39.73292],[-120.61233,39.73269]]}},{"type":"Feature","properties":{"unit_id":118,"landing_id":6,"span_ft":266.0,"deflection_pct":13.8,"min_clear_ft":12.6,"downhill":1,"span_class":"Small yarder"},"geometry":{"type":"LineString","coordinates":[[-120.61388,39.73292],[-120.61476,39.73318]]}},{"type":"Feature","properties":{"unit_id":118,"landing_id":6,"span_ft":273.0,"deflection_pct":12.3,"min_clear_ft":12.5,"downhill":1,"span_class":"Small yarder"},"geometry":{"type":"LineString","coordinates":[[-120.61388,39.73292],[-120.61471,39.73331]]}},{"type":"Feature","properties":{"unit_id":118,"landing_id":6,"span_ft":286.0,"deflection_pct":10.7,"min_clear_ft":11.4,"downhill":1,"span_class":"Small yarder"},"geometry":{"type":"LineString","coordinates":[[-120.61388,39.73292],[-120.61464,39.73344]]}},{"type":"Feature","properties":{"unit_id":118,"landing_id":6,"span_ft":309.0,"deflection_pct":10.2,"min_clear_ft":11.2,"downhill":1,"span_class":"Small yarder"},"geometry":{"type":"LineString","coordinates":[[-120.61388,39.73292],[-120.61457,39.73358]]}},{"type":"Feature","properties":{"unit_id":118,"landing_id":6,"span_ft":346.0,"deflection_pct":9.0,"min_clear_ft":11.3,"downhill":1,"span_class":"Small yarder"},"geometry":{"type":"LineString","coordinates":[[-120.61388,39.73292],[-120.61447,39.73375]]}},{"type":"Feature","properties":{"unit_id":118,"landing_id":6,"span_ft":411.0,"deflection_pct":6.6,"min_clear_ft":10.8,"downhill":1,"span_class":"Small yarder"},"geometry":{"type":"LineString","coordinates":[[-120.61388,39.73292],[-120.61435,39.73399]]}},{"type":"Feature","properties":{"unit_id":118,"landing_id":7,"span_ft":716.0,"deflection_pct":6.1,"min_clear_ft":11.7,"downhill":1,"span_class":"Small yarder"},"geometry":{"type":"LineString","coordinates":[[-120.61438,39.73165],[-120.61435,39.73362]]}},{"type":"Feature","properties":{"unit_id":118,"landing_id":8,"span_ft":314.0,"deflection_pct":10.2,"min_clear_ft":11.9,"downhill":0,"span_class":"Small yarder"},"geometry":{"type":"LineString","coordinates":[[-120.61344,39.733],[-120.61232,39.73299]]}},{"type":"Feature","properties":{"unit_id":118,"landing_id":8,"span_ft":318.0,"deflection_pct":11.0,"min_clear_ft":12.4,"downhill":0,"span_class":"Small yarder"},"geometry":{"type":"LineString","coordinates":[[-120.61344,39.733],[-120.61233,39.73284]]}},{"type":"Feature","properties":{"unit_id":118,"landing_id":8,"span_ft":329.0,"deflection_pct":11.3,"min_clear_ft":12.3,"downhill":0,"span_class":"Small yarder"},"geometry":{"type":"LineString","coordinates":[[-120.61344,39.733],[-120.61234,39.73268]]}},{"type":"Feature","properties":{"unit_id":118,"landing_id":8,"span_ft":342.0,"deflection_pct":10.6,"min_clear_ft":12.5,"downhill":0,"span_class":"Small yarder"},"geometry":{"type":"LineString","coordinates":[[-120.61344,39.733],[-120.61239,39.73252]]}},{"type":"Feature","properties":{"unit_id":118,"landing_id":8,"span_ft":249.0,"deflection_pct":12.9,"min_clear_ft":11.7,"downhill":0,"span_class":"Small yarder"},"geometry":{"type":"LineString","coordinates":[[-120.61344,39.733],[-120.61277,39.73256]]}},{"type":"Feature","properties":{"unit_id":118,"landing_id":8,"span_ft":210.0,"deflection_pct":15.3,"min_clear_ft":12.3,"downhill":0,"span_class":"Small yarder"},"geometry":{"type":"LineString","coordinates":[[-120.61344,39.733],[-120.61297,39.73256]]}},{"type":"Feature","properties":{"unit_id":118,"landing_id":8,"span_ft":211.0,"deflection_pct":16.2,"min_clear_ft":12.9,"downhill":1,"span_class":"Small yarder"},"geometry":{"type":"LineString","coordinates":[[-120.61344,39.733],[-120.61414,39.73281]]}},{"type":"Feature","properties":{"unit_id":118,"landing_id":8,"span_ft":251.0,"deflection_pct":14.3,"min_clear_ft":12.5,"downhill":1,"span_class":"Small yarder"},"geometry":{"type":"LineString","coordinates":[[-120.61344,39.733],[-120.61432,39.73289]]}},{"type":"Feature","properties":{"unit_id":118,"landing_id":8,"span_ft":347.0,"deflection_pct":12.1,"min_clear_ft":12.9,"downhill":1,"span_class":"Small yarder"},"geometry":{"type":"LineString","coordinates":[[-120.61344,39.733],[-120.61467,39.73302]]}},{"type":"Feature","properties":{"unit_id":118,"landing_id":8,"span_ft":378.0,"deflection_pct":11.1,"min_clear_ft":12.8,"downhill":1,"span_class":"Small yarder"},"geometry":{"type":"LineString","coordinates":[[-120.61344,39.733],[-120.61476,39.7332]]}},{"type":"Feature","properties":{"unit_id":118,"landing_id":8,"span_ft":381.0,"deflection_pct":9.6,"min_clear_ft":12.0,"downhill":1,"span_class":"Small yarder"},"geometry":{"type":"LineString","coordinates":[[-120.61344,39.733],[-120.6147,39.73338]]}},{"type":"Feature","properties":{"unit_id":118,"landing_id":8,"span_ft":393.0,"deflection_pct":8.3,"min_clear_ft":11.1,"downhill":1,"span_class":"Small yarder"},"geometry":{"type":"LineString","coordinates":[[-120.61344,39.733],[-120.61464,39.73356]]}},{"type":"Feature","properties":{"unit_id":118,"landing_id":8,"span_ft":416.0,"deflection_pct":6.8,"min_clear_ft":10.9,"downhill":1,"span_class":"Small yarder"},"geometry":{"type":"LineString","coordinates":[[-120.61344,39.733],[-120.61455,39.73375]]}},{"type":"Feature","properties":{"unit_id":118,"landing_id":9,"span_ft":582.0,"deflection_pct":6.8,"min_clear_ft":10.4,"downhill":0,"span_class":"Small yarder"},"geometry":{"type":"LineString","coordinates":[[-120.61175,39.73395],[-120.60981,39.73339]]}},{"type":"Feature","properties":{"unit_id":118,"landing_id":9,"span_ft":433.0,"deflection_pct":10.7,"min_clear_ft":10.2,"downhill":0,"span_class":"Small yarder"},"geometry":{"type":"LineString","coordinates":[[-120.61175,39.73395],[-120.61042,39.73334]]}},{"type":"Feature","properties":{"unit_id":118,"landing_id":9,"span_ft":360.0,"deflection_pct":14.2,"min_clear_ft":10.1,"downhill":0,"span_class":"Small yarder"},"geometry":{"type":"LineString","coordinates":[[-120.61175,39.73395],[-120.61078,39.73331]]}},{"type":"Feature","properties":{"unit_id":118,"landing_id":9,"span_ft":319.0,"deflection_pct":16.6,"min_clear_ft":11.1,"downhill":0,"span_class":"Small yarder"},"geometry":{"type":"LineString","coordinates":[[-120.61175,39.73395],[-120.61103,39.73328]]}},{"type":"Feature","properties":{"unit_id":118,"landing_id":9,"span_ft":294.0,"deflection_pct":18.4,"min_clear_ft":10.9,"downhill":0,"span_class":"Small yarder"},"geometry":{"type":"LineString","coordinates":[[-120.61175,39.73395],[-120.61124,39.73325]]}},{"type":"Feature","properties":{"unit_id":118,"landing_id":9,"span_ft":279.0,"deflection_pct":19.3,"min_clear_ft":12.1,"downhill":1,"span_class":"Small yarder"},"geometry":{"type":"LineString","coordinates":[[-120.61175,39.73395],[-120.61142,39.73323]]}},{"type":"Feature","properties":{"unit_id":118,"landing_id":9,"span_ft":272.0,"deflection_pct":19.1,"min_clear_ft":12.1,"downhill":1,"span_class":"Small yarder"},"geometry":{"type":"LineString","coordinates":[[-120.61175,39.73395],[-120.61159,39.73322]]}},{"type":"Feature","properties":{"unit_id":118,"landing_id":9,"span_ft":269.0,"deflection_pct":18.2,"min_clear_ft":11.8,"downhill":1,"span_class":"Small yarder"},"geometry":{"type":"LineString","coordinates":[[-120.61175,39.73395],[-120.61176,39.73322]]}},{"type":"Feature","properties":{"unit_id":118,"landing_id":9,"span_ft":272.0,"deflection_pct":16.5,"min_clear_ft":12.3,"downhill":1,"span_class":"Small yarder"},"geometry":{"type":"LineString","coordinates":[[-120.61175,39.73395],[-120.61193,39.73322]]}},{"type":"Feature","properties":{"unit_id":118,"landing_id":9,"span_ft":281.0,"deflection_pct":14.8,"min_clear_ft":12.4,"downhill":1,"span_class":"Small yarder"},"geometry":{"type":"LineString","coordinates":[[-120.61175,39.73395],[-120.6121,39.73323]]}},{"type":"Feature","properties":{"unit_id":118,"landing_id":10,"span_ft":746.0,"deflection_pct":6.1,"min_clear_ft":10.1,"downhill":0,"span_class":"Small yarder"},"geometry":{"type":"LineString","coordinates":[[-120.6104,39.73523],[-120.6109,39.73322]]}},{"type":"Feature","properties":{"unit_id":118,"landing_id":10,"span_ft":779.0,"deflection_pct":6.8,"min_clear_ft":11.5,"downhill":1,"span_class":"Small yarder"},"geometry":{"type":"LineString","coordinates":[[-120.6104,39.73523],[-120.61139,39.73323]]}},{"type":"Feature","properties":{"unit_id":118,"landing_id":12,"span_ft":218.0,"deflection_pct":12.7,"min_clear_ft":11.8,"downhill":0,"span_class":"Small yarder"},"geometry":{"type":"LineString","coordinates":[[-120.60996,39.73848],[-120.60945,39.73893]]}},{"type":"Feature","properties":{"unit_id":118,"landing_id":12,"span_ft":253.0,"deflection_pct":10.9,"min_clear_ft":12.0,"downhill":0,"span_class":"Small yarder"},"geometry":{"type":"LineString","coordinates":[[-120.60996,39.73848],[-120.60926,39.73892]]}},{"type":"Feature","properties":{"unit_id":118,"landing_id":12,"span_ft":326.0,"deflection_pct":7.9,"min_clear_ft":10.0,"downhill":0,"span_class":"Small yarder"},"geometry":{"type":"LineString","coordinates":[[-120.60996,39.73848],[-120.60895,39.73891]]}},{"type":"Feature","properties":{"unit_id":118,"landing_id":12,"span_ft":313.0,"deflection_pct":8.9,"min_clear_ft":10.3,"downhill":1,"span_class":"Small yarder"},"geometry":{"type":"LineString","coordinates":[[-120.60996,39.73848],[-120.61105,39.73864]]}},{"type":"Feature","properties":{"unit_id":118,"landing_id":12,"span_ft":247.0,"deflection_pct":11.8,"min_clear_ft":11.8,"downhill":1,"span_class":"Small yarder"},"geometry":{"type":"LineString","coordinates":[[-120.60996,39.73848],[-120.61078,39.73872]]}},{"type":"Feature","properties":{"unit_id":118,"landing_id":12,"span_ft":215.0,"deflection_pct":13.1,"min_clear_ft":11.7,"downhill":1,"span_class":"Small yarder"},"geometry":{"type":"LineString","coordinates":[[-120.60996,39.73848],[-120.61062,39.73878]]}},{"type":"Feature","properties":{"unit_id":406,"landing_id":2,"span_ft":2460.0,"deflection_pct":7.0,"min_clear_ft":10.6,"downhill":0,"span_class":"Long-span yarder"},"geometry":{"type":"LineString","coordinates":[[-120.60902,39.72139],[-120.60888,39.72814]]}},{"type":"Feature","properties":{"unit_id":406,"landing_id":2,"span_ft":2423.0,"deflection_pct":6.7,"min_clear_ft":10.4,"downhill":0,"span_class":"Long-span yarder"},"geometry":{"type":"LineString","coordinates":[[-120.60902,39.72139],[-120.61184,39.72767]]}},{"type":"Feature","properties":{"unit_id":406,"landing_id":2,"span_ft":2453.0,"deflection_pct":7.2,"min_clear_ft":11.1,"downhill":0,"span_class":"Long-span yarder"},"geometry":{"type":"LineString","coordinates":[[-120.60902,39.72139],[-120.61115,39.72792]]}},{"type":"Feature","properties":{"unit_id":406,"landing_id":2,"span_ft":2457.0,"deflection_pct":7.3,"min_clear_ft":10.7,"downhill":0,"span_class":"Long-span yarder"},"geometry":{"type":"LineString","coordinates":[[-120.60902,39.72139],[-120.6104,39.72805]]}},{"type":"Feature","properties":{"unit_id":406,"landing_id":2,"span_ft":2432.0,"deflection_pct":7.4,"min_clear_ft":10.7,"downhill":0,"span_class":"Long-span yarder"},"geometry":{"type":"LineString","coordinates":[[-120.60902,39.72139],[-120.60964,39.72805]]}},{"type":"Feature","properties":{"unit_id":406,"landing_id":3,"span_ft":2564.0,"deflection_pct":7.1,"min_clear_ft":10.6,"downhill":0,"span_class":"Long-span yarder"},"geometry":{"type":"LineString","coordinates":[[-120.60953,39.72101],[-120.60939,39.72805]]}},{"type":"Feature","properties":{"unit_id":406,"landing_id":3,"span_ft":2645.0,"deflection_pct":6.7,"min_clear_ft":11.3,"downhill":0,"span_class":"Long-span yarder"},"geometry":{"type":"LineString","coordinates":[[-120.60953,39.72101],[-120.60857,39.72823]]}},{"type":"Feature","properties":{"unit_id":406,"landing_id":3,"span_ft":2569.0,"deflection_pct":6.6,"min_clear_ft":10.7,"downhill":0,"span_class":"Long-span yarder"},"geometry":{"type":"LineString","coordinates":[[-120.60953,39.72101],[-120.61098,39.72797]]}},{"type":"Feature","properties":{"unit_id":406,"landing_id":3,"span_ft":2572.0,"deflection_pct":6.6,"min_clear_ft":10.7,"downhill":0,"span_class":"Long-span yarder"},"geometry":{"type":"LineString","coordinates":[[-120.60953,39.72101],[-120.61019,39.72805]]}}]}