{"type":"FeatureCollection","features":[{"type":"Feature","properties":{"class":"perennial","width_ft":100},"geometry":{"type":"Polygon","coordinates":[[[-120.60768,39.7217],[-120.60773,39.72189],[-120.6077,39.72205],[-120.60746,39.72235],[-120.6074,39.72248],[-120.60703,39.72282],[-120.60685,39.72321],[-120.60683,39.72339],[-120.60686,39.72359],[-120.60683,39.7237],[-120.60656,39.72417],[-120.6066,39.72453],[-120.60657,39.72483],[-120.60681,39.72521],[-120.60687,39.72537],[-120.60693,39.7257],[-120.60685,39.72607],[-120.60686,39.72637],[-120.60684,39.7265],[-120.60679,39.72662],[-120.60657,39.72693],[-120.60642,39.72701],[-120.60624,39.72702],[-120.60613,39.72699],[-120.60603,39.72693],[-120.60595,39.72677],[-120.60597,39.72666],[-120.60614,39.72638],[-120.60614,39.72601],[-120.60621,39.72571],[-120.60613,39.72538],[-120.60592,39.72506],[-120.60585,39.72485],[-120.60589,39.72453],[-120.60584,39.72415],[-120.60588,39.72397],[-120.60614,39.72357],[-120.60613,39.72324],[-120.60623,39.72291],[-120.60641,39.72254],[-120.60678,39.7222],[-120.60683,39.7221],[-120.60701,39.72189],[-120.60696,39.72175],[-120.60701,39.7216],[-120.60716,39.7215],[-120.60738,39.72148],[-120.60756,39.72155],[-120.60768,39.7217]]]}},{"type":"Feature","properties":{"class":"perennial","width_ft":100},"geometry":{"type":"Polygon","coordinates":[[[-120.64922,39.74199],[-120.6491,39.74221],[-120.64881,39.74246],[-120.64844,39.74269],[-120.64838,39.74281],[-120.64829,39.7429],[-120.64818,39.74295],[-120.64803,39.74296],[-120.6479,39.74293],[-120.64779,39.74286],[-120.64773,39.74277],[-120.64771,39.74267],[-120.64783,39.74239],[-120.64791,39.74231],[-120.64833,39.74206],[-120.64851,39.7419],[-120.64858,39.74173],[-120.64868,39.74164],[-120.64879,39.74159],[-120.6489,39.74158],[-120.64901,39.74159],[-120.64913,39.74164],[-120.64921,39.74172],[-120.64925,39.7418],[-120.64926,39.74188],[-120.64922,39.74199]]]}},{"type":"Feature","properties":{"class":"perennial","width_ft":100},"geometry":{"type":"Polygon","coordinates":[[[-120.60864,39.72651],[-120.60821,39.72662],[-120.6075,39.72666],[-120.60709,39.72675],[-120.60683,39.72691],[-120.60642,39.72703],[-120.60623,39.72702],[-120.60609,39.72697],[-120.60599,39.72688],[-120.60595,39.72677],[-120.60598,39.72663],[-120.60608,39.72653],[-120.6062,39.72649],[-120.60635,39.72648],[-120.60645,39.72644],[-120.60661,39.72634],[-120.60684,39.72623],[-120.60738,39.72612],[-120.60809,39.72608],[-120.60837,39.72602],[-120.6085,39.72602],[-120.60862,39.72606],[-120.60872,39.72614],[-120.60877,39.72623],[-120.60877,39.72635],[-120.60872,39.72644],[-120.60864,39.72651]]]}},{"type":"Feature","properties":{"class":"perennial","width_ft":100},"geometry":{"type":"Polygon","coordinates":[[[-120.65225,39.73886],[-120.65204,39.73896],[-120.65191,39.73898],[-120.6518,39.73896],[-120.65169,39.7389],[-120.65162,39.73884],[-120.65158,39.73874],[-120.65159,39.73864],[-120.65167,39.73851],[-120.65216,39.73818],[-120.65231,39.73813],[-120.65245,39.73813],[-120.65259,39.73818],[-120.65268,39.73825],[-120.65273,39.73836],[-120.65273,39.73846],[-120.65264,39.73858],[-120.65225,39.73886]]]}},{"type":"Feature","properties":{"class":"perennial","width_ft":100},"geometry":{"type":"Polygon","coordinates":[[[-120.65483,39.73723],[-120.65429,39.73767],[-120.65417,39.73773],[-120.65406,39.73775],[-120.65393,39.73774],[-120.6538,39.73768],[-120.65371,39.73759],[-120.65368,39.73749],[-120.6537,39.73738],[-120.65377,39.73728],[-120.6543,39.73687],[-120.65441,39.73682],[-120.65452,39.7368],[-120.65465,39.73682],[-120.65477,39.73688],[-120.65485,39.73696],[-120.65489,39.73707],[-120.65483,39.73723]]]}},{"type":"Feature","properties":{"class":"perennial","width_ft":100},"geometry":{"type":"Polygon","coordinates":[[[-120.62576,39.7346],[-120.62557,39.7348],[-120.62541,39.73501],[-120.62491,39.73547],[-120.62479,39.73551],[-120.62465,39.73551],[-120.62451,39.73547],[-120.62442,39.7354],[-120.62435,39.73525],[-120.62441,39.73509],[-120.62457,39.73491],[-120.62483,39.73469],[-120.62507,39.7344],[-120.62522,39.73427],[-120.62534,39.73423],[-120.62547,39.73422],[-120.62561,39.73425],[-120.62571,39.73432],[-120.62577,39.7344],[-120.62579,39.7345],[-120.62576,39.7346]]]}},{"type":"Feature","properties":{"class":"perennial","width_ft":100},"geometry":{"type":"Polygon","coordinates":[[[-120.61485,39.72559],[-120.6146,39.72572],[-120.61439,39.72578],[-120.61407,39.72579],[-120.61387,39.72577],[-120.61366,39.72579],[-120.61322,39.72589],[-120.61266,39.72591],[-120.61218,39.72585],[-120.61176,39.72567],[-120.61146,39.72563],[-120.61131,39.72552],[-120.61126,39.72536],[-120.61129,39.72527],[-120.61136,39.72519],[-120.61146,39.72513],[-120.61157,39.72511],[-120.61195,39.72513],[-120.61212,39.72519],[-120.61241,39.72533],[-120.61273,39.72536],[-120.61317,39.72534],[-120.61353,39.72525],[-120.61382,39.72522],[-120.61426,39.72524],[-120.61462,39.72505],[-120.6148,39.72503],[-120.61499,39.72505],[-120.61517,39.7251],[-120.61528,39.72518],[-120.61534,39.7253],[-120.61534,39.72541],[-120.61527,39.72551],[-120.61516,39.72559],[-120.615,39.72562],[-120.61485,39.72559]]]}},{"type":"Feature","properties":{"class":"perennial","width_ft":100},"geometry":{"type":"Polygon","coordinates":[[[-120.64838,39.74284],[-120.64822,39.74318],[-120.64808,39.7433],[-120.6478,39.74343],[-120.64769,39.74353],[-120.64755,39.74357],[-120.64742,39.74357],[-120.6473,39.74354],[-120.64719,39.74346],[-120.64713,39.74332],[-120.64717,39.74317],[-120.64734,39.74301],[-120.64762,39.74287],[-120.64775,39.74257],[-120.64786,39.74246],[-120.64798,39.74242],[-120.64809,39.74241],[-120.6482,39.74243],[-120.64831,39.74248],[-120.64839,39.74256],[-120.64842,39.74265],[-120.64838,39.74284]]]}},{"type":"Feature","properties":{"class":"perennial","width_ft":100},"geometry":{"type":"Polygon","coordinates":[[[-120.63703,39.73691],[-120.63682,39.73731],[-120.63613,39.73833],[-120.63547,39.73904],[-120.63514,39.73966],[-120.63485,39.74047],[-120.63478,39.74059],[-120.63465,39.74099],[-120.63462,39.74133],[-120.63456,39.74163],[-120.6343,39.74211],[-120.63425,39.74228],[-120.63418,39.74236],[-120.63406,39.74242],[-120.63393,39.74244],[-120.63378,39.74242],[-120.63365,39.74234],[-120.63358,39.74224],[-120.63357,39.74214],[-120.63361,39.74197],[-120.63387,39.74149],[-120.63396,39.74088],[-120.63409,39.74043],[-120.63417,39.7403],[-120.63437,39.7397],[-120.63483,39.7388],[-120.63552,39.73806],[-120.63618,39.73708],[-120.63642,39.73656],[-120.6365,39.73647],[-120.63663,39.73641],[-120.63676,39.7364],[-120.63688,39.73642],[-120.637,39.73649],[-120.63707,39.73656],[-120.6371,39.73666],[-120.63703,39.73691]]]}},{"type":"Feature","properties":{"class":"perennial","width_ft":100},"geometry":{"type":"Polygon","coordinates":[[[-120.61819,39.74469],[-120.61794,39.74488],[-120.61787,39.74496],[-120.61786,39.74522],[-120.61795,39.74546],[-120.61799,39.74565],[-120.61794,39.74604],[-120.61776,39.74656],[-120.61748,39.74686],[-120.61706,39.74719],[-120.61643,39.74756],[-120.61598,39.74772],[-120.6153,39.74792],[-120.61485,39.74812],[-120.61479,39.74825],[-120.61458,39.74855],[-120.61406,39.74903],[-120.6139,39.74937],[-120.61338,39.74988],[-120.61308,39.75],[-120.61289,39.75004],[-120.61251,39.75005],[-120.61232,39.74999],[-120.61224,39.74991],[-120.6122,39.74982],[-120.61221,39.74972],[-120.61226,39.74963],[-120.61243,39.74952],[-120.61277,39.74949],[-120.61292,39.74945],[-120.61317,39.74918],[-120.61328,39.74909],[-120.61344,39.74875],[-120.61362,39.74856],[-120.61399,39.74825],[-120.61413,39.74804],[-120.61418,39.74791],[-120.61435,39.74772],[-120.61451,39.74762],[-120.61485,39.74748],[-120.61606,39.74709],[-120.61672,39.74669],[-120.61709,39.74636],[-120.61724,39.74595],[-120.61728,39.74567],[-120.61716,39.74529],[-120.61717,39.74484],[-120.61721,39.74475],[-120.61739,39.74453],[-120.6178,39.74421],[-120.61794,39.74416],[-120.61809,39.74417],[-120.61826,39.74424],[-120.61836,39.7444],[-120.61833,39.74455],[-120.61819,39.74469]]]}},{"type":"Feature","properties":{"class":"perennial","width_ft":100},"geometry":{"type":"Polygon","coordinates":[[[-120.63953,39.74163],[-120.63939,39.74173],[-120.63902,39.7419],[-120.63887,39.74206],[-120.63851,39.74235],[-120.63835,39.74245],[-120.63821,39.74249],[-120.63811,39.74271],[-120.63793,39.74288],[-120.63721,39.74326],[-120.63672,39.74349],[-120.63641,39.7437],[-120.63628,39.74373],[-120.63617,39.74372],[-120.63605,39.74368],[-120.63596,39.74361],[-120.63591,39.74354],[-120.63589,39.74344],[-120.63593,39.74334],[-120.63599,39.74327],[-120.63628,39.74305],[-120.63683,39.7428],[-120.63747,39.74246],[-120.63757,39.74222],[-120.63766,39.74208],[-120.63777,39.74202],[-120.63803,39.74194],[-120.63857,39.74147],[-120.63901,39.74125],[-120.63927,39.74142],[-120.63953,39.74163]]]}},{"type":"Feature","properties":{"class":"perennial","width_ft":100},"geometry":{"type":"MultiPolygon","coordinates":[[[[-120.63286,39.7551],[-120.63286,39.75511],[-120.63284,39.75519],[-120.63284,39.7551],[-120.63284,39.75509],[-120.63284,39.75503],[-120.63284,39.75482],[-120.63284,39.75483],[-120.63285,39.75484],[-120.63286,39.75485],[-120.63286,39.75487],[-120.63287,39.75488],[-120.63288,39.75489],[-120.63288,39.75491],[-120.63288,39.75492],[-120.63288,39.75494],[-120.63288,39.75495],[-120.63288,39.75497],[-120.63288,39.75498],[-120.63288,39.75499],[-120.63286,39.75509],[-120.63286,39.7551]]]]}},{"type":"Feature","properties":{"class":"perennial","width_ft":100},"geometry":{"type":"Polygon","coordinates":[[[-120.62972,39.73278],[-120.6291,39.7332],[-120.62869,39.73341],[-120.62813,39.73363],[-120.62792,39.73376],[-120.62778,39.73379],[-120.62765,39.73378],[-120.62752,39.73372],[-120.62744,39.73364],[-120.62741,39.73351],[-120.62744,39.7334],[-120.6275,39.73333],[-120.62769,39.7332],[-120.62835,39.73293],[-120.62869,39.73275],[-120.62921,39.73239],[-120.62951,39.73215],[-120.62962,39.7321],[-120.62973,39.73208],[-120.62988,39.73211],[-120.62998,39.73217],[-120.63006,39.73226],[-120.63009,39.73236],[-120.63003,39.73251],[-120.62972,39.73278]]]}},{"type":"Feature","properties":{"class":"perennial","width_ft":100},"geometry":{"type":"Polygon","coordinates":[[[-120.65005,39.74087],[-120.64997,39.74111],[-120.6499,39.74123],[-120.64983,39.7413],[-120.64958,39.74143],[-120.64948,39.74151],[-120.64917,39.74204],[-120.64906,39.7421],[-120.64892,39.74213],[-120.64878,39.74211],[-120.64866,39.74206],[-120.64859,39.74198],[-120.64855,39.74187],[-120.64862,39.74162],[-120.6489,39.74118],[-120.64911,39.74101],[-120.64931,39.7409],[-120.64941,39.74059],[-120.64948,39.74049],[-120.64959,39.74043],[-120.64973,39.7404],[-120.64986,39.74041],[-120.64997,39.74046],[-120.65006,39.74054],[-120.6501,39.74063],[-120.65005,39.74087]]]}},{"type":"Feature","properties":{"class":"perennial","width_ft":100},"geometry":{"type":"Polygon","coordinates":[[[-120.6179,39.72528],[-120.61759,39.72533],[-120.61701,39.72555],[-120.61644,39.72571],[-120.61587,39.7258],[-120.61552,39.72578],[-120.61483,39.72559],[-120.6147,39.72549],[-120.61464,39.72535],[-120.61465,39.72526],[-120.61471,39.72517],[-120.61479,39.72511],[-120.61491,39.72507],[-120.61508,39.72508],[-120.61558,39.72522],[-120.61582,39.72525],[-120.6162,39.72519],[-120.61675,39.72503],[-120.61722,39.72486],[-120.61752,39.72477],[-120.61788,39.72473],[-120.61813,39.72475],[-120.61826,39.72481],[-120.61834,39.72489],[-120.61837,39.72499],[-120.61835,39.7251],[-120.61829,39.72519],[-120.61818,39.72526],[-120.61805,39.72529],[-120.6179,39.72528]]]}},{"type":"Feature","properties":{"class":"perennial","width_ft":100},"geometry":{"type":"Polygon","coordinates":[[[-120.61996,39.74299],[-120.61942,39.74331],[-120.61911,39.74354],[-120.61887,39.74383],[-120.61855,39.74436],[-120.61825,39.74463],[-120.61813,39.74469],[-120.618,39.74471],[-120.61785,39.74468],[-120.61775,39.74462],[-120.61765,39.74447],[-120.61768,39.74432],[-120.61794,39.74408],[-120.61824,39.74358],[-120.61844,39.74332],[-120.61879,39.74301],[-120.6193,39.74268],[-120.61951,39.74258],[-120.61972,39.74253],[-120.61992,39.74259],[-120.62,39.74266],[-120.62005,39.74275],[-120.62002,39.74292],[-120.61996,39.74299]]]}},{"type":"Feature","properties":{"class":"perennial","width_ft":100},"geometry":{"type":"Polygon","coordinates":[[[-120.60911,39.7266],[-120.60868,39.72653],[-120.60839,39.72657],[-120.60822,39.72652],[-120.60813,39.72644],[-120.60807,39.72634],[-120.60808,39.72622],[-120.60813,39.72613],[-120.60829,39.72604],[-120.60867,39.72598],[-120.60906,39.72603],[-120.60934,39.7261],[-120.60944,39.72619],[-120.60948,39.72628],[-120.60948,39.72638],[-120.60944,39.72647],[-120.60935,39.72655],[-120.60923,39.72659],[-120.60911,39.7266]]]}},{"type":"Feature","properties":{"class":"perennial","width_ft":100},"geometry":{"type":"Polygon","coordinates":[[[-120.60598,39.71801],[-120.60634,39.71813],[-120.60648,39.71821],[-120.60662,39.71833],[-120.60672,39.71849],[-120.60674,39.71861],[-120.60668,39.71874],[-120.60656,39.71883],[-120.60638,39.71886],[-120.6062,39.71882],[-120.6061,39.71876],[-120.60601,39.71862],[-120.60567,39.71851],[-120.60549,39.71842],[-120.60529,39.71823],[-120.60523,39.7181],[-120.60524,39.71775],[-120.60529,39.71758],[-120.60538,39.71747],[-120.60549,39.71742],[-120.60564,39.71741],[-120.60578,39.71744],[-120.60588,39.7175],[-120.60597,39.71764],[-120.60594,39.71797],[-120.60598,39.71801]]]}},{"type":"Feature","properties":{"class":"perennial","width_ft":100},"geometry":{"type":"Polygon","coordinates":[[[-120.65782,39.73223],[-120.65746,39.73247],[-120.65736,39.73258],[-120.65658,39.73365],[-120.65644,39.73378],[-120.65607,39.73402],[-120.65592,39.73414],[-120.65587,39.73433],[-120.65584,39.73492],[-120.65577,39.73553],[-120.65567,39.73599],[-120.65559,39.73617],[-120.6555,39.73632],[-120.65531,39.73655],[-120.65501,39.73705],[-120.65484,39.73723],[-120.65473,39.7373],[-120.65462,39.73734],[-120.65449,39.73735],[-120.65436,39.73732],[-120.65421,39.7372],[-120.65418,39.73703],[-120.65423,39.73693],[-120.65446,39.73669],[-120.65468,39.73629],[-120.65488,39.73605],[-120.65498,39.73587],[-120.6551,39.73522],[-120.65516,39.73426],[-120.6552,39.73408],[-120.65527,39.73391],[-120.65539,39.73375],[-120.656,39.73333],[-120.65675,39.73228],[-120.65692,39.73211],[-120.65709,39.73199],[-120.65741,39.73181],[-120.65754,39.73179],[-120.65768,39.73181],[-120.6578,39.73188],[-120.65788,39.73199],[-120.65788,39.73212],[-120.65782,39.73223]]]}},{"type":"Feature","properties":{"class":"perennial","width_ft":100},"geometry":{"type":"Polygon","coordinates":[[[-120.65222,39.73887],[-120.652,39.73907],[-120.6513,39.73948],[-120.65113,39.73992],[-120.65099,39.74009],[-120.65068,39.7404],[-120.6505,39.74047],[-120.65029,39.74052],[-120.65012,39.74061],[-120.65002,39.74063],[-120.64984,39.74062],[-120.64968,39.74054],[-120.64963,39.74047],[-120.6496,39.74037],[-120.64962,39.74027],[-120.64967,39.7402],[-120.64996,39.74003],[-120.65023,39.73996],[-120.65049,39.73967],[-120.65063,39.7393],[-120.65074,39.73913],[-120.65149,39.73869],[-120.65162,39.73855],[-120.65176,39.73846],[-120.6519,39.73843],[-120.65203,39.73844],[-120.65215,39.73848],[-120.65225,39.73857],[-120.65229,39.73868],[-120.65228,39.73878],[-120.65222,39.73887]]]}},{"type":"Feature","properties":{"class":"perennial","width_ft":100},"geometry":{"type":"Polygon","coordinates":[[[-120.65013,39.74064],[-120.65003,39.74084],[-120.64995,39.7409],[-120.64983,39.74094],[-120.64972,39.74095],[-120.6496,39.74092],[-120.64951,39.74088],[-120.64943,39.7408],[-120.64939,39.74064],[-120.64948,39.74041],[-120.64962,39.74025],[-120.6498,39.74012],[-120.64995,39.74009],[-120.65007,39.74011],[-120.65019,39.74016],[-120.65028,39.74025],[-120.65031,39.74034],[-120.6503,39.74044],[-120.65013,39.74064]]]}},{"type":"Feature","properties":{"class":"perennial","width_ft":100},"geometry":{"type":"Polygon","coordinates":[[[-120.62114,39.73965],[-120.62134,39.74015],[-120.62135,39.74049],[-120.6212,39.74085],[-120.62067,39.74139],[-120.62059,39.74164],[-120.62036,39.74191],[-120.62039,39.74229],[-120.62035,39.74248],[-120.62028,39.74265],[-120.62019,39.74279],[-120.61991,39.74303],[-120.61973,39.74308],[-120.61957,39.74306],[-120.6194,39.74295],[-120.61934,39.74279],[-120.61938,39.74268],[-120.6196,39.74247],[-120.61965,39.74236],[-120.61968,39.74223],[-120.61964,39.742],[-120.61967,39.74175],[-120.61995,39.74139],[-120.62003,39.74113],[-120.62057,39.74059],[-120.62065,39.7404],[-120.62064,39.74023],[-120.62049,39.73985],[-120.62052,39.7397],[-120.62059,39.73961],[-120.6207,39.73956],[-120.62082,39.73953],[-120.62095,39.73954],[-120.62106,39.73959],[-120.62114,39.73965]]]}},{"type":"Feature","properties":{"class":"perennial","width_ft":100},"geometry":{"type":"Polygon","coordinates":[[[-120.61187,39.72557],[-120.61123,39.72589],[-120.61083,39.72597],[-120.61069,39.72606],[-120.61043,39.72615],[-120.60999,39.72623],[-120.60984,39.7264],[-120.60957,39.72654],[-120.60936,39.72659],[-120.60913,39.72658],[-120.60898,39.72653],[-120.60888,39.72641],[-120.60886,39.72627],[-120.60894,39.72614],[-120.60909,39.72606],[-120.6093,39.72603],[-120.60941,39.7259],[-120.60957,39.72578],[-120.60983,39.72569],[-120.61025,39.72561],[-120.61041,39.72552],[-120.61061,39.72544],[-120.61094,39.72539],[-120.6115,39.72512],[-120.61163,39.72511],[-120.61176,39.72513],[-120.61188,39.7252],[-120.61195,39.72528],[-120.61197,39.72539],[-120.61194,39.72549],[-120.61187,39.72557]]]}},{"type":"Feature","properties":{"class":"perennial","width_ft":100},"geometry":{"type":"Polygon","coordinates":[[[-120.63144,39.74724],[-120.63144,39.7476],[-120.63133,39.74786],[-120.63141,39.74808],[-120.63143,39.74824],[-120.63135,39.74852],[-120.63161,39.74908],[-120.63165,39.74926],[-120.63166,39.74962],[-120.63162,39.74973],[-120.63155,39.74981],[-120.63144,39.74986],[-120.63129,39.74988],[-120.63109,39.74982],[-120.63096,39.74968],[-120.63093,39.74952],[-120.63092,39.74922],[-120.63065,39.74863],[-120.63064,39.74844],[-120.63072,39.74822],[-120.63061,39.74784],[-120.63073,39.74754],[-120.63075,39.74713],[-120.63082,39.74692],[-120.63091,39.74683],[-120.63104,39.74677],[-120.63117,39.74675],[-120.63131,39.74678],[-120.63142,39.74684],[-120.63148,39.74692],[-120.63151,39.74701],[-120.63144,39.74724]]]}},{"type":"Feature","properties":{"class":"perennial","width_ft":100},"geometry":{"type":"Polygon","coordinates":[[[-120.63737,39.73498],[-120.63724,39.73541],[-120.6373,39.73583],[-120.63722,39.73612],[-120.63717,39.7365],[-120.63708,39.73675],[-120.63702,39.73684],[-120.63691,39.73692],[-120.63676,39.73695],[-120.63664,39.73693],[-120.63646,39.73684],[-120.63639,39.73669],[-120.63658,39.73581],[-120.63653,39.73555],[-120.63653,39.73535],[-120.6367,39.73479],[-120.63683,39.73457],[-120.63698,39.73447],[-120.6371,39.73444],[-120.63725,39.73446],[-120.63737,39.73452],[-120.63745,39.7346],[-120.63748,39.73475],[-120.63737,39.73498]]]}},{"type":"Feature","properties":{"class":"perennial","width_ft":100},"geometry":{"type":"Polygon","coordinates":[[[-120.65888,39.72955],[-120.65867,39.73006],[-120.65856,39.73045],[-120.65844,39.73069],[-120.65813,39.73112],[-120.65806,39.73126],[-120.65795,39.73134],[-120.65783,39.73138],[-120.6577,39.73138],[-120.65757,39.73134],[-120.65743,39.7312],[-120.65741,39.73111],[-120.65742,39.73102],[-120.65749,39.73087],[-120.65779,39.73048],[-120.65788,39.73028],[-120.65799,39.7299],[-120.6582,39.7294],[-120.65828,39.72932],[-120.65838,39.72926],[-120.65853,39.72924],[-120.65865,39.72925],[-120.65876,39.72931],[-120.65885,39.7294],[-120.65888,39.72955]]]}},{"type":"Feature","properties":{"class":"perennial","width_ft":100},"geometry":{"type":"Polygon","coordinates":[[[-120.62119,39.7381],[-120.62117,39.73824],[-120.62141,39.73874],[-120.62145,39.73896],[-120.62137,39.7392],[-120.6212,39.73943],[-120.62118,39.73962],[-120.6212,39.73981],[-120.62117,39.73991],[-120.62111,39.73999],[-120.62101,39.74005],[-120.62079,39.74008],[-120.62069,39.74005],[-120.62058,39.73999],[-120.62049,39.73984],[-120.62047,39.73962],[-120.62051,39.73933],[-120.62056,39.73918],[-120.62071,39.73899],[-120.62073,39.73892],[-120.62052,39.7385],[-120.62045,39.73822],[-120.62053,39.73788],[-120.62068,39.73769],[-120.62079,39.73761],[-120.62091,39.73757],[-120.62106,39.73758],[-120.62118,39.73762],[-120.62128,39.7377],[-120.62133,39.73779],[-120.62133,39.73789],[-120.6213,39.73797],[-120.62119,39.7381]]]}},{"type":"Feature","properties":{"class":"perennial","width_ft":100},"geometry":{"type":"Polygon","coordinates":[[[-120.64521,39.74715],[-120.6451,39.74734],[-120.64474,39.74759],[-120.64456,39.74816],[-120.64459,39.74848],[-120.64446,39.74873],[-120.64443,39.74901],[-120.64439,39.7491],[-120.64426,39.74925],[-120.64411,39.74934],[-120.6439,39.74957],[-120.64344,39.74976],[-120.64335,39.74983],[-120.64309,39.75019],[-120.64299,39.75027],[-120.64287,39.75043],[-120.6427,39.75055],[-120.64227,39.75071],[-120.64169,39.7511],[-120.64154,39.75124],[-120.63977,39.75239],[-120.63953,39.75248],[-120.63922,39.75251],[-120.63903,39.75251],[-120.63866,39.75257],[-120.63851,39.75256],[-120.63839,39.7525],[-120.6383,39.7524],[-120.63828,39.75229],[-120.63831,39.75218],[-120.6384,39.75209],[-120.63866,39.752],[-120.63897,39.75196],[-120.63917,39.75197],[-120.63938,39.75193],[-120.64105,39.75084],[-120.64137,39.75057],[-120.64184,39.75027],[-120.6423,39.75009],[-120.64241,39.74994],[-120.64251,39.74986],[-120.6428,39.74948],[-120.64304,39.7493],[-120.64342,39.74915],[-120.64356,39.74898],[-120.64373,39.74887],[-120.64377,39.74858],[-120.64387,39.7484],[-120.64386,39.74808],[-120.64407,39.74741],[-120.64423,39.7472],[-120.64452,39.74702],[-120.64461,39.7469],[-120.64471,39.74684],[-120.64482,39.74682],[-120.64504,39.74686],[-120.64518,39.74698],[-120.64521,39.74715]]]}},{"type":"Feature","properties":{"class":"perennial","width_ft":100},"geometry":{"type":"Polygon","coordinates":[[[-120.62098,39.72619],[-120.62017,39.72609],[-120.61973,39.72597],[-120.61877,39.72542],[-120.61843,39.72534],[-120.61785,39.72526],[-120.61775,39.72519],[-120.61768,39.72509],[-120.61766,39.72498],[-120.6177,39.72489],[-120.61784,39.72477],[-120.61802,39.72474],[-120.61857,39.7248],[-120.61901,39.7249],[-120.61922,39.72498],[-120.62007,39.72548],[-120.62034,39.72556],[-120.62092,39.72562],[-120.62117,39.7257],[-120.62126,39.7258],[-120.62129,39.72589],[-120.62127,39.72601],[-120.62121,39.72609],[-120.62111,39.72615],[-120.62098,39.72619]]]}},{"type":"Feature","properties":{"class":"perennial","width_ft":100},"geometry":{"type":"Polygon","coordinates":[[[-120.6366,39.75336],[-120.63602,39.75384],[-120.63539,39.75412],[-120.63484,39.75446],[-120.63437,39.75467],[-120.63359,39.75493],[-120.63338,39.75497],[-120.63293,39.75496],[-120.63284,39.75502],[-120.63284,39.75457],[-120.63241,39.75456],[-120.63252,39.7545],[-120.63279,39.75442],[-120.63319,39.75443],[-120.63335,39.75441],[-120.63426,39.75409],[-120.63444,39.75401],[-120.63499,39.75366],[-120.63528,39.75352],[-120.63542,39.75348],[-120.63557,39.75341],[-120.63607,39.753],[-120.63628,39.75294],[-120.63642,39.75296],[-120.63653,39.75301],[-120.63661,39.75309],[-120.63665,39.7532],[-120.6366,39.75336]]]}},{"type":"Feature","properties":{"class":"perennial","width_ft":100},"geometry":{"type":"Polygon","coordinates":[[[-120.63172,39.74985],[-120.6317,39.75001],[-120.63156,39.75014],[-120.63136,39.75018],[-120.63116,39.75012],[-120.63104,39.74999],[-120.63096,39.74965],[-120.63096,39.74954],[-120.63103,39.74943],[-120.63112,39.74937],[-120.63126,39.74933],[-120.63139,39.74934],[-120.63153,39.74939],[-120.63164,39.74952],[-120.63172,39.74985]]]}},{"type":"Feature","properties":{"class":"perennial","width_ft":100},"geometry":{"type":"Polygon","coordinates":[[[-120.62775,39.73387],[-120.62746,39.73401],[-120.62678,39.73422],[-120.62621,39.73444],[-120.62595,39.73449],[-120.62583,39.73455],[-120.62566,39.7347],[-120.62555,39.73475],[-120.62542,39.73477],[-120.62528,39.73474],[-120.62516,39.73467],[-120.6251,39.73458],[-120.62508,39.73447],[-120.62513,39.73436],[-120.62533,39.73416],[-120.6255,39.73405],[-120.6257,39.73397],[-120.62594,39.73393],[-120.62648,39.73372],[-120.62714,39.73351],[-120.62759,39.73328],[-120.62777,39.73324],[-120.62791,39.73327],[-120.62802,39.73332],[-120.6281,39.73342],[-120.62812,39.73352],[-120.62809,39.73362],[-120.62804,39.73369],[-120.62775,39.73387]]]}},{"type":"Feature","properties":{"class":"perennial","width_ft":100},"geometry":{"type":"Polygon","coordinates":[[[-120.65431,39.73764],[-120.65364,39.738],[-120.65337,39.7381],[-120.65303,39.73841],[-120.65254,39.73864],[-120.65241,39.73867],[-120.65227,39.73866],[-120.65215,39.73861],[-120.65206,39.73852],[-120.65202,39.73843],[-120.65204,39.73833],[-120.65209,39.73824],[-120.6522,39.73816],[-120.65257,39.73799],[-120.65295,39.73766],[-120.65326,39.73754],[-120.65349,39.7374],[-120.65386,39.73723],[-120.654,39.7372],[-120.65413,39.73721],[-120.65426,39.73726],[-120.65435,39.73735],[-120.65439,39.73745],[-120.65437,39.73755],[-120.65431,39.73764]]]}},{"type":"Feature","properties":{"class":"perennial","width_ft":100},"geometry":{"type":"Polygon","coordinates":[[[-120.65797,39.73179],[-120.65791,39.7321],[-120.65776,39.73228],[-120.65762,39.73233],[-120.65749,39.73234],[-120.65737,39.73231],[-120.65726,39.73223],[-120.65719,39.73213],[-120.65718,39.73203],[-120.65723,39.73193],[-120.65728,39.73159],[-120.65739,39.73146],[-120.6576,39.7314],[-120.65773,39.73141],[-120.65783,39.73145],[-120.65796,39.73158],[-120.65797,39.73179]]]}},{"type":"Feature","properties":{"class":"perennial","width_ft":100},"geometry":{"type":"Polygon","coordinates":[[[-120.62132,39.73797],[-120.62117,39.73802],[-120.62106,39.73802],[-120.62094,39.738],[-120.62084,39.73795],[-120.62077,39.73787],[-120.62073,39.73778],[-120.62074,39.73769],[-120.62079,39.7376],[-120.62092,39.7375],[-120.62121,39.73743],[-120.62158,39.73742],[-120.62173,39.73746],[-120.62184,39.73754],[-120.62189,39.73763],[-120.62189,39.73775],[-120.62185,39.73784],[-120.62177,39.73791],[-120.62166,39.73795],[-120.62132,39.73797]]]}},{"type":"Feature","properties":{"class":"perennial","width_ft":100},"geometry":{"type":"Polygon","coordinates":[[[-120.63882,39.75253],[-120.63842,39.75269],[-120.6382,39.75283],[-120.63783,39.75302],[-120.6376,39.75308],[-120.63734,39.75309],[-120.63717,39.75313],[-120.63671,39.75331],[-120.63641,39.75347],[-120.63628,39.75349],[-120.63614,39.75346],[-120.63602,39.75339],[-120.63596,39.7533],[-120.63595,39.75317],[-120.636,39.75307],[-120.63615,39.75294],[-120.63633,39.75285],[-120.63691,39.75262],[-120.63714,39.75256],[-120.63754,39.75252],[-120.63806,39.75221],[-120.63835,39.75209],[-120.6386,39.75202],[-120.63875,39.75204],[-120.63886,39.75209],[-120.63895,39.75218],[-120.63899,39.75227],[-120.63897,39.75239],[-120.6389,39.75247],[-120.63882,39.75253]]]}},{"type":"Feature","properties":{"class":"perennial","width_ft":100},"geometry":{"type":"Polygon","coordinates":[[[-120.63625,39.74377],[-120.63545,39.74405],[-120.6348,39.74441],[-120.63457,39.74449],[-120.63432,39.74455],[-120.63415,39.74464],[-120.634,39.74465],[-120.63388,39.74462],[-120.63376,39.74455],[-120.6337,39.74446],[-120.63368,39.74436],[-120.63372,39.74425],[-120.6338,39.74417],[-120.63396,39.74408],[-120.63442,39.74394],[-120.63509,39.74358],[-120.63611,39.7432],[-120.63624,39.74318],[-120.63638,39.7432],[-120.63649,39.74325],[-120.63658,39.74335],[-120.6366,39.74345],[-120.63659,39.74354],[-120.63652,39.74363],[-120.63625,39.74377]]]}},{"type":"Feature","properties":{"class":"perennial","width_ft":100},"geometry":{"type":"Polygon","coordinates":[[[-120.65985,39.72724],[-120.65974,39.72743],[-120.65943,39.72837],[-120.65886,39.72962],[-120.65878,39.7297],[-120.65866,39.72977],[-120.65853,39.72979],[-120.65839,39.72976],[-120.65829,39.72972],[-120.65821,39.72964],[-120.65818,39.72956],[-120.65818,39.72946],[-120.65875,39.72821],[-120.65908,39.72721],[-120.65985,39.72724]]]}},{"type":"Feature","properties":{"class":"perennial","width_ft":100},"geometry":{"type":"Polygon","coordinates":[[[-120.60662,39.72687],[-120.60629,39.72723],[-120.606,39.72739],[-120.6058,39.72753],[-120.60555,39.72802],[-120.60543,39.72815],[-120.60496,39.72836],[-120.60445,39.72846],[-120.60445,39.72789],[-120.60471,39.72784],[-120.60491,39.72776],[-120.60513,39.72733],[-120.60523,39.7272],[-120.60549,39.727],[-120.60579,39.72684],[-120.60597,39.72663],[-120.6061,39.72652],[-120.60622,39.72648],[-120.60637,39.72648],[-120.60651,39.72652],[-120.6066,39.72659],[-120.60665,39.72669],[-120.60666,39.72679],[-120.60662,39.72687]]]}},{"type":"Feature","properties":{"class":"perennial","width_ft":100},"geometry":{"type":"MultiPolygon","coordinates":[[[[-120.63288,39.75498],[-120.63288,39.755],[-120.63288,39.75501],[-120.63287,39.75503],[-120.63287,39.75504],[-120.63286,39.75505],[-120.63285,39.75507],[-120.63285,39.75508],[-120.63284,39.75509],[-120.63284,39.75509],[-120.63284,39.75509],[-120.63284,39.75503],[-120.63284,39.75482],[-120.63284,39.75466],[-120.63285,39.75466],[-120.63286,39.75468],[-120.63287,39.75469],[-120.63288,39.7547],[-120.63289,39.75471],[-120.63289,39.75472],[-120.6329,39.75474],[-120.63291,39.75475],[-120.63291,39.75476],[-120.63292,39.75478],[-120.63292,39.75479],[-120.63293,39.75481],[-120.63293,39.75482],[-120.63293,39.75484],[-120.63293,39.75485],[-120.63293,39.75486],[-120.63292,39.75488],[-120.63292,39.75489],[-120.63292,39.75491],[-120.63291,39.75492],[-120.63291,39.75493],[-120.6329,39.75495],[-120.63289,39.75496],[-120.63288,39.75497],[-120.63288,39.75498]]]]}},{"type":"Feature","properties":{"class":"perennial","width_ft":100},"geometry":{"type":"Polygon","coordinates":[[[-120.60736,39.72115],[-120.60757,39.72145],[-120.60767,39.72176],[-120.60764,39.72186],[-120.60755,39.72195],[-120.60744,39.722],[-120.60729,39.72202],[-120.60713,39.72198],[-120.60702,39.72191],[-120.60691,39.72166],[-120.60666,39.72131],[-120.60663,39.72109],[-120.60669,39.72081],[-120.60667,39.72061],[-120.6064,39.7197],[-120.60627,39.71951],[-120.60624,39.71924],[-120.60603,39.71861],[-120.60604,39.71851],[-120.60609,39.71843],[-120.60617,39.71837],[-120.60628,39.71832],[-120.60643,39.71831],[-120.60655,39.71834],[-120.60666,39.71842],[-120.60673,39.71852],[-120.60694,39.71914],[-120.60695,39.71935],[-120.60707,39.71952],[-120.60737,39.72051],[-120.6074,39.72083],[-120.60736,39.72115]]]}},{"type":"Feature","properties":{"class":"perennial","width_ft":100},"geometry":{"type":"Polygon","coordinates":[[[-120.64585,39.74535],[-120.64548,39.74554],[-120.64524,39.74562],[-120.64518,39.74567],[-120.64499,39.74633],[-120.64504,39.74661],[-120.6452,39.74694],[-120.64521,39.74715],[-120.64515,39.74726],[-120.64502,39.74734],[-120.64486,39.74737],[-120.64471,39.74735],[-120.64461,39.74729],[-120.64453,39.74719],[-120.64451,39.74706],[-120.64436,39.74677],[-120.64429,39.74651],[-120.64428,39.74626],[-120.64444,39.74566],[-120.64454,39.74541],[-120.64461,39.74533],[-120.64484,39.74517],[-120.64526,39.74501],[-120.64557,39.7448],[-120.64573,39.74476],[-120.64586,39.74478],[-120.64598,39.74482],[-120.64606,39.7449],[-120.64611,39.74499],[-120.64611,39.74508],[-120.64607,39.74517],[-120.64585,39.74535]]]}},{"type":"Feature","properties":{"class":"perennial","width_ft":100},"geometry":{"type":"Polygon","coordinates":[[[-120.60919,39.7266],[-120.60904,39.72659],[-120.60889,39.72653],[-120.60881,39.72644],[-120.60878,39.72631],[-120.60882,39.7262],[-120.60891,39.72611],[-120.60903,39.72607],[-120.60923,39.72604],[-120.60938,39.72607],[-120.60948,39.72614],[-120.60955,39.72623],[-120.60957,39.72633],[-120.60953,39.72643],[-120.60945,39.72652],[-120.60934,39.72657],[-120.60919,39.7266]]]}},{"type":"Feature","properties":{"class":"perennial","width_ft":100},"geometry":{"type":"Polygon","coordinates":[[[-120.6343,39.74234],[-120.63428,39.74262],[-120.63432,39.74282],[-120.63426,39.74346],[-120.63436,39.7437],[-120.63442,39.74431],[-120.63437,39.74447],[-120.6343,39.74456],[-120.63416,39.74463],[-120.63401,39.74465],[-120.63382,39.74459],[-120.6337,39.74445],[-120.63368,39.74435],[-120.63371,39.74424],[-120.63366,39.7438],[-120.63355,39.74353],[-120.63361,39.74282],[-120.63357,39.74265],[-120.63359,39.74238],[-120.63357,39.74216],[-120.63362,39.74202],[-120.63372,39.74194],[-120.63384,39.7419],[-120.63399,39.7419],[-120.63411,39.74193],[-120.6342,39.74199],[-120.63426,39.74208],[-120.6343,39.74234]]]}},{"type":"Feature","properties":{"class":"perennial","width_ft":100},"geometry":{"type":"Polygon","coordinates":[[[-120.62506,39.73528],[-120.62492,39.73556],[-120.62492,39.73594],[-120.62489,39.73613],[-120.62456,39.73664],[-120.62448,39.73695],[-120.62439,39.73714],[-120.62432,39.73723],[-120.6241,39.73743],[-120.62383,39.73755],[-120.6234,39.7376],[-120.623,39.73783],[-120.62275,39.7379],[-120.62249,39.73791],[-120.62224,39.73788],[-120.62188,39.73797],[-120.62165,39.73798],[-120.62142,39.73795],[-120.62127,39.73787],[-120.6212,39.73776],[-120.6212,39.73764],[-120.62126,39.73753],[-120.62139,39.73745],[-120.62152,39.73742],[-120.62175,39.73743],[-120.62212,39.73733],[-120.6223,39.73732],[-120.62262,39.73735],[-120.6231,39.7371],[-120.62363,39.73702],[-120.62374,39.73691],[-120.62389,39.73646],[-120.6242,39.73597],[-120.62422,39.73545],[-120.62435,39.73518],[-120.62442,39.73508],[-120.6245,39.73502],[-120.62462,39.73498],[-120.62477,39.73497],[-120.62489,39.73501],[-120.625,39.73508],[-120.62505,39.73518],[-120.62506,39.73528]]]}},{"type":"Feature","properties":{"class":"perennial","width_ft":100},"geometry":{"type":"Polygon","coordinates":[[[-120.65812,39.73112],[-120.65796,39.73175],[-120.65784,39.73189],[-120.6577,39.73194],[-120.65757,39.73194],[-120.65743,39.73191],[-120.65734,39.73184],[-120.65727,39.73168],[-120.65732,39.73134],[-120.65744,39.73099],[-120.65759,39.73087],[-120.65773,39.73083],[-120.65786,39.73084],[-120.65797,39.73089],[-120.65807,39.73097],[-120.65812,39.73112]]]}},{"type":"Feature","properties":{"class":"perennial","width_ft":100},"geometry":{"type":"Polygon","coordinates":[[[-120.62124,39.73803],[-120.6211,39.7381],[-120.62092,39.73811],[-120.62075,39.73805],[-120.62065,39.73795],[-120.62063,39.73784],[-120.62066,39.73773],[-120.62082,39.73756],[-120.62094,39.7375],[-120.62109,39.73748],[-120.62122,39.7375],[-120.62134,39.73756],[-120.62141,39.73764],[-120.62144,39.73774],[-120.62142,39.73784],[-120.62124,39.73803]]]}},{"type":"Feature","properties":{"class":"perennial","width_ft":100},"geometry":{"type":"MultiPolygon","coordinates":[[[[-120.64014,39.73712],[-120.64014,39.7371],[-120.64014,39.73709],[-120.64014,39.73708],[-120.64014,39.73706],[-120.64014,39.73705],[-120.64014,39.73703],[-120.64019,39.73686],[-120.64023,39.73671],[-120.64023,39.7367],[-120.64024,39.73668],[-120.64024,39.73667],[-120.64025,39.73664],[-120.64025,39.73668],[-120.64023,39.73679],[-120.6402,39.73703],[-120.64017,39.73715],[-120.64015,39.73722],[-120.64014,39.73712]]]]}},{"type":"Feature","properties":{"class":"perennial","width_ft":100},"geometry":{"type":"Polygon","coordinates":[[[-120.60629,39.71657],[-120.60631,39.71682],[-120.60623,39.71726],[-120.60594,39.7178],[-120.60586,39.71788],[-120.60573,39.71794],[-120.60558,39.71795],[-120.60546,39.71793],[-120.6053,39.71781],[-120.60526,39.71765],[-120.60534,39.71746],[-120.60554,39.71713],[-120.60557,39.71698],[-120.60608,39.71667],[-120.60629,39.71657]]]}},{"type":"Feature","properties":{"class":"perennial","width_ft":100},"geometry":{"type":"Polygon","coordinates":[[[-120.64784,39.74333],[-120.64734,39.74418],[-120.64719,39.74432],[-120.64691,39.74447],[-120.6467,39.74468],[-120.6462,39.74509],[-120.64597,39.74526],[-120.64585,39.7453],[-120.64567,39.74531],[-120.64551,39.74524],[-120.64544,39.74517],[-120.6454,39.74507],[-120.64541,39.74499],[-120.64545,39.74489],[-120.64615,39.74433],[-120.64643,39.74406],[-120.64675,39.74387],[-120.64714,39.74321],[-120.64727,39.74308],[-120.6474,39.74304],[-120.64753,39.74303],[-120.64767,39.74307],[-120.64777,39.74314],[-120.64783,39.74323],[-120.64784,39.74333]]]}},{"type":"Feature","properties":{"class":"perennial","width_ft":100},"geometry":{"type":"Polygon","coordinates":[[[-120.63416,39.74476],[-120.63374,39.74516],[-120.63316,39.74555],[-120.63275,39.74624],[-120.63227,39.74655],[-120.63205,39.74681],[-120.63185,39.74694],[-120.63155,39.74708],[-120.63141,39.74722],[-120.63131,39.74728],[-120.63109,39.7473],[-120.6309,39.74721],[-120.63082,39.74712],[-120.6308,39.747],[-120.63084,39.74691],[-120.63096,39.74677],[-120.6311,39.74666],[-120.63154,39.74643],[-120.63173,39.74619],[-120.63218,39.74591],[-120.6325,39.74534],[-120.6326,39.7452],[-120.63323,39.74477],[-120.63357,39.74446],[-120.63377,39.74419],[-120.63396,39.74411],[-120.63411,39.74411],[-120.63423,39.74414],[-120.63432,39.74421],[-120.63438,39.74431],[-120.63437,39.74447],[-120.63416,39.74476]]]}},{"type":"Feature","properties":{"class":"perennial","width_ft":100},"geometry":{"type":"Polygon","coordinates":[[[-120.62999,39.73254],[-120.6298,39.73263],[-120.62969,39.73263],[-120.62957,39.7326],[-120.62941,39.73248],[-120.62938,39.73232],[-120.62943,39.73221],[-120.6296,39.73206],[-120.63019,39.73163],[-120.63018,39.73198],[-120.63013,39.73226],[-120.63007,39.73248],[-120.62999,39.73254]]]}},{"type":"Feature","properties":{"class":"intermittent","width_ft":50},"geometry":{"type":"MultiPolygon","coordinates":[[[[-120.62656,39.72627],[-120.62655,39.72626],[-120.62654,39.72626],[-120.62653,39.72626],[-120.62653,39.72625],[-120.62652,39.72625],[-120.62651,39.72624],[-120.62651,39.72624],[-120.6265,39.72623],[-120.62649,39.72623],[-120.62649,39.72622],[-120.62648,39.72621],[-120.62648,39.72621],[-120.62648,39.7262],[-120.62647,39.7262],[-120.62647,39.72619],[-120.62647,39.72618],[-120.62646,39.72617],[-120.62646,39.72617],[-120.62646,39.72616],[-120.62646,39.72615],[-120.62646,39.72615],[-120.62646,39.72614],[-120.62646,39.72613],[-120.62646,39.72613],[-120.62651,39.7262],[-120.62656,39.72627],[-120.62656,39.72627]]]]}},{"type":"Feature","properties":{"class":"intermittent","width_ft":50},"geometry":{"type":"Polygon","coordinates":[[[-120.61941,39.7188],[-120.61928,39.71891],[-120.61903,39.71902],[-120.61849,39.71916],[-120.61826,39.71925],[-120.61806,39.71941],[-120.61781,39.71971],[-120.61771,39.71978],[-120.61732,39.71995],[-120.61725,39.72001],[-120.61719,39.72009],[-120.61715,39.72024],[-120.61715,39.72063],[-120.61699,39.72098],[-120.61679,39.7212],[-120.61646,39.72139],[-120.61635,39.72158],[-120.61609,39.72243],[-120.61602,39.7231],[-120.61598,39.72316],[-120.61591,39.72319],[-120.61576,39.72317],[-120.6157,39.72313],[-120.61568,39.72306],[-120.61572,39.72253],[-120.61578,39.72225],[-120.616,39.72151],[-120.61618,39.72122],[-120.61637,39.7211],[-120.61654,39.72101],[-120.61667,39.72086],[-120.6168,39.72058],[-120.61678,39.72033],[-120.61682,39.7201],[-120.61686,39.71999],[-120.61696,39.71985],[-120.61712,39.71972],[-120.61755,39.71952],[-120.61779,39.71922],[-120.61804,39.71904],[-120.6182,39.71896],[-120.61888,39.71877],[-120.61911,39.71866],[-120.6192,39.71854],[-120.61928,39.71871],[-120.61941,39.7188]]]}},{"type":"Feature","properties":{"class":"intermittent","width_ft":50},"geometry":{"type":"Polygon","coordinates":[[[-120.63381,39.73505],[-120.63325,39.7355],[-120.63278,39.7361],[-120.63217,39.73655],[-120.63204,39.73669],[-120.63186,39.73697],[-120.63177,39.73723],[-120.63153,39.73756],[-120.6309,39.73873],[-120.63078,39.7388],[-120.63064,39.73879],[-120.63057,39.73871],[-120.63057,39.73862],[-120.63121,39.73744],[-120.63144,39.73712],[-120.63153,39.73686],[-120.63173,39.73655],[-120.6319,39.73637],[-120.6325,39.73593],[-120.63298,39.73532],[-120.63354,39.73489],[-120.63362,39.73486],[-120.63371,39.73487],[-120.63381,39.73494],[-120.63381,39.73505]]]}},{"type":"Feature","properties":{"class":"intermittent","width_ft":50},"geometry":{"type":"Polygon","coordinates":[[[-120.6576,39.73219],[-120.65749,39.73219],[-120.65738,39.73214],[-120.65736,39.73204],[-120.65742,39.73196],[-120.65775,39.73185],[-120.65795,39.73185],[-120.65805,39.73189],[-120.6581,39.73199],[-120.65803,39.73209],[-120.65795,39.73212],[-120.65781,39.73212],[-120.6576,39.73219]]]}},{"type":"Feature","properties":{"class":"intermittent","width_ft":50},"geometry":{"type":"Polygon","coordinates":[[[-120.65368,39.73528],[-120.65363,39.73537],[-120.65351,39.73541],[-120.65339,39.73538],[-120.65333,39.73529],[-120.65332,39.73449],[-120.65338,39.73441],[-120.65347,39.73437],[-120.65361,39.73439],[-120.65368,39.73448],[-120.65368,39.73528]]]}},{"type":"Feature","properties":{"class":"intermittent","width_ft":50},"geometry":{"type":"Polygon","coordinates":[[[-120.64768,39.7405],[-120.64768,39.74123],[-120.64749,39.74146],[-120.64741,39.74149],[-120.64732,39.74149],[-120.64723,39.74145],[-120.64719,39.74137],[-120.64721,39.7413],[-120.64733,39.74115],[-120.64734,39.74056],[-120.64712,39.74005],[-120.64714,39.73998],[-120.6472,39.73993],[-120.64734,39.73991],[-120.64745,39.73997],[-120.64768,39.7405]]]}},{"type":"Feature","properties":{"class":"intermittent","width_ft":50},"geometry":{"type":"Polygon","coordinates":[[[-120.61603,39.72306],[-120.61599,39.72337],[-120.61594,39.72348],[-120.61577,39.72368],[-120.61545,39.72392],[-120.61526,39.72399],[-120.61473,39.72417],[-120.61385,39.72436],[-120.61366,39.72445],[-120.61349,39.7246],[-120.61325,39.72474],[-120.61274,39.72484],[-120.61211,39.72491],[-120.612,39.72494],[-120.61189,39.72493],[-120.61181,39.72487],[-120.61181,39.72475],[-120.6119,39.72468],[-120.61202,39.72464],[-120.61267,39.72457],[-120.6131,39.72449],[-120.61343,39.72424],[-120.6137,39.72411],[-120.61461,39.72391],[-120.61524,39.72369],[-120.61549,39.72351],[-120.61561,39.72337],[-120.61564,39.7233],[-120.61569,39.72302],[-120.61578,39.72294],[-120.61591,39.72293],[-120.61601,39.72299],[-120.61603,39.72306]]]}},{"type":"Feature","properties":{"class":"intermittent","width_ft":50},"geometry":{"type":"Polygon","coordinates":[[[-120.60817,39.74412],[-120.60776,39.7441],[-120.60745,39.74414],[-120.60668,39.74436],[-120.60636,39.74439],[-120.60547,39.74427],[-120.60442,39.74422],[-120.60443,39.74394],[-120.60551,39.744],[-120.60638,39.74411],[-120.60658,39.7441],[-120.6072,39.7439],[-120.6074,39.74386],[-120.60775,39.74383],[-120.60837,39.74384],[-120.60848,39.74388],[-120.60853,39.74397],[-120.60848,39.74407],[-120.6084,39.74411],[-120.60817,39.74412]]]}},{"type":"Feature","properties":{"class":"intermittent","width_ft":50},"geometry":{"type":"Polygon","coordinates":[[[-120.61288,39.73404],[-120.61223,39.73374],[-120.61193,39.73367],[-120.61156,39.73372],[-120.61127,39.7338],[-120.61113,39.73386],[-120.61085,39.73388],[-120.61037,39.73379],[-120.61012,39.73371],[-120.60987,39.73365],[-120.6096,39.73364],[-120.60915,39.73371],[-120.60887,39.73378],[-120.60848,39.73378],[-120.60832,39.73382],[-120.60802,39.73394],[-120.60777,39.73398],[-120.60755,39.73399],[-120.60721,39.73411],[-120.60688,39.73413],[-120.60672,39.73412],[-120.60639,39.73399],[-120.60621,39.73398],[-120.60598,39.73393],[-120.60476,39.73389],[-120.60444,39.73393],[-120.60444,39.73364],[-120.60477,39.73361],[-120.60525,39.73364],[-120.60563,39.73363],[-120.60603,39.73365],[-120.60628,39.73371],[-120.60648,39.73373],[-120.60683,39.73385],[-120.60698,39.73386],[-120.60712,39.73385],[-120.60747,39.73372],[-120.60773,39.73371],[-120.60792,39.73367],[-120.60818,39.73357],[-120.6084,39.73352],[-120.6088,39.73351],[-120.60908,39.73345],[-120.60957,39.73337],[-120.60995,39.73338],[-120.61025,39.73345],[-120.61046,39.73353],[-120.61087,39.73361],[-120.61102,39.7336],[-120.61112,39.73355],[-120.61146,39.73345],[-120.61196,39.7334],[-120.61238,39.73349],[-120.61303,39.73379],[-120.61309,39.73385],[-120.61309,39.73396],[-120.613,39.73403],[-120.61288,39.73404]]]}},{"type":"Feature","properties":{"class":"intermittent","width_ft":50},"geometry":{"type":"Polygon","coordinates":[[[-120.62659,39.72631],[-120.6261,39.72642],[-120.625,39.7266],[-120.6248,39.72662],[-120.62432,39.72658],[-120.62423,39.72661],[-120.62364,39.72671],[-120.62322,39.72672],[-120.62304,39.72671],[-120.62258,39.72658],[-120.62243,39.72653],[-120.62201,39.7263],[-120.6214,39.72612],[-120.62105,39.72605],[-120.62087,39.72604],[-120.62079,39.72598],[-120.62076,39.7259],[-120.62081,39.72582],[-120.62091,39.72578],[-120.62108,39.72578],[-120.62133,39.72582],[-120.62215,39.72605],[-120.62239,39.72616],[-120.62262,39.7263],[-120.62272,39.72633],[-120.62312,39.72644],[-120.62325,39.72645],[-120.62342,39.72645],[-120.62375,39.72642],[-120.62425,39.72631],[-120.62444,39.7263],[-120.6248,39.72634],[-120.62494,39.72633],[-120.62605,39.72615],[-120.62641,39.72606],[-120.62659,39.72631]]]}},{"type":"Feature","properties":{"class":"intermittent","width_ft":50},"geometry":{"type":"Polygon","coordinates":[[[-120.64463,39.75805],[-120.64462,39.75924],[-120.64507,39.75953],[-120.64558,39.75999],[-120.64573,39.76017],[-120.64586,39.76056],[-120.64582,39.76064],[-120.64573,39.76069],[-120.64563,39.76069],[-120.64555,39.76064],[-120.64541,39.76029],[-120.6453,39.76015],[-120.64482,39.75973],[-120.64432,39.7594],[-120.64427,39.75932],[-120.64428,39.75801],[-120.64443,39.75735],[-120.64458,39.75695],[-120.64465,39.75688],[-120.64476,39.75686],[-120.64488,39.7569],[-120.64492,39.757],[-120.64478,39.75741],[-120.64463,39.75805]]]}},{"type":"Feature","properties":{"class":"intermittent","width_ft":50},"geometry":{"type":"Polygon","coordinates":[[[-120.64776,39.74188],[-120.64776,39.74206],[-120.64782,39.74239],[-120.64797,39.74251],[-120.64818,39.74258],[-120.64824,39.74265],[-120.64823,39.74275],[-120.64812,39.74282],[-120.64802,39.74282],[-120.64777,39.74274],[-120.64749,39.74251],[-120.64741,39.74209],[-120.64741,39.74193],[-120.64719,39.74138],[-120.64721,39.7413],[-120.64728,39.74124],[-120.64742,39.74123],[-120.64753,39.7413],[-120.64776,39.74188]]]}},{"type":"Feature","properties":{"class":"intermittent","width_ft":50},"geometry":{"type":"Polygon","coordinates":[[[-120.65352,39.73428],[-120.65366,39.73444],[-120.65368,39.73451],[-120.65362,39.7346],[-120.65349,39.73464],[-120.65341,39.73462],[-120.65335,39.73458],[-120.6532,39.7344],[-120.65312,39.73421],[-120.65304,39.73384],[-120.65307,39.73377],[-120.65313,39.73372],[-120.65327,39.73371],[-120.65337,39.73378],[-120.65346,39.73414],[-120.65352,39.73428]]]}},{"type":"Feature","properties":{"class":"intermittent","width_ft":50},"geometry":{"type":"Polygon","coordinates":[[[-120.65375,39.73547],[-120.65403,39.7371],[-120.65421,39.73746],[-120.65417,39.73756],[-120.65405,39.73761],[-120.65395,39.73759],[-120.65388,39.73755],[-120.65368,39.73716],[-120.6534,39.73552],[-120.65332,39.73529],[-120.65333,39.73522],[-120.65338,39.73517],[-120.6535,39.73513],[-120.65363,39.73517],[-120.65367,39.73523],[-120.65375,39.73547]]]}},{"type":"Feature","properties":{"class":"intermittent","width_ft":50},"geometry":{"type":"Polygon","coordinates":[[[-120.60887,39.73046],[-120.60831,39.73069],[-120.60786,39.73083],[-120.60746,39.73092],[-120.60683,39.73099],[-120.60635,39.73116],[-120.60591,39.73121],[-120.60486,39.7311],[-120.60467,39.73076],[-120.60485,39.73082],[-120.60517,39.73087],[-120.60589,39.73094],[-120.60615,39.73092],[-120.60659,39.73076],[-120.60674,39.73073],[-120.60739,39.73065],[-120.60774,39.73057],[-120.60837,39.73036],[-120.60904,39.73006],[-120.60913,39.73004],[-120.60922,39.73007],[-120.60929,39.73015],[-120.60926,39.73026],[-120.60887,39.73046]]]}},{"type":"Feature","properties":{"class":"intermittent","width_ft":50},"geometry":{"type":"Polygon","coordinates":[[[-120.6147,39.74118],[-120.61421,39.74174],[-120.61373,39.74217],[-120.61342,39.74237],[-120.61291,39.74254],[-120.61251,39.7426],[-120.61214,39.7426],[-120.61159,39.74246],[-120.61132,39.74253],[-120.61122,39.74257],[-120.61097,39.74272],[-120.61058,39.74309],[-120.61031,39.74327],[-120.61013,39.74343],[-120.60967,39.74375],[-120.60941,39.74388],[-120.6091,39.74402],[-120.60875,39.74409],[-120.60833,39.74411],[-120.60826,39.74409],[-120.6082,39.74404],[-120.60819,39.74393],[-120.60827,39.74385],[-120.60869,39.74382],[-120.60896,39.74377],[-120.60944,39.74353],[-120.61031,39.74291],[-120.61073,39.74252],[-120.61104,39.74233],[-120.61157,39.74218],[-120.61173,39.7422],[-120.61221,39.74233],[-120.61247,39.74232],[-120.61281,39.74228],[-120.61324,39.74213],[-120.61348,39.74198],[-120.61393,39.74157],[-120.61435,39.74106],[-120.61451,39.74098],[-120.61464,39.741],[-120.61472,39.74109],[-120.6147,39.74118]]]}},{"type":"Feature","properties":{"class":"intermittent","width_ft":50},"geometry":{"type":"Polygon","coordinates":[[[-120.63482,39.74731],[-120.63434,39.74784],[-120.63418,39.74813],[-120.63266,39.74941],[-120.63135,39.74974],[-120.63125,39.74973],[-120.63117,39.7497],[-120.63113,39.74964],[-120.63113,39.74957],[-120.63123,39.74948],[-120.63245,39.74919],[-120.63389,39.74797],[-120.63403,39.7477],[-120.63456,39.74712],[-120.63559,39.74645],[-120.63567,39.74643],[-120.63591,39.74643],[-120.63603,39.74647],[-120.63608,39.74657],[-120.63602,39.74667],[-120.63593,39.7467],[-120.63575,39.7467],[-120.63482,39.74731]]]}},{"type":"Feature","properties":{"class":"intermittent","width_ft":50},"geometry":{"type":"Polygon","coordinates":[[[-120.6584,39.73265],[-120.65776,39.73205],[-120.65775,39.73194],[-120.65783,39.73186],[-120.65794,39.73184],[-120.65804,39.73188],[-120.6586,39.73242],[-120.65874,39.73248],[-120.65879,39.73253],[-120.65879,39.73264],[-120.6587,39.73271],[-120.65859,39.73272],[-120.6584,39.73265]]]}},{"type":"Feature","properties":{"class":"intermittent","width_ft":50},"geometry":{"type":"Polygon","coordinates":[[[-120.61261,39.74991],[-120.61225,39.74994],[-120.61209,39.75003],[-120.61186,39.75009],[-120.6117,39.75027],[-120.61151,39.75041],[-120.61136,39.75049],[-120.61107,39.75058],[-120.61095,39.75068],[-120.61088,39.75083],[-120.61051,39.75082],[-120.61059,39.75061],[-120.61075,39.75044],[-120.61087,39.75035],[-120.61129,39.7502],[-120.61166,39.74986],[-120.61192,39.74979],[-120.61203,39.74972],[-120.61224,39.74966],[-120.61256,39.74964],[-120.61264,39.74966],[-120.61273,39.74975],[-120.6127,39.74985],[-120.61261,39.74991]]]}},{"type":"Feature","properties":{"class":"intermittent","width_ft":50},"geometry":{"type":"Polygon","coordinates":[[[-120.61193,39.72499],[-120.61187,39.72509],[-120.61185,39.72523],[-120.61176,39.72546],[-120.61165,39.72551],[-120.61152,39.72549],[-120.61146,39.72544],[-120.61144,39.72537],[-120.61156,39.72492],[-120.61177,39.72473],[-120.61192,39.72467],[-120.61201,39.72467],[-120.61212,39.72473],[-120.61215,39.72483],[-120.6121,39.72491],[-120.61193,39.72499]]]}},{"type":"Feature","properties":{"class":"intermittent","width_ft":50},"geometry":{"type":"Polygon","coordinates":[[[-120.64947,39.7385],[-120.64939,39.73871],[-120.64934,39.73877],[-120.64921,39.73881],[-120.64909,39.73876],[-120.64905,39.73866],[-120.64911,39.7385],[-120.64905,39.73812],[-120.64908,39.73805],[-120.64915,39.738],[-120.64928,39.73799],[-120.64938,39.73806],[-120.64947,39.7385]]]}},{"type":"Feature","properties":{"class":"intermittent","width_ft":50},"geometry":{"type":"Polygon","coordinates":[[[-120.62622,39.74173],[-120.62529,39.74264],[-120.62479,39.74334],[-120.62445,39.74369],[-120.62408,39.74412],[-120.62383,39.74435],[-120.62354,39.74476],[-120.62331,39.74495],[-120.62315,39.74514],[-120.62288,39.7455],[-120.62261,39.74602],[-120.62249,39.74613],[-120.62234,39.74635],[-120.62221,39.74667],[-120.6219,39.74712],[-120.62181,39.74757],[-120.62165,39.74808],[-120.62165,39.74839],[-120.62169,39.74848],[-120.62172,39.74874],[-120.62181,39.74899],[-120.62185,39.74932],[-120.62172,39.74963],[-120.62159,39.74974],[-120.62145,39.74998],[-120.62136,39.75003],[-120.62123,39.75003],[-120.62114,39.74996],[-120.62113,39.74987],[-120.62128,39.74961],[-120.62141,39.74949],[-120.6215,39.74928],[-120.62146,39.74905],[-120.62136,39.74873],[-120.62134,39.74853],[-120.62129,39.74842],[-120.62129,39.74807],[-120.62133,39.74791],[-120.62146,39.74752],[-120.62151,39.74718],[-120.62156,39.74703],[-120.62188,39.74656],[-120.622,39.74625],[-120.62219,39.74599],[-120.62229,39.74588],[-120.62257,39.74537],[-120.62302,39.74479],[-120.62324,39.7446],[-120.62353,39.7442],[-120.6238,39.74396],[-120.62416,39.74353],[-120.6245,39.74319],[-120.625,39.74248],[-120.62592,39.74158],[-120.62613,39.74129],[-120.6262,39.74125],[-120.62629,39.74124],[-120.62641,39.74129],[-120.62645,39.74139],[-120.62622,39.74173]]]}},{"type":"Feature","properties":{"class":"intermittent","width_ft":50},"geometry":{"type":"Polygon","coordinates":[[[-120.65305,39.73347],[-120.65339,39.7338],[-120.65337,39.73391],[-120.65327,39.73398],[-120.65318,39.73398],[-120.6531,39.73395],[-120.6528,39.73367],[-120.65202,39.73317],[-120.65197,39.73309],[-120.652,39.73301],[-120.6521,39.73294],[-120.65224,39.73296],[-120.65305,39.73347]]]}},{"type":"Feature","properties":{"class":"intermittent","width_ft":50},"geometry":{"type":"Polygon","coordinates":[[[-120.62162,39.73187],[-120.62112,39.73189],[-120.62028,39.73179],[-120.61966,39.7318],[-120.61936,39.73175],[-120.6182,39.73176],[-120.61792,39.73172],[-120.61785,39.73167],[-120.61784,39.73159],[-120.61789,39.7315],[-120.61801,39.73147],[-120.61883,39.73149],[-120.61939,39.73148],[-120.61969,39.73153],[-120.61995,39.73153],[-120.62029,39.73152],[-120.62113,39.73161],[-120.6218,39.73157],[-120.62192,39.7316],[-120.62198,39.7317],[-120.62194,39.7318],[-120.62186,39.73184],[-120.62162,39.73187]]]}},{"type":"Feature","properties":{"class":"intermittent","width_ft":50},"geometry":{"type":"Polygon","coordinates":[[[-120.61379,39.72976],[-120.61266,39.72961],[-120.61245,39.72961],[-120.61235,39.72962],[-120.61205,39.72973],[-120.61174,39.7298],[-120.61094,39.72984],[-120.61006,39.72991],[-120.60994,39.72995],[-120.60916,39.73031],[-120.60902,39.73029],[-120.60894,39.7302],[-120.60896,39.73012],[-120.60902,39.73007],[-120.60976,39.72971],[-120.60996,39.72965],[-120.61021,39.72961],[-120.61168,39.72953],[-120.61193,39.72947],[-120.61224,39.72936],[-120.6124,39.72933],[-120.61271,39.72933],[-120.61385,39.72949],[-120.61392,39.72952],[-120.61397,39.72958],[-120.61397,39.72968],[-120.61387,39.72975],[-120.61379,39.72976]]]}},{"type":"Feature","properties":{"class":"intermittent","width_ft":50},"geometry":{"type":"Polygon","coordinates":[[[-120.61304,39.72129],[-120.6128,39.72152],[-120.61213,39.72205],[-120.61175,39.72222],[-120.61133,39.72235],[-120.61063,39.72247],[-120.61022,39.72275],[-120.60976,39.72302],[-120.60968,39.72311],[-120.60963,39.72338],[-120.60966,39.72366],[-120.60963,39.72379],[-120.60968,39.72404],[-120.60977,39.72429],[-120.60976,39.72444],[-120.60961,39.72461],[-120.60942,39.72476],[-120.60933,39.72488],[-120.60918,39.72528],[-120.60896,39.72559],[-120.60883,39.72604],[-120.60873,39.72622],[-120.60865,39.72632],[-120.60852,39.72641],[-120.60842,39.72643],[-120.60832,39.7264],[-120.60826,39.72634],[-120.60826,39.72625],[-120.60842,39.72609],[-120.60849,39.72596],[-120.60862,39.72549],[-120.60885,39.72518],[-120.609,39.72477],[-120.60913,39.72459],[-120.60941,39.72436],[-120.60933,39.72409],[-120.60928,39.72381],[-120.6093,39.72367],[-120.60928,39.72337],[-120.60935,39.72301],[-120.60949,39.72284],[-120.61047,39.72223],[-120.61065,39.72218],[-120.61121,39.7221],[-120.61159,39.72197],[-120.61192,39.72183],[-120.61292,39.72099],[-120.61308,39.72091],[-120.61321,39.72091],[-120.61331,39.72098],[-120.61331,39.72108],[-120.61327,39.72114],[-120.61304,39.72129]]]}},{"type":"Feature","properties":{"class":"intermittent","width_ft":50},"geometry":{"type":"Polygon","coordinates":[[[-120.66049,39.72838],[-120.66018,39.72869],[-120.65864,39.72962],[-120.65851,39.72965],[-120.65839,39.7296],[-120.65835,39.7295],[-120.65841,39.72941],[-120.65993,39.72848],[-120.6602,39.72823],[-120.66042,39.72794],[-120.6605,39.7279],[-120.66058,39.7279],[-120.6607,39.72795],[-120.66073,39.72805],[-120.66049,39.72838]]]}},{"type":"Feature","properties":{"class":"intermittent","width_ft":50},"geometry":{"type":"Polygon","coordinates":[[[-120.6309,39.73873],[-120.63039,39.73936],[-120.63025,39.73949],[-120.63013,39.73955],[-120.63005,39.73956],[-120.62987,39.73955],[-120.62938,39.73933],[-120.6292,39.73937],[-120.62905,39.73943],[-120.62858,39.7398],[-120.62845,39.73981],[-120.62834,39.73974],[-120.62832,39.73968],[-120.62834,39.73962],[-120.62856,39.7394],[-120.62883,39.73921],[-120.62905,39.73912],[-120.62943,39.73906],[-120.62959,39.73911],[-120.62991,39.73927],[-120.63,39.73929],[-120.63062,39.73856],[-120.63074,39.73853],[-120.63085,39.73856],[-120.63091,39.73864],[-120.6309,39.73873]]]}},{"type":"Feature","properties":{"class":"intermittent","width_ft":50},"geometry":{"type":"Polygon","coordinates":[[[-120.66042,39.72998],[-120.6603,39.72995],[-120.66024,39.72986],[-120.66027,39.72976],[-120.66036,39.72971],[-120.66127,39.72965],[-120.66138,39.72968],[-120.66144,39.72975],[-120.66142,39.72985],[-120.66132,39.72992],[-120.66042,39.72998]]]}},{"type":"Feature","properties":{"class":"intermittent","width_ft":50},"geometry":{"type":"Polygon","coordinates":[[[-120.61485,39.71627],[-120.61495,39.71646],[-120.61505,39.71657],[-120.61554,39.71705],[-120.61567,39.71733],[-120.61567,39.71761],[-120.61559,39.71775],[-120.61533,39.71801],[-120.61533,39.7181],[-120.61541,39.7183],[-120.61538,39.71865],[-120.61514,39.71888],[-120.61489,39.71899],[-120.6148,39.71907],[-120.61466,39.71931],[-120.61463,39.7195],[-120.61456,39.71956],[-120.61445,39.71958],[-120.61435,39.71954],[-120.6143,39.71948],[-120.61432,39.71924],[-120.61451,39.7189],[-120.61468,39.71877],[-120.6149,39.71867],[-120.61504,39.71855],[-120.61505,39.71832],[-120.61498,39.71815],[-120.61498,39.71793],[-120.61532,39.71756],[-120.61532,39.71738],[-120.61523,39.71719],[-120.61465,39.7166],[-120.61448,39.71627],[-120.61485,39.71627]]]}},{"type":"Feature","properties":{"class":"intermittent","width_ft":50},"geometry":{"type":"Polygon","coordinates":[[[-120.65942,39.73579],[-120.65914,39.73563],[-120.65841,39.73563],[-120.65802,39.73588],[-120.65708,39.73638],[-120.65636,39.73671],[-120.65543,39.73704],[-120.65507,39.73721],[-120.65461,39.73727],[-120.65442,39.73718],[-120.65436,39.73712],[-120.65437,39.73702],[-120.65445,39.73695],[-120.65457,39.73694],[-120.65468,39.73699],[-120.65493,39.73695],[-120.65527,39.7368],[-120.65619,39.73647],[-120.65732,39.73593],[-120.65829,39.73536],[-120.65924,39.73537],[-120.65956,39.73554],[-120.65979,39.7356],[-120.65987,39.73567],[-120.65985,39.73578],[-120.65975,39.73585],[-120.65966,39.73585],[-120.65942,39.73579]]]}},{"type":"Feature","properties":{"class":"intermittent","width_ft":50},"geometry":{"type":"Polygon","coordinates":[[[-120.65997,39.73043],[-120.65964,39.73062],[-120.65871,39.73101],[-120.65842,39.73107],[-120.65806,39.73123],[-120.65773,39.73124],[-120.65764,39.73121],[-120.6576,39.73116],[-120.65759,39.73106],[-120.65768,39.73099],[-120.65794,39.73097],[-120.65827,39.73081],[-120.65857,39.73075],[-120.65946,39.73038],[-120.65972,39.73023],[-120.6603,39.72974],[-120.66039,39.72971],[-120.6605,39.72972],[-120.66058,39.72981],[-120.66057,39.72991],[-120.65997,39.73043]]]}},{"type":"Feature","properties":{"class":"intermittent","width_ft":50},"geometry":{"type":"Polygon","coordinates":[[[-120.61767,39.73138],[-120.61814,39.73151],[-120.61819,39.73161],[-120.61814,39.7317],[-120.61803,39.73174],[-120.61767,39.73167],[-120.61728,39.73152],[-120.61697,39.73126],[-120.61671,39.731],[-120.6159,39.72991],[-120.61582,39.72982],[-120.61566,39.72971],[-120.61531,39.72961],[-120.61498,39.72958],[-120.61482,39.7296],[-120.6143,39.72973],[-120.61389,39.72978],[-120.61374,39.72975],[-120.61367,39.72971],[-120.61363,39.72964],[-120.61366,39.72956],[-120.61376,39.72949],[-120.61408,39.72949],[-120.61436,39.72944],[-120.61473,39.72933],[-120.61496,39.7293],[-120.61539,39.72935],[-120.61584,39.72948],[-120.61609,39.72964],[-120.61619,39.72976],[-120.617,39.73084],[-120.61725,39.73109],[-120.61751,39.73131],[-120.61767,39.73138]]]}},{"type":"Feature","properties":{"class":"intermittent","width_ft":50},"geometry":{"type":"Polygon","coordinates":[[[-120.61465,39.71944],[-120.61456,39.71983],[-120.61455,39.72023],[-120.61445,39.72042],[-120.61392,39.72081],[-120.61364,39.72097],[-120.61321,39.72117],[-120.61312,39.72117],[-120.61304,39.72114],[-120.61297,39.72105],[-120.61302,39.72094],[-120.61312,39.72087],[-120.61345,39.72073],[-120.61369,39.7206],[-120.61416,39.72026],[-120.61421,39.72012],[-120.61421,39.7198],[-120.61429,39.71941],[-120.61436,39.71933],[-120.61449,39.7193],[-120.61461,39.71936],[-120.61465,39.71944]]]}},{"type":"Feature","properties":{"class":"intermittent","width_ft":50},"geometry":{"type":"Polygon","coordinates":[[[-120.64952,39.73876],[-120.64982,39.73978],[-120.65013,39.74033],[-120.6501,39.74044],[-120.64999,39.7405],[-120.64989,39.74049],[-120.64981,39.74044],[-120.64948,39.73988],[-120.6492,39.73889],[-120.64906,39.73872],[-120.64906,39.73862],[-120.64916,39.73854],[-120.64929,39.73854],[-120.64937,39.73859],[-120.64952,39.73876]]]}},{"type":"Feature","properties":{"class":"intermittent","width_ft":50},"geometry":{"type":"Polygon","coordinates":[[[-120.62864,39.73977],[-120.62798,39.74037],[-120.62715,39.74086],[-120.62671,39.74115],[-120.62638,39.74148],[-120.62625,39.74151],[-120.62613,39.74146],[-120.62609,39.74139],[-120.62611,39.74132],[-120.62645,39.74097],[-120.62692,39.74064],[-120.62774,39.74017],[-120.62838,39.73958],[-120.62851,39.73954],[-120.62863,39.73958],[-120.62868,39.73967],[-120.62864,39.73977]]]}},{"type":"Feature","properties":{"class":"intermittent","width_ft":50},"geometry":{"type":"Polygon","coordinates":[[[-120.61735,39.73922],[-120.61711,39.73963],[-120.61682,39.73992],[-120.61642,39.74013],[-120.61602,39.74046],[-120.61588,39.74054],[-120.61559,39.74064],[-120.61533,39.74076],[-120.61504,39.74093],[-120.61482,39.74113],[-120.61464,39.74123],[-120.61452,39.74125],[-120.61441,39.7412],[-120.61437,39.74112],[-120.61439,39.74104],[-120.61457,39.74093],[-120.6148,39.74072],[-120.61541,39.7404],[-120.6157,39.7403],[-120.61619,39.73992],[-120.61656,39.73973],[-120.6168,39.73949],[-120.61702,39.73913],[-120.61711,39.73907],[-120.61724,39.73906],[-120.61734,39.73914],[-120.61735,39.73922]]]}},{"type":"Feature","properties":{"class":"intermittent","width_ft":50},"geometry":{"type":"Polygon","coordinates":[[[-120.621,39.75124],[-120.62106,39.75157],[-120.62101,39.75193],[-120.62088,39.75218],[-120.62075,39.75232],[-120.62032,39.75272],[-120.62007,39.7529],[-120.61948,39.75322],[-120.61934,39.75335],[-120.61897,39.75359],[-120.61882,39.75383],[-120.61872,39.75415],[-120.61879,39.75452],[-120.61843,39.75452],[-120.61837,39.75426],[-120.61837,39.75411],[-120.61849,39.75373],[-120.61867,39.75344],[-120.61909,39.75315],[-120.61925,39.75301],[-120.61985,39.75268],[-120.62007,39.75252],[-120.62048,39.75215],[-120.62057,39.75204],[-120.62066,39.75188],[-120.62071,39.75156],[-120.62065,39.75128],[-120.6207,39.75119],[-120.62081,39.75115],[-120.62093,39.75117],[-120.621,39.75124]]]}},{"type":"Feature","properties":{"class":"ephemeral","width_ft":25},"geometry":{"type":"Polygon","coordinates":[[[-120.64206,39.75596],[-120.64163,39.75668],[-120.64141,39.75712],[-120.64119,39.75739],[-120.64112,39.75761],[-120.64076,39.75806],[-120.6404,39.75866],[-120.63961,39.75958],[-120.6394,39.76039],[-120.63939,39.76088],[-120.63924,39.76176],[-120.63909,39.76232],[-120.63887,39.76275],[-120.63882,39.76278],[-120.63876,39.76278],[-120.63872,39.76275],[-120.63871,39.7627],[-120.63892,39.76228],[-120.63907,39.76174],[-120.63922,39.76087],[-120.63922,39.76037],[-120.63945,39.75953],[-120.64024,39.75859],[-120.6406,39.75799],[-120.64096,39.75756],[-120.64103,39.75734],[-120.64125,39.75706],[-120.64146,39.75662],[-120.64189,39.75592],[-120.64197,39.75569],[-120.64204,39.75565],[-120.64211,39.75567],[-120.64214,39.75572],[-120.64206,39.75596]]]}},{"type":"Feature","properties":{"class":"ephemeral","width_ft":25},"geometry":{"type":"Polygon","coordinates":[[[-120.65044,39.73394],[-120.65097,39.73416],[-120.65169,39.73428],[-120.65234,39.73466],[-120.65284,39.73483],[-120.6532,39.73505],[-120.65339,39.7352],[-120.65355,39.73521],[-120.65359,39.73525],[-120.65358,39.7353],[-120.65351,39.73534],[-120.65332,39.73533],[-120.65309,39.73516],[-120.65274,39.73495],[-120.65224,39.73478],[-120.65161,39.7344],[-120.6509,39.73429],[-120.65039,39.73406],[-120.65035,39.734],[-120.65038,39.73396],[-120.65044,39.73394]]]}},{"type":"Feature","properties":{"class":"ephemeral","width_ft":25},"geometry":{"type":"Polygon","coordinates":[[[-120.66341,39.73394],[-120.6629,39.73439],[-120.66247,39.73483],[-120.66181,39.73528],[-120.66165,39.73529],[-120.66138,39.73545],[-120.66072,39.73568],[-120.6597,39.73578],[-120.65962,39.73575],[-120.65961,39.73569],[-120.65967,39.73565],[-120.66067,39.73554],[-120.66129,39.73533],[-120.66158,39.73516],[-120.66173,39.73516],[-120.66234,39.73474],[-120.66276,39.7343],[-120.66326,39.73386],[-120.66354,39.73349],[-120.66397,39.73304],[-120.66402,39.73302],[-120.66409,39.73303],[-120.66413,39.73307],[-120.66412,39.73312],[-120.66369,39.73356],[-120.66341,39.73394]]]}},{"type":"Feature","properties":{"class":"ephemeral","width_ft":25},"geometry":{"type":"Polygon","coordinates":[[[-120.62976,39.73581],[-120.62933,39.73592],[-120.62903,39.73608],[-120.62753,39.73647],[-120.62723,39.73652],[-120.62616,39.73658],[-120.6261,39.73657],[-120.62607,39.73653],[-120.62608,39.73647],[-120.62614,39.73644],[-120.62721,39.73639],[-120.62748,39.73634],[-120.62896,39.73596],[-120.62925,39.73579],[-120.62968,39.73568],[-120.63024,39.73541],[-120.6303,39.7354],[-120.63035,39.73543],[-120.63037,39.73548],[-120.63034,39.73552],[-120.62976,39.73581]]]}},{"type":"Feature","properties":{"class":"ephemeral","width_ft":25},"geometry":{"type":"Polygon","coordinates":[[[-120.6366,39.75212],[-120.63653,39.75281],[-120.63646,39.75293],[-120.63638,39.75324],[-120.63634,39.75328],[-120.63628,39.75328],[-120.63623,39.75326],[-120.63621,39.75321],[-120.63628,39.75289],[-120.63636,39.75277],[-120.63643,39.75215],[-120.63636,39.75198],[-120.63639,39.75192],[-120.63646,39.7519],[-120.63652,39.75193],[-120.6366,39.75212]]]}},{"type":"Feature","properties":{"class":"ephemeral","width_ft":25},"geometry":{"type":"Polygon","coordinates":[[[-120.65273,39.73019],[-120.65288,39.7306],[-120.65288,39.7312],[-120.65302,39.73174],[-120.65344,39.73261],[-120.65359,39.73318],[-120.65352,39.73342],[-120.6533,39.73387],[-120.65323,39.73391],[-120.65315,39.73389],[-120.65313,39.73383],[-120.65335,39.73338],[-120.65341,39.73318],[-120.65327,39.73265],[-120.65285,39.73177],[-120.6527,39.73122],[-120.6527,39.73062],[-120.65257,39.73024],[-120.65235,39.72988],[-120.65245,39.7297],[-120.65273,39.73019]]]}},{"type":"Feature","properties":{"class":"ephemeral","width_ft":25},"geometry":{"type":"Polygon","coordinates":[[[-120.61972,39.73758],[-120.61995,39.73759],[-120.62,39.73762],[-120.62,39.73768],[-120.61993,39.73772],[-120.61969,39.73772],[-120.6191,39.73755],[-120.61851,39.73727],[-120.61848,39.73723],[-120.61849,39.73719],[-120.61854,39.73715],[-120.6186,39.73715],[-120.61918,39.73743],[-120.61972,39.73758]]]}},{"type":"Feature","properties":{"class":"ephemeral","width_ft":25},"geometry":{"type":"Polygon","coordinates":[[[-120.62156,39.73736],[-120.62163,39.7377],[-120.62161,39.73775],[-120.62154,39.73776],[-120.62146,39.73772],[-120.62139,39.73738],[-120.62131,39.73552],[-120.62138,39.73522],[-120.62146,39.73517],[-120.62153,39.73519],[-120.62155,39.73524],[-120.62148,39.73552],[-120.62156,39.73736]]]}},{"type":"Feature","properties":{"class":"ephemeral","width_ft":25},"geometry":{"type":"Polygon","coordinates":[[[-120.61014,39.71931],[-120.60998,39.7195],[-120.60983,39.71962],[-120.60962,39.71972],[-120.60821,39.72082],[-120.60815,39.72084],[-120.60809,39.72081],[-120.60806,39.72076],[-120.60809,39.72072],[-120.6095,39.71962],[-120.60972,39.71951],[-120.60985,39.71941],[-120.60998,39.71926],[-120.61005,39.71904],[-120.61012,39.719],[-120.61019,39.71902],[-120.61022,39.71907],[-120.61014,39.71931]]]}},{"type":"Feature","properties":{"class":"ephemeral","width_ft":25},"geometry":{"type":"Polygon","coordinates":[[[-120.62521,39.72442],[-120.62443,39.7247],[-120.62336,39.72498],[-120.62213,39.7251],[-120.62167,39.72498],[-120.62116,39.72477],[-120.621,39.72464],[-120.62097,39.7246],[-120.62101,39.72454],[-120.6211,39.72453],[-120.62126,39.72465],[-120.62174,39.72486],[-120.62214,39.72496],[-120.62331,39.72485],[-120.62436,39.72457],[-120.62513,39.7243],[-120.62521,39.72442]]]}},{"type":"Feature","properties":{"class":"ephemeral","width_ft":25},"geometry":{"type":"Polygon","coordinates":[[[-120.61922,39.72777],[-120.61862,39.72795],[-120.61749,39.72812],[-120.61716,39.72822],[-120.61699,39.72834],[-120.61693,39.72833],[-120.61688,39.72829],[-120.6169,39.72823],[-120.61706,39.7281],[-120.61744,39.72798],[-120.61857,39.72782],[-120.61912,39.72765],[-120.61942,39.72748],[-120.6196,39.72748],[-120.61966,39.72751],[-120.61968,39.72756],[-120.61964,39.72761],[-120.61948,39.72762],[-120.61922,39.72777]]]}},{"type":"Feature","properties":{"class":"ephemeral","width_ft":25},"geometry":{"type":"Polygon","coordinates":[[[-120.61268,39.72682],[-120.61124,39.72721],[-120.61022,39.72716],[-120.60968,39.72693],[-120.60939,39.72671],[-120.60906,39.72637],[-120.60905,39.72631],[-120.6091,39.72626],[-120.60919,39.72628],[-120.60952,39.72662],[-120.60979,39.72683],[-120.61026,39.72703],[-120.61121,39.72708],[-120.61261,39.7267],[-120.61276,39.72664],[-120.61283,39.72665],[-120.61287,39.72669],[-120.61286,39.72674],[-120.61268,39.72682]]]}},{"type":"Feature","properties":{"class":"ephemeral","width_ft":25},"geometry":{"type":"Polygon","coordinates":[[[-120.61286,39.72294],[-120.6125,39.72395],[-120.61201,39.72444],[-120.61206,39.72481],[-120.61202,39.72486],[-120.61194,39.72487],[-120.61189,39.72482],[-120.61184,39.7244],[-120.61234,39.72389],[-120.6124,39.72374],[-120.61268,39.72292],[-120.61282,39.72167],[-120.61299,39.72118],[-120.61302,39.72115],[-120.61308,39.72114],[-120.61314,39.72116],[-120.61316,39.72121],[-120.61299,39.72169],[-120.61286,39.72294]]]}},{"type":"Feature","properties":{"class":"ephemeral","width_ft":25},"geometry":{"type":"Polygon","coordinates":[[[-120.62973,39.73763],[-120.629,39.7382],[-120.62865,39.73857],[-120.62845,39.73915],[-120.62859,39.73969],[-120.62854,39.73974],[-120.62846,39.73974],[-120.62842,39.7397],[-120.62827,39.73915],[-120.62849,39.73851],[-120.62886,39.73811],[-120.62956,39.73757],[-120.62963,39.73736],[-120.62971,39.73732],[-120.62977,39.73734],[-120.6298,39.73739],[-120.62973,39.73763]]]}},{"type":"Feature","properties":{"class":"ephemeral","width_ft":25},"geometry":{"type":"Polygon","coordinates":[[[-120.65734,39.73902],[-120.65716,39.73891],[-120.65687,39.73885],[-120.65575,39.73825],[-120.6555,39.73825],[-120.65489,39.73836],[-120.65427,39.73873],[-120.65369,39.73912],[-120.65333,39.73928],[-120.65277,39.7396],[-120.65263,39.73971],[-120.65242,39.73982],[-120.6522,39.74004],[-120.65169,39.74032],[-120.65105,39.74054],[-120.6509,39.74066],[-120.65031,39.74077],[-120.64985,39.74077],[-120.6497,39.74074],[-120.64966,39.74069],[-120.64967,39.74064],[-120.64973,39.74061],[-120.64988,39.74064],[-120.65028,39.74064],[-120.65081,39.74053],[-120.65096,39.74042],[-120.6516,39.7402],[-120.65208,39.73994],[-120.6523,39.73972],[-120.65251,39.73961],[-120.65266,39.7395],[-120.65323,39.73917],[-120.65359,39.739],[-120.65415,39.73862],[-120.65483,39.73823],[-120.65548,39.73812],[-120.65581,39.73812],[-120.65695,39.73873],[-120.65724,39.73878],[-120.65738,39.73888],[-120.65751,39.73889],[-120.65756,39.73892],[-120.65757,39.73897],[-120.65753,39.73901],[-120.65734,39.73902]]]}},{"type":"Feature","properties":{"class":"ephemeral","width_ft":25},"geometry":{"type":"Polygon","coordinates":[[[-120.64566,39.7414],[-120.64572,39.74142],[-120.64615,39.74175],[-120.64679,39.74236],[-120.64708,39.74258],[-120.64724,39.74303],[-120.64742,39.74322],[-120.64756,39.74326],[-120.64757,39.74331],[-120.64754,39.74336],[-120.64747,39.74337],[-120.6473,39.74332],[-120.64707,39.74309],[-120.64693,39.74266],[-120.64666,39.74245],[-120.64602,39.74185],[-120.64562,39.74154],[-120.64529,39.74154],[-120.64522,39.74149],[-120.64523,39.74143],[-120.64528,39.7414],[-120.64566,39.7414]]]}},{"type":"Feature","properties":{"class":"ephemeral","width_ft":25},"geometry":{"type":"Polygon","coordinates":[[[-120.61737,39.7166],[-120.61608,39.71794],[-120.61594,39.71821],[-120.61523,39.71893],[-120.61453,39.71949],[-120.61447,39.71951],[-120.61441,39.71949],[-120.61438,39.71945],[-120.61439,39.7194],[-120.61509,39.71884],[-120.61579,39.71814],[-120.61593,39.71786],[-120.61721,39.71654],[-120.61737,39.7166]]]}},{"type":"Feature","properties":{"class":"ephemeral","width_ft":25},"geometry":{"type":"Polygon","coordinates":[[[-120.63999,39.75668],[-120.63976,39.75691],[-120.63895,39.75763],[-120.63823,39.75797],[-120.63716,39.7584],[-120.63666,39.75851],[-120.63629,39.75872],[-120.63623,39.75872],[-120.63618,39.75869],[-120.63617,39.75865],[-120.63619,39.75861],[-120.63657,39.75839],[-120.63708,39.75827],[-120.63814,39.75784],[-120.63884,39.75752],[-120.63962,39.75682],[-120.63983,39.75661],[-120.64005,39.75623],[-120.64014,39.7562],[-120.6402,39.75623],[-120.64021,39.75628],[-120.63999,39.75668]]]}},{"type":"Feature","properties":{"class":"ephemeral","width_ft":25},"geometry":{"type":"Polygon","coordinates":[[[-120.62248,39.72101],[-120.62226,39.72125],[-120.62169,39.72196],[-120.62112,39.72251],[-120.62026,39.72307],[-120.61968,39.72335],[-120.61905,39.72357],[-120.61875,39.72374],[-120.61808,39.72375],[-120.61801,39.72372],[-120.618,39.72365],[-120.61807,39.72361],[-120.61869,39.72361],[-120.61896,39.72345],[-120.6196,39.72323],[-120.62015,39.72296],[-120.62099,39.72242],[-120.62155,39.72188],[-120.62211,39.72117],[-120.62231,39.72095],[-120.62245,39.72069],[-120.62257,39.72082],[-120.62248,39.72101]]]}},{"type":"Feature","properties":{"class":"ephemeral","width_ft":25},"geometry":{"type":"Polygon","coordinates":[[[-120.63528,39.76493],[-120.63522,39.76524],[-120.63517,39.76545],[-120.635,39.7654],[-120.63519,39.76467],[-120.63525,39.76452],[-120.63533,39.76449],[-120.63539,39.76452],[-120.63542,39.76457],[-120.63528,39.76493]]]}},{"type":"Feature","properties":{"class":"ephemeral","width_ft":25},"geometry":{"type":"Polygon","coordinates":[[[-120.61219,39.71772],[-120.61163,39.71838],[-120.61149,39.71935],[-120.61142,39.71952],[-120.61135,39.7199],[-120.61072,39.72148],[-120.61072,39.72166],[-120.61068,39.7217],[-120.61061,39.7217],[-120.61055,39.72165],[-120.61055,39.72146],[-120.61118,39.71987],[-120.61125,39.71949],[-120.61132,39.71932],[-120.61146,39.71834],[-120.61203,39.71767],[-120.61216,39.71729],[-120.6122,39.71726],[-120.61226,39.71725],[-120.61232,39.71727],[-120.61234,39.71732],[-120.61219,39.71772]]]}},{"type":"Feature","properties":{"class":"ephemeral","width_ft":25},"geometry":{"type":"Polygon","coordinates":[[[-120.66091,39.72791],[-120.66074,39.72809],[-120.66054,39.7281],[-120.66048,39.72806],[-120.66049,39.72799],[-120.66054,39.72797],[-120.66065,39.72796],[-120.66077,39.72783],[-120.66137,39.72731],[-120.6616,39.72732],[-120.66091,39.72791]]]}},{"type":"Feature","properties":{"class":"ephemeral","width_ft":25},"geometry":{"type":"Polygon","coordinates":[[[-120.64553,39.74447],[-120.64566,39.74478],[-120.64581,39.74491],[-120.64584,39.74505],[-120.64578,39.7451],[-120.64569,39.74508],[-120.64565,39.74496],[-120.64551,39.74485],[-120.64536,39.7445],[-120.64521,39.744],[-120.64514,39.74323],[-120.64516,39.74318],[-120.64522,39.74316],[-120.64528,39.74317],[-120.64532,39.74321],[-120.64539,39.74398],[-120.64553,39.74447]]]}},{"type":"Feature","properties":{"class":"ephemeral","width_ft":25},"geometry":{"type":"Polygon","coordinates":[[[-120.66324,39.73655],[-120.66326,39.7365],[-120.66332,39.73647],[-120.66338,39.73649],[-120.66342,39.73653],[-120.66345,39.73674],[-120.66329,39.73694],[-120.66324,39.73655]]]}},{"type":"Feature","properties":{"class":"ephemeral","width_ft":25},"geometry":{"type":"Polygon","coordinates":[[[-120.62915,39.74282],[-120.62858,39.74367],[-120.62808,39.74493],[-120.62772,39.74598],[-120.62758,39.74631],[-120.62722,39.74697],[-120.62692,39.74726],[-120.62669,39.74744],[-120.62645,39.74755],[-120.62624,39.74755],[-120.62619,39.7475],[-120.62622,39.74744],[-120.6264,39.74742],[-120.62658,39.74733],[-120.62706,39.74691],[-120.62741,39.74626],[-120.62755,39.74594],[-120.62791,39.74489],[-120.62841,39.74362],[-120.62899,39.74279],[-120.62906,39.74276],[-120.62912,39.74278],[-120.62915,39.74282]]]}},{"type":"Feature","properties":{"class":"ephemeral","width_ft":25},"geometry":{"type":"Polygon","coordinates":[[[-120.62162,39.74006],[-120.62081,39.73987],[-120.62076,39.73983],[-120.62076,39.73978],[-120.6208,39.73975],[-120.62086,39.73974],[-120.62164,39.73992],[-120.62241,39.73992],[-120.62247,39.73993],[-120.62249,39.73998],[-120.62248,39.74003],[-120.62242,39.74005],[-120.62162,39.74006]]]}},{"type":"Feature","properties":{"class":"ephemeral","width_ft":25},"geometry":{"type":"Polygon","coordinates":[[[-120.64576,39.75625],[-120.64495,39.75705],[-120.6449,39.75706],[-120.64475,39.75706],[-120.64468,39.75704],[-120.64466,39.757],[-120.64468,39.75695],[-120.64473,39.75693],[-120.64485,39.75693],[-120.6456,39.7562],[-120.64567,39.75602],[-120.64574,39.75598],[-120.6458,39.756],[-120.64584,39.75604],[-120.64576,39.75625]]]}},{"type":"Feature","properties":{"class":"ephemeral","width_ft":25},"geometry":{"type":"Polygon","coordinates":[[[-120.63163,39.75035],[-120.63148,39.75077],[-120.6309,39.75176],[-120.6307,39.75197],[-120.63011,39.75277],[-120.62912,39.75402],[-120.62852,39.75455],[-120.62828,39.75455],[-120.62897,39.75395],[-120.62996,39.7527],[-120.63055,39.7519],[-120.63075,39.7517],[-120.63132,39.75073],[-120.63145,39.75036],[-120.63129,39.74991],[-120.6313,39.74987],[-120.63134,39.74984],[-120.63141,39.74984],[-120.63146,39.74987],[-120.63163,39.75035]]]}},{"type":"Feature","properties":{"class":"ephemeral","width_ft":25},"geometry":{"type":"Polygon","coordinates":[[[-120.60824,39.72094],[-120.60822,39.72098],[-120.60794,39.7212],[-120.60738,39.72179],[-120.60732,39.72181],[-120.60725,39.7218],[-120.60722,39.72175],[-120.60724,39.72171],[-120.6078,39.72111],[-120.60807,39.72091],[-120.60807,39.72075],[-120.60812,39.7207],[-120.60819,39.72071],[-120.60824,39.72074],[-120.60824,39.72094]]]}},{"type":"Feature","properties":{"class":"ephemeral","width_ft":25},"geometry":{"type":"Polygon","coordinates":[[[-120.6629,39.73161],[-120.66126,39.73134],[-120.66021,39.73139],[-120.65901,39.73156],[-120.65867,39.73166],[-120.65796,39.73204],[-120.65787,39.73204],[-120.65783,39.73199],[-120.65786,39.73193],[-120.6586,39.73153],[-120.65897,39.73142],[-120.66019,39.73126],[-120.66128,39.7312],[-120.66291,39.73148],[-120.66307,39.73148],[-120.66312,39.73152],[-120.66313,39.73157],[-120.66309,39.73161],[-120.6629,39.73161]]]}},{"type":"Feature","properties":{"class":"ephemeral","width_ft":25},"geometry":{"type":"Polygon","coordinates":[[[-120.62282,39.74021],[-120.6225,39.74015],[-120.62233,39.74002],[-120.62233,39.73994],[-120.62243,39.73992],[-120.62259,39.74003],[-120.62285,39.74008],[-120.62363,39.74013],[-120.62368,39.74016],[-120.6237,39.7402],[-120.62368,39.74025],[-120.62361,39.74027],[-120.62282,39.74021]]]}},{"type":"Feature","properties":{"class":"ephemeral","width_ft":25},"geometry":{"type":"MultiPolygon","coordinates":[[[[-120.63002,39.7326],[-120.62965,39.73238],[-120.62965,39.73233],[-120.62969,39.7323],[-120.62974,39.73229],[-120.63007,39.73246],[-120.63002,39.7326]]],[[[-120.63079,39.733],[-120.63098,39.73292],[-120.63176,39.73333],[-120.6318,39.73337],[-120.63179,39.73342],[-120.63174,39.73345],[-120.63167,39.73345],[-120.63079,39.733]]]]}},{"type":"Feature","properties":{"class":"ephemeral","width_ft":25},"geometry":{"type":"Polygon","coordinates":[[[-120.61287,39.7435],[-120.61198,39.74408],[-120.61133,39.7443],[-120.6106,39.74447],[-120.60915,39.74442],[-120.60863,39.7442],[-120.6083,39.74403],[-120.60827,39.74398],[-120.6083,39.74392],[-120.60839,39.74391],[-120.6092,39.74429],[-120.61058,39.74433],[-120.61127,39.74417],[-120.61189,39.74396],[-120.61271,39.74343],[-120.61285,39.74316],[-120.61294,39.74313],[-120.613,39.74316],[-120.61301,39.74321],[-120.61287,39.7435]]]}},{"type":"Feature","properties":{"class":"ephemeral","width_ft":25},"geometry":{"type":"Polygon","coordinates":[[[-120.63726,39.73401],[-120.63722,39.73473],[-120.63718,39.73477],[-120.63711,39.73479],[-120.63706,39.73476],[-120.63704,39.73472],[-120.63708,39.73399],[-120.63725,39.73357],[-120.63794,39.73276],[-120.63799,39.73273],[-120.63805,39.73274],[-120.6381,39.73277],[-120.63809,39.73283],[-120.63742,39.73363],[-120.63726,39.73401]]]}},{"type":"Feature","properties":{"class":"ephemeral","width_ft":25},"geometry":{"type":"Polygon","coordinates":[[[-120.62105,39.72466],[-120.6206,39.7245],[-120.6201,39.72439],[-120.61979,39.72421],[-120.61977,39.72417],[-120.61978,39.72413],[-120.61983,39.7241],[-120.61988,39.7241],[-120.62018,39.72427],[-120.62067,39.72437],[-120.62111,39.72454],[-120.62115,39.72461],[-120.62111,39.72465],[-120.62105,39.72466]]]}},{"type":"Feature","properties":{"class":"ephemeral","width_ft":25},"geometry":{"type":"Polygon","coordinates":[[[-120.61087,39.72318],[-120.61051,39.72369],[-120.61016,39.72413],[-120.60974,39.72483],[-120.60939,39.72559],[-120.60933,39.72596],[-120.6093,39.72634],[-120.60925,39.72638],[-120.60918,39.72638],[-120.60912,39.72631],[-120.60915,39.72595],[-120.60922,39.72556],[-120.60957,39.72478],[-120.61,39.72406],[-120.61036,39.72362],[-120.6107,39.72314],[-120.61078,39.72291],[-120.61085,39.72288],[-120.61091,39.72289],[-120.61094,39.72294],[-120.61087,39.72318]]]}},{"type":"Feature","properties":{"class":"ephemeral","width_ft":25},"geometry":{"type":"Polygon","coordinates":[[[-120.62023,39.7507],[-120.62073,39.75114],[-120.62074,39.75119],[-120.62071,39.75124],[-120.62065,39.75125],[-120.62059,39.75123],[-120.6201,39.75079],[-120.61946,39.75029],[-120.61944,39.75024],[-120.61946,39.7502],[-120.61952,39.75018],[-120.61959,39.75019],[-120.62023,39.7507]]]}},{"type":"Feature","properties":{"class":"ephemeral","width_ft":25},"geometry":{"type":"Polygon","coordinates":[[[-120.66065,39.73775],[-120.6606,39.7377],[-120.6606,39.73748],[-120.66025,39.73646],[-120.65998,39.73609],[-120.65962,39.73575],[-120.65961,39.73569],[-120.65967,39.73565],[-120.65976,39.73567],[-120.66012,39.73601],[-120.66042,39.73641],[-120.66078,39.73746],[-120.66078,39.73765],[-120.66089,39.73769],[-120.66092,39.73774],[-120.6609,39.73779],[-120.66084,39.73782],[-120.66065,39.73775]]]}},{"type":"Feature","properties":{"class":"ephemeral","width_ft":25},"geometry":{"type":"Polygon","coordinates":[[[-120.61057,39.72179],[-120.61007,39.72244],[-120.60979,39.72266],[-120.60945,39.72304],[-120.60931,39.72331],[-120.60909,39.72353],[-120.60882,39.72411],[-120.60875,39.72477],[-120.60848,39.72564],[-120.60851,39.7263],[-120.60847,39.72635],[-120.6084,39.72636],[-120.60834,39.7263],[-120.6083,39.72562],[-120.60858,39.72474],[-120.60865,39.72408],[-120.60893,39.72347],[-120.60915,39.72324],[-120.60929,39.72297],[-120.60965,39.72258],[-120.60993,39.72236],[-120.61042,39.7217],[-120.61059,39.72158],[-120.61068,39.72157],[-120.61072,39.72161],[-120.61072,39.72167],[-120.61057,39.72179]]]}},{"type":"Feature","properties":{"class":"ephemeral","width_ft":25},"geometry":{"type":"Polygon","coordinates":[[[-120.63372,39.73503],[-120.63367,39.73506],[-120.63361,39.73506],[-120.63357,39.73502],[-120.63357,39.73497],[-120.63418,39.73423],[-120.63483,39.73359],[-120.63488,39.73357],[-120.63494,39.73358],[-120.63498,39.73362],[-120.63497,39.73368],[-120.63432,39.73431],[-120.63372,39.73503]]]}},{"type":"Feature","properties":{"class":"ephemeral","width_ft":25},"geometry":{"type":"Polygon","coordinates":[[[-120.61533,39.73861],[-120.61463,39.74113],[-120.61459,39.74117],[-120.61453,39.74118],[-120.61447,39.74115],[-120.61446,39.7411],[-120.61516,39.73859],[-120.61529,39.73782],[-120.61543,39.73727],[-120.61547,39.73723],[-120.61553,39.73722],[-120.61559,39.73724],[-120.61561,39.73729],[-120.61547,39.73784],[-120.61533,39.73861]]]}},{"type":"Feature","properties":{"class":"ephemeral","width_ft":25},"geometry":{"type":"Polygon","coordinates":[[[-120.6141,39.71648],[-120.61403,39.71673],[-120.61396,39.71684],[-120.61375,39.71771],[-120.61354,39.71815],[-120.61326,39.71892],[-120.61248,39.72073],[-120.61168,39.72141],[-120.61102,39.7217],[-120.6106,39.7217],[-120.61055,39.72163],[-120.6106,39.72157],[-120.61097,39.72156],[-120.61157,39.7213],[-120.61233,39.72066],[-120.61309,39.71887],[-120.61337,39.71811],[-120.61358,39.71767],[-120.61379,39.7168],[-120.61386,39.71668],[-120.61392,39.71649],[-120.61387,39.71626],[-120.61405,39.71626],[-120.6141,39.71648]]]}},{"type":"Feature","properties":{"class":"ephemeral","width_ft":25},"geometry":{"type":"Polygon","coordinates":[[[-120.62141,39.75016],[-120.62089,39.75082],[-120.62089,39.75093],[-120.62073,39.75121],[-120.62068,39.75125],[-120.62061,39.75124],[-120.62057,39.75117],[-120.62071,39.7509],[-120.62072,39.75078],[-120.62123,39.75014],[-120.62122,39.7499],[-120.62128,39.74984],[-120.62134,39.74984],[-120.62139,39.74988],[-120.62141,39.75016]]]}},{"type":"Feature","properties":{"class":"ephemeral","width_ft":25},"geometry":{"type":"Polygon","coordinates":[[[-120.65452,39.73203],[-120.65452,39.73254],[-120.65423,39.73365],[-120.65401,39.7341],[-120.65387,39.73421],[-120.65379,39.73443],[-120.65355,39.73456],[-120.65347,39.73457],[-120.65342,39.73453],[-120.65342,39.73448],[-120.65364,39.73435],[-120.6537,39.73415],[-120.65385,39.73403],[-120.65406,39.73361],[-120.65434,39.73252],[-120.65434,39.73204],[-120.65427,39.73176],[-120.65432,39.7317],[-120.65439,39.7317],[-120.65444,39.73173],[-120.65452,39.73203]]]}},{"type":"Feature","properties":{"class":"ephemeral","width_ft":25},"geometry":{"type":"Polygon","coordinates":[[[-120.62089,39.75123],[-120.62092,39.75127],[-120.62091,39.75132],[-120.62087,39.75135],[-120.62081,39.75135],[-120.62059,39.75123],[-120.62057,39.75116],[-120.62061,39.75112],[-120.62068,39.75112],[-120.62089,39.75123]]]}},{"type":"Feature","properties":{"class":"ephemeral","width_ft":25},"geometry":{"type":"Polygon","coordinates":[[[-120.61965,39.72959],[-120.61871,39.72942],[-120.61806,39.72914],[-120.61691,39.72832],[-120.61688,39.72828],[-120.6169,39.72823],[-120.61695,39.7282],[-120.61702,39.72821],[-120.61816,39.72903],[-120.61878,39.72929],[-120.61968,39.72945],[-120.62025,39.7295],[-120.6203,39.72953],[-120.62032,39.72957],[-120.6203,39.72962],[-120.62024,39.72964],[-120.61965,39.72959]]]}},{"type":"Feature","properties":{"class":"ephemeral","width_ft":25},"geometry":{"type":"Polygon","coordinates":[[[-120.60727,39.71629],[-120.60709,39.71669],[-120.60702,39.71707],[-120.60702,39.71745],[-120.60688,39.71812],[-120.60666,39.71841],[-120.60646,39.71863],[-120.60636,39.71865],[-120.6063,39.71861],[-120.6063,39.71856],[-120.60671,39.71808],[-120.60685,39.71744],[-120.60684,39.71706],[-120.60692,39.71666],[-120.60706,39.71633],[-120.60727,39.71629]]]}},{"type":"Feature","properties":{"class":"ephemeral","width_ft":25},"geometry":{"type":"Polygon","coordinates":[[[-120.61991,39.71923],[-120.6185,39.72072],[-120.61758,39.72159],[-120.61722,39.72204],[-120.61672,39.72248],[-120.61592,39.72311],[-120.61586,39.72313],[-120.6158,39.72311],[-120.61577,39.72306],[-120.61579,39.72301],[-120.6166,39.72238],[-120.61708,39.72195],[-120.61744,39.72151],[-120.61835,39.72064],[-120.61976,39.71916],[-120.61982,39.71906],[-120.61996,39.71916],[-120.61991,39.71923]]]}},{"type":"Feature","properties":{"class":"ephemeral","width_ft":25},"geometry":{"type":"Polygon","coordinates":[[[-120.62289,39.74349],[-120.62275,39.74344],[-120.62169,39.74333],[-120.6214,39.74328],[-120.62127,39.74323],[-120.62093,39.74328],[-120.62027,39.74317],[-120.62004,39.74311],[-120.61982,39.743],[-120.61963,39.74285],[-120.61961,39.74279],[-120.61966,39.74274],[-120.61974,39.74274],[-120.61993,39.74289],[-120.62012,39.74299],[-120.62032,39.74304],[-120.62093,39.74314],[-120.6213,39.74309],[-120.62146,39.74315],[-120.62173,39.74319],[-120.62279,39.7433],[-120.62295,39.74336],[-120.62324,39.74341],[-120.62329,39.74347],[-120.62327,39.74352],[-120.62321,39.74355],[-120.62289,39.74349]]]}},{"type":"Feature","properties":{"class":"ephemeral","width_ft":25},"geometry":{"type":"Polygon","coordinates":[[[-120.63058,39.74447],[-120.63072,39.7454],[-120.63086,39.74584],[-120.63107,39.74671],[-120.63124,39.74702],[-120.63123,39.74707],[-120.63117,39.74709],[-120.63108,39.74706],[-120.6309,39.74674],[-120.63068,39.74586],[-120.63054,39.74542],[-120.6304,39.74448],[-120.6304,39.74403],[-120.63055,39.74352],[-120.63058,39.74348],[-120.63064,39.74347],[-120.6307,39.74349],[-120.63072,39.74354],[-120.63058,39.74404],[-120.63058,39.74447]]]}},{"type":"Feature","properties":{"class":"ephemeral","width_ft":25},"geometry":{"type":"Polygon","coordinates":[[[-120.64358,39.76063],[-120.64374,39.76093],[-120.64381,39.76133],[-120.64373,39.76237],[-120.64373,39.76277],[-120.6437,39.76281],[-120.64364,39.76283],[-120.64357,39.76281],[-120.64355,39.76276],[-120.64355,39.76236],[-120.64363,39.76133],[-120.64356,39.76096],[-120.64343,39.7607],[-120.64322,39.76042],[-120.64324,39.76034],[-120.6433,39.76032],[-120.64336,39.76034],[-120.64358,39.76063]]]}},{"type":"Feature","properties":{"class":"ephemeral","width_ft":25},"geometry":{"type":"Polygon","coordinates":[[[-120.61749,39.73396],[-120.61676,39.73385],[-120.61583,39.73364],[-120.6147,39.73332],[-120.61441,39.73326],[-120.6139,39.73304],[-120.61318,39.73265],[-120.61175,39.73167],[-120.61147,39.73146],[-120.61056,39.73092],[-120.6092,39.7303],[-120.60916,39.73026],[-120.60917,39.73021],[-120.60922,39.73018],[-120.60929,39.73018],[-120.61066,39.73081],[-120.61159,39.73135],[-120.61187,39.73157],[-120.61329,39.73254],[-120.61399,39.73292],[-120.61447,39.73313],[-120.61475,39.73318],[-120.6161,39.73356],[-120.6168,39.73372],[-120.6175,39.73382],[-120.61765,39.73382],[-120.61771,39.73386],[-120.61772,39.73391],[-120.61768,39.73395],[-120.61749,39.73396]]]}},{"type":"Feature","properties":{"class":"ephemeral","width_ft":25},"geometry":{"type":"Polygon","coordinates":[[[-120.66085,39.73173],[-120.6601,39.7321],[-120.65917,39.73232],[-120.65868,39.73264],[-120.65861,39.73265],[-120.65855,39.73262],[-120.65857,39.73254],[-120.65909,39.7322],[-120.66002,39.73198],[-120.66065,39.73165],[-120.66081,39.73159],[-120.66136,39.73165],[-120.66143,39.7317],[-120.66141,39.73175],[-120.66135,39.73178],[-120.66085,39.73173]]]}},{"type":"Feature","properties":{"class":"ephemeral","width_ft":25},"geometry":{"type":"Polygon","coordinates":[[[-120.61979,39.72152],[-120.61944,39.72239],[-120.61915,39.72279],[-120.61815,39.72373],[-120.6181,39.72375],[-120.61804,39.72374],[-120.618,39.72369],[-120.61801,39.72364],[-120.619,39.72271],[-120.61927,39.72234],[-120.61962,39.72147],[-120.62012,39.72075],[-120.6209,39.71986],[-120.62095,39.71983],[-120.62102,39.71984],[-120.62106,39.71988],[-120.62105,39.71993],[-120.62027,39.72082],[-120.61979,39.72152]]]}},{"type":"Feature","properties":{"class":"ephemeral","width_ft":25},"geometry":{"type":"Polygon","coordinates":[[[-120.64913,39.74565],[-120.64892,39.7456],[-120.64802,39.74555],[-120.64691,39.74582],[-120.64607,39.74624],[-120.64551,39.74667],[-120.64514,39.74707],[-120.64488,39.74716],[-120.64482,39.74716],[-120.64478,39.74712],[-120.64479,39.74705],[-120.64503,39.74696],[-120.64538,39.74658],[-120.64595,39.74614],[-120.64683,39.74569],[-120.648,39.74541],[-120.64894,39.74547],[-120.64917,39.74552],[-120.64963,39.74557],[-120.64951,39.74569],[-120.64913,39.74565]]]}},{"type":"Feature","properties":{"class":"ephemeral","width_ft":25},"geometry":{"type":"Polygon","coordinates":[[[-120.63303,39.73707],[-120.63219,39.73755],[-120.63098,39.73859],[-120.63078,39.73873],[-120.63072,39.73874],[-120.63067,39.73872],[-120.63065,39.73867],[-120.63067,39.73863],[-120.63086,39.7385],[-120.63208,39.73745],[-120.63295,39.73695],[-120.63347,39.73678],[-120.63365,39.73678],[-120.63371,39.73682],[-120.63371,39.73687],[-120.63367,39.73691],[-120.6335,39.73691],[-120.63303,39.73707]]]}},{"type":"Feature","properties":{"class":"ephemeral","width_ft":25},"geometry":{"type":"Polygon","coordinates":[[[-120.64542,39.75437],[-120.64535,39.75454],[-120.64513,39.75531],[-120.64506,39.75543],[-120.64491,39.75586],[-120.64477,39.75682],[-120.64484,39.757],[-120.6448,39.75705],[-120.64473,39.75706],[-120.64467,39.75702],[-120.64459,39.75683],[-120.64466,39.75622],[-120.64474,39.75582],[-120.64489,39.75538],[-120.64496,39.75527],[-120.64518,39.75451],[-120.64525,39.75435],[-120.6454,39.75303],[-120.64548,39.75275],[-120.64556,39.7527],[-120.64563,39.75272],[-120.64565,39.75277],[-120.64558,39.75305],[-120.64542,39.75437]]]}},{"type":"Feature","properties":{"class":"ephemeral","width_ft":25},"geometry":{"type":"Polygon","coordinates":[[[-120.6632,39.72931],[-120.66251,39.72942],[-120.66201,39.72964],[-120.66146,39.72974],[-120.6613,39.72985],[-120.66123,39.72985],[-120.66118,39.72981],[-120.6612,39.72975],[-120.66138,39.72961],[-120.66195,39.72951],[-120.66245,39.72929],[-120.66317,39.72917],[-120.66377,39.72917],[-120.66484,39.72923],[-120.6649,39.72925],[-120.66492,39.7293],[-120.66489,39.72934],[-120.66483,39.72936],[-120.66376,39.72931],[-120.6632,39.72931]]]}},{"type":"Feature","properties":{"class":"ephemeral","width_ft":25},"geometry":{"type":"Polygon","coordinates":[[[-120.64629,39.74043],[-120.64687,39.74076],[-120.64744,39.74132],[-120.64746,39.74137],[-120.64743,39.74141],[-120.64737,39.74143],[-120.64731,39.74141],[-120.64674,39.74086],[-120.64617,39.74054],[-120.64581,39.74025],[-120.64551,39.73991],[-120.64553,39.73983],[-120.64559,39.73981],[-120.64565,39.73983],[-120.64594,39.74016],[-120.64629,39.74043]]]}},{"type":"Feature","properties":{"class":"ephemeral","width_ft":25},"geometry":{"type":"Polygon","coordinates":[[[-120.60907,39.73024],[-120.60903,39.7302],[-120.60903,39.73016],[-120.60912,39.73011],[-120.6093,39.73019],[-120.60934,39.73024],[-120.60931,39.73029],[-120.60924,39.73031],[-120.60907,39.73024]]]}},{"type":"Feature","properties":{"class":"ephemeral","width_ft":25},"geometry":{"type":"Polygon","coordinates":[[[-120.60519,39.71771],[-120.60537,39.7176],[-120.60564,39.71761],[-120.60571,39.71767],[-120.60566,39.71774],[-120.60541,39.71774],[-120.60526,39.71784],[-120.60475,39.71789],[-120.60484,39.71775],[-120.60519,39.71771]]]}},{"type":"Feature","properties":{"class":"ephemeral","width_ft":25},"geometry":{"type":"Polygon","coordinates":[[[-120.65684,39.7377],[-120.65646,39.73759],[-120.65613,39.73754],[-120.65502,39.7377],[-120.65446,39.73786],[-120.65396,39.73808],[-120.65325,39.73825],[-120.65274,39.73846],[-120.65236,39.73847],[-120.65229,39.73841],[-120.6523,39.73837],[-120.65235,39.73833],[-120.65269,39.73833],[-120.65318,39.73812],[-120.65389,39.73795],[-120.65439,39.73773],[-120.65498,39.73757],[-120.65614,39.7374],[-120.65651,39.73746],[-120.65686,39.73757],[-120.65701,39.73757],[-120.65706,39.7376],[-120.65707,39.73765],[-120.65703,39.73769],[-120.65684,39.7377]]]}},{"type":"Feature","properties":{"class":"ephemeral","width_ft":25},"geometry":{"type":"Polygon","coordinates":[[[-120.65095,39.73557],[-120.65159,39.7374],[-120.65166,39.73795],[-120.6518,39.73837],[-120.65202,39.73855],[-120.65202,39.73871],[-120.65196,39.73877],[-120.65186,39.73874],[-120.65184,39.73859],[-120.65163,39.73842],[-120.65149,39.73797],[-120.65142,39.73742],[-120.65078,39.73561],[-120.65079,39.73557],[-120.65083,39.73554],[-120.6509,39.73554],[-120.65095,39.73557]]]}},{"type":"Feature","properties":{"class":"ephemeral","width_ft":25},"geometry":{"type":"Polygon","coordinates":[[[-120.6397,39.73463],[-120.63912,39.73562],[-120.63867,39.73608],[-120.63809,39.73636],[-120.63758,39.73653],[-120.63677,39.73674],[-120.63668,39.73672],[-120.63666,39.73666],[-120.6367,39.73661],[-120.63751,39.7364],[-120.638,39.73624],[-120.63855,39.73598],[-120.63897,39.73555],[-120.63953,39.73457],[-120.63982,39.73397],[-120.63986,39.73394],[-120.63992,39.73393],[-120.63998,39.73396],[-120.63999,39.73402],[-120.6397,39.73463]]]}},{"type":"Feature","properties":{"class":"ephemeral","width_ft":25},"geometry":{"type":"Polygon","coordinates":[[[-120.62444,39.73351],[-120.62479,39.73393],[-120.62551,39.73445],[-120.62553,39.7345],[-120.62549,39.73455],[-120.62543,39.73456],[-120.62538,39.73455],[-120.62465,39.73402],[-120.62428,39.73357],[-120.62406,39.73306],[-120.62391,39.7324],[-120.62393,39.73235],[-120.62398,39.73232],[-120.62405,39.73233],[-120.62409,39.73237],[-120.62423,39.73303],[-120.62444,39.73351]]]}},{"type":"Feature","properties":{"class":"ephemeral","width_ft":25},"geometry":{"type":"Polygon","coordinates":[[[-120.6258,39.75409],[-120.62482,39.75454],[-120.62448,39.75454],[-120.62569,39.75398],[-120.62913,39.75173],[-120.62919,39.75171],[-120.62925,39.75174],[-120.62927,39.75179],[-120.62924,39.75183],[-120.6258,39.75409]]]}},{"type":"Feature","properties":{"class":"ephemeral","width_ft":25},"geometry":{"type":"Polygon","coordinates":[[[-120.63781,39.74541],[-120.63695,39.74591],[-120.63625,39.74634],[-120.63595,39.74662],[-120.63589,39.74663],[-120.63583,39.74661],[-120.63582,39.74653],[-120.63613,39.74624],[-120.6377,39.7453],[-120.63776,39.74529],[-120.63782,39.74531],[-120.63784,39.74536],[-120.63781,39.74541]]]}},{"type":"Feature","properties":{"class":"ephemeral","width_ft":25},"geometry":{"type":"Polygon","coordinates":[[[-120.62004,39.73395],[-120.61998,39.73393],[-120.61969,39.73371],[-120.61953,39.73353],[-120.61938,39.73302],[-120.61938,39.73292],[-120.61917,39.73264],[-120.61924,39.73239],[-120.6193,39.73235],[-120.61936,39.73235],[-120.61941,39.73239],[-120.61935,39.73262],[-120.61956,39.73288],[-120.61956,39.733],[-120.6197,39.73348],[-120.61983,39.73362],[-120.62008,39.73381],[-120.62021,39.73381],[-120.62027,39.73386],[-120.62027,39.7339],[-120.62022,39.73394],[-120.62004,39.73395]]]}},{"type":"Feature","properties":{"class":"ephemeral","width_ft":25},"geometry":{"type":"Polygon","coordinates":[[[-120.66268,39.72798],[-120.66183,39.72868],[-120.66076,39.72951],[-120.6605,39.72976],[-120.66048,39.72989],[-120.66042,39.72991],[-120.66035,39.72989],[-120.66032,39.72985],[-120.66033,39.72971],[-120.66063,39.72942],[-120.6617,39.72859],[-120.66256,39.72787],[-120.663,39.72766],[-120.66318,39.72773],[-120.66268,39.72798]]]}},{"type":"Feature","properties":{"class":"ephemeral","width_ft":25},"geometry":{"type":"Polygon","coordinates":[[[-120.63978,39.74339],[-120.63897,39.7434],[-120.63625,39.74352],[-120.63619,39.7435],[-120.63616,39.74346],[-120.63618,39.74341],[-120.63624,39.74339],[-120.63896,39.74326],[-120.63973,39.74326],[-120.64008,39.74315],[-120.64018,39.74318],[-120.64019,39.74323],[-120.64015,39.74328],[-120.63978,39.74339]]]}},{"type":"Feature","properties":{"class":"ephemeral","width_ft":25},"geometry":{"type":"Polygon","coordinates":[[[-120.61097,39.71638],[-120.60956,39.71764],[-120.60914,39.71813],[-120.60844,39.71927],[-120.60824,39.71975],[-120.60817,39.72012],[-120.60817,39.72059],[-120.60824,39.72078],[-120.6082,39.72083],[-120.60812,39.72083],[-120.60807,39.7208],[-120.60799,39.72061],[-120.60799,39.72011],[-120.60806,39.71971],[-120.60828,39.71922],[-120.60898,39.71806],[-120.60942,39.71755],[-120.61083,39.71629],[-120.61089,39.71627],[-120.61095,39.71628],[-120.61099,39.71633],[-120.61097,39.71638]]]}},{"type":"Feature","properties":{"class":"ephemeral","width_ft":25},"geometry":{"type":"Polygon","coordinates":[[[-120.61655,39.74234],[-120.61697,39.74315],[-120.61733,39.74363],[-120.61775,39.74411],[-120.61808,39.7444],[-120.61809,39.74445],[-120.61805,39.74449],[-120.61795,39.74448],[-120.61761,39.7442],[-120.61717,39.7437],[-120.61681,39.74321],[-120.61638,39.74238],[-120.6163,39.74203],[-120.61636,39.74197],[-120.61643,39.74197],[-120.61648,39.74201],[-120.61655,39.74234]]]}},{"type":"Feature","properties":{"class":"ephemeral","width_ft":25},"geometry":{"type":"Polygon","coordinates":[[[-120.6475,39.73597],[-120.64774,39.73661],[-120.64865,39.73759],[-120.64907,39.73796],[-120.64929,39.73808],[-120.64931,39.73814],[-120.64927,39.73818],[-120.64919,39.73819],[-120.64894,39.73806],[-120.64851,39.73767],[-120.64758,39.73668],[-120.64736,39.73611],[-120.6475,39.73597]]]}},{"type":"Feature","properties":{"class":"ephemeral","width_ft":25},"geometry":{"type":"Polygon","coordinates":[[[-120.63911,39.75096],[-120.63889,39.75124],[-120.63874,39.75161],[-120.63861,39.75208],[-120.63872,39.75231],[-120.63868,39.75235],[-120.63861,39.75236],[-120.63855,39.75233],[-120.63842,39.75208],[-120.63857,39.75158],[-120.63872,39.75119],[-120.63894,39.75091],[-120.63902,39.75069],[-120.63931,39.75034],[-120.63941,39.75033],[-120.63946,39.75036],[-120.63946,39.75041],[-120.63918,39.75075],[-120.63911,39.75096]]]}},{"type":"Feature","properties":{"class":"ephemeral","width_ft":25},"geometry":{"type":"Polygon","coordinates":[[[-120.61795,39.73166],[-120.61792,39.73161],[-120.61794,39.73156],[-120.618,39.73154],[-120.61806,39.73155],[-120.61938,39.73236],[-120.61941,39.7324],[-120.6194,39.73245],[-120.61934,39.73248],[-120.61927,39.73247],[-120.61795,39.73166]]]}},{"type":"Feature","properties":{"class":"ephemeral","width_ft":25},"geometry":{"type":"Polygon","coordinates":[[[-120.62923,39.74073],[-120.62821,39.74121],[-120.62711,39.74148],[-120.62626,39.74144],[-120.62619,39.7414],[-120.6262,39.74134],[-120.62626,39.74131],[-120.62707,39.74135],[-120.62814,39.74109],[-120.62913,39.74062],[-120.63011,39.73994],[-120.63017,39.73993],[-120.63022,39.73995],[-120.63025,39.74],[-120.63022,39.74005],[-120.62923,39.74073]]]}},{"type":"Feature","properties":{"class":"ephemeral","width_ft":25},"geometry":{"type":"Polygon","coordinates":[[[-120.62263,39.73435],[-120.62346,39.73446],[-120.6237,39.73452],[-120.62443,39.7349],[-120.62478,39.7352],[-120.62479,39.73528],[-120.62473,39.73531],[-120.62466,39.7353],[-120.62431,39.73501],[-120.62362,39.73464],[-120.62342,39.73459],[-120.62255,39.73448],[-120.62232,39.73436],[-120.62189,39.73403],[-120.62187,39.73399],[-120.62188,39.73394],[-120.62194,39.73392],[-120.62201,39.73393],[-120.62244,39.73425],[-120.62263,39.73435]]]}},{"type":"Feature","properties":{"class":"ephemeral","width_ft":25},"geometry":{"type":"Polygon","coordinates":[[[-120.66235,39.73266],[-120.66151,39.73293],[-120.66048,39.7331],[-120.65917,39.73298],[-120.65879,39.7328],[-120.65856,39.73263],[-120.65854,39.73258],[-120.65859,39.73253],[-120.65867,39.73252],[-120.6589,39.7327],[-120.65923,39.73285],[-120.66047,39.73296],[-120.66145,39.7328],[-120.66209,39.73258],[-120.66233,39.73252],[-120.66313,39.73247],[-120.66366,39.73264],[-120.6637,39.7327],[-120.66367,39.73275],[-120.6636,39.73277],[-120.6631,39.73261],[-120.66235,39.73266]]]}},{"type":"Feature","properties":{"class":"ephemeral","width_ft":25},"geometry":{"type":"Polygon","coordinates":[[[-120.65384,39.72858],[-120.65486,39.7293],[-120.65556,39.73007],[-120.65606,39.73039],[-120.65691,39.73105],[-120.65748,39.73154],[-120.65768,39.73162],[-120.65771,39.73168],[-120.65768,39.73172],[-120.6576,39.73174],[-120.65736,39.73165],[-120.65679,39.73115],[-120.65594,39.73049],[-120.65543,39.73016],[-120.65472,39.72939],[-120.65373,39.72868],[-120.6537,39.72864],[-120.65372,39.72859],[-120.65378,39.72856],[-120.65384,39.72858]]]}},{"type":"Feature","properties":{"class":"ephemeral","width_ft":25},"geometry":{"type":"Polygon","coordinates":[[[-120.63301,39.76372],[-120.63296,39.76359],[-120.63344,39.76359],[-120.63405,39.76362],[-120.63411,39.76365],[-120.63413,39.76369],[-120.63411,39.76374],[-120.63404,39.76376],[-120.63343,39.76372],[-120.63301,39.76372]]]}},{"type":"Feature","properties":{"class":"ephemeral","width_ft":25},"geometry":{"type":"Polygon","coordinates":[[[-120.6609,39.72729],[-120.66071,39.72778],[-120.66059,39.72788],[-120.66064,39.72806],[-120.66059,39.7281],[-120.66053,39.7281],[-120.66047,39.72806],[-120.6604,39.72784],[-120.66055,39.72772],[-120.66072,39.72728],[-120.6609,39.72729]]]}},{"type":"Feature","properties":{"class":"ephemeral","width_ft":25},"geometry":{"type":"Polygon","coordinates":[[[-120.61417,39.7198],[-120.61382,39.72019],[-120.61361,39.72046],[-120.61322,39.72107],[-120.61317,39.7211],[-120.6131,39.7211],[-120.61306,39.72106],[-120.61306,39.72101],[-120.61346,39.72039],[-120.61412,39.71958],[-120.61421,39.71955],[-120.61427,39.71958],[-120.61429,39.71963],[-120.61417,39.7198]]]}},{"type":"Feature","properties":{"class":"ephemeral","width_ft":25},"geometry":{"type":"Polygon","coordinates":[[[-120.64965,39.73457],[-120.64988,39.73531],[-120.64996,39.7357],[-120.64996,39.73654],[-120.64973,39.73711],[-120.64946,39.73748],[-120.64945,39.73787],[-120.6493,39.73816],[-120.64921,39.73819],[-120.64915,39.73817],[-120.64914,39.73812],[-120.64928,39.73784],[-120.64928,39.73745],[-120.64957,39.73705],[-120.64978,39.73652],[-120.64978,39.73571],[-120.64971,39.73534],[-120.6495,39.73464],[-120.64929,39.73444],[-120.64941,39.73433],[-120.64965,39.73457]]]}},{"type":"Feature","properties":{"class":"ephemeral","width_ft":25},"geometry":{"type":"Polygon","coordinates":[[[-120.61878,39.72466],[-120.61849,39.72473],[-120.61806,39.72507],[-120.618,39.72508],[-120.61794,39.72505],[-120.61795,39.72497],[-120.61839,39.72461],[-120.61869,39.72454],[-120.6194,39.72416],[-120.61985,39.7241],[-120.61993,39.72413],[-120.61994,39.72418],[-120.6199,39.72423],[-120.61947,39.72429],[-120.61878,39.72466]]]}},{"type":"Feature","properties":{"class":"ephemeral","width_ft":25},"geometry":{"type":"Polygon","coordinates":[[[-120.6376,39.76208],[-120.63723,39.76274],[-120.63717,39.76277],[-120.6371,39.76276],[-120.63706,39.76272],[-120.63707,39.76265],[-120.63743,39.76205],[-120.63758,39.76118],[-120.63761,39.76114],[-120.63767,39.76113],[-120.63773,39.76115],[-120.63775,39.7612],[-120.6376,39.76208]]]}},{"type":"Feature","properties":{"class":"ephemeral","width_ft":25},"geometry":{"type":"Polygon","coordinates":[[[-120.63634,39.74083],[-120.63619,39.74111],[-120.6359,39.7414],[-120.63496,39.74195],[-120.63429,39.74224],[-120.63392,39.74224],[-120.63385,39.74221],[-120.63384,39.74215],[-120.63388,39.74211],[-120.63424,39.7421],[-120.63486,39.74184],[-120.63577,39.7413],[-120.63604,39.74104],[-120.63618,39.74078],[-120.63632,39.74039],[-120.63636,39.74036],[-120.63641,39.74035],[-120.63647,39.74038],[-120.63649,39.74043],[-120.63634,39.74083]]]}},{"type":"Feature","properties":{"class":"ephemeral","width_ft":25},"geometry":{"type":"Polygon","coordinates":[[[-120.65145,39.7423],[-120.65096,39.74203],[-120.65028,39.74193],[-120.64889,39.74192],[-120.64883,39.7419],[-120.64882,39.74184],[-120.64885,39.7418],[-120.6489,39.74179],[-120.65029,39.74179],[-120.65102,39.7419],[-120.65155,39.74219],[-120.65191,39.74235],[-120.65194,39.74243],[-120.6519,39.74247],[-120.65183,39.74247],[-120.65145,39.7423]]]}},{"type":"Feature","properties":{"class":"ephemeral","width_ft":25},"geometry":{"type":"Polygon","coordinates":[[[-120.65108,39.73259],[-120.65142,39.73286],[-120.65175,39.73301],[-120.65217,39.73301],[-120.65223,39.73305],[-120.65223,39.73311],[-120.65216,39.73314],[-120.65171,39.73314],[-120.65131,39.73296],[-120.65094,39.73267],[-120.6507,39.73229],[-120.65082,39.73216],[-120.65108,39.73259]]]}},{"type":"Feature","properties":{"class":"ephemeral","width_ft":25},"geometry":{"type":"Polygon","coordinates":[[[-120.64167,39.7613],[-120.64187,39.76206],[-120.64216,39.76262],[-120.64217,39.76276],[-120.6421,39.76281],[-120.64204,39.76281],[-120.642,39.76277],[-120.64198,39.76265],[-120.64192,39.7625],[-120.64171,39.76211],[-120.6415,39.76134],[-120.64135,39.76106],[-120.64139,39.76099],[-120.64146,39.76098],[-120.64152,39.76101],[-120.64167,39.7613]]]}},{"type":"Feature","properties":{"class":"ephemeral","width_ft":25},"geometry":{"type":"Polygon","coordinates":[[[-120.63753,39.75434],[-120.63696,39.75451],[-120.63621,39.75469],[-120.63614,39.75468],[-120.6361,39.75464],[-120.6361,39.75459],[-120.63615,39.75456],[-120.6369,39.75438],[-120.63748,39.75421],[-120.63849,39.75405],[-120.63873,39.75405],[-120.6388,39.7541],[-120.63879,39.75415],[-120.63874,39.75418],[-120.63851,39.75419],[-120.63753,39.75434]]]}},{"type":"Feature","properties":{"class":"ephemeral","width_ft":25},"geometry":{"type":"Polygon","coordinates":[[[-120.63293,39.7324],[-120.63315,39.73255],[-120.63314,39.7326],[-120.6331,39.73263],[-120.63304,39.73263],[-120.6327,39.73243],[-120.63293,39.7324]]]}},{"type":"Feature","properties":{"class":"ephemeral","width_ft":25},"geometry":{"type":"MultiPolygon","coordinates":[[[[-120.62801,39.73381],[-120.62769,39.73355],[-120.62768,39.7335],[-120.62771,39.73346],[-120.62777,39.73345],[-120.62783,39.73347],[-120.62815,39.73372],[-120.62849,39.73407],[-120.62834,39.73414],[-120.62801,39.73381]]],[[[-120.6287,39.73425],[-120.62909,39.73446],[-120.62908,39.73451],[-120.62904,39.73455],[-120.62898,39.73455],[-120.62859,39.73435],[-120.6287,39.73425]]]]}},{"type":"Feature","properties":{"class":"ephemeral","width_ft":25},"geometry":{"type":"Polygon","coordinates":[[[-120.62141,39.73285],[-120.6203,39.73275],[-120.61945,39.73248],[-120.61929,39.73248],[-120.61925,39.73244],[-120.61924,39.7324],[-120.6193,39.73235],[-120.61949,39.73234],[-120.62034,39.73261],[-120.62137,39.73271],[-120.62199,39.7325],[-120.62205,39.7325],[-120.6221,39.73253],[-120.62211,39.73258],[-120.62206,39.73262],[-120.62141,39.73285]]]}},{"type":"Feature","properties":{"class":"ephemeral","width_ft":25},"geometry":{"type":"Polygon","coordinates":[[[-120.6065,39.73966],[-120.60657,39.73966],[-120.60662,39.7397],[-120.60662,39.73975],[-120.60657,39.73979],[-120.60443,39.74047],[-120.60443,39.74032],[-120.6065,39.73966]]]}},{"type":"Feature","properties":{"class":"ephemeral","width_ft":25},"geometry":{"type":"Polygon","coordinates":[[[-120.65188,39.73191],[-120.65209,39.73278],[-120.65224,39.73306],[-120.65222,39.73312],[-120.65216,39.73314],[-120.65207,39.73311],[-120.65192,39.73282],[-120.65171,39.73193],[-120.65159,39.7312],[-120.65173,39.73096],[-120.65188,39.73191]]]}},{"type":"Feature","properties":{"class":"ephemeral","width_ft":25},"geometry":{"type":"Polygon","coordinates":[[[-120.66198,39.73702],[-120.66171,39.73738],[-120.66169,39.73751],[-120.6612,39.73806],[-120.66095,39.73847],[-120.66074,39.73853],[-120.66104,39.73799],[-120.66153,39.73745],[-120.66154,39.73733],[-120.66183,39.73694],[-120.66242,39.73649],[-120.66247,39.73647],[-120.66252,39.73649],[-120.66256,39.73653],[-120.66254,39.73658],[-120.66198,39.73702]]]}},{"type":"Feature","properties":{"class":"ephemeral","width_ft":25},"geometry":{"type":"Polygon","coordinates":[[[-120.6405,39.76271],[-120.64047,39.76279],[-120.64037,39.76279],[-120.64027,39.76259],[-120.64007,39.76137],[-120.64009,39.76133],[-120.64014,39.7613],[-120.64021,39.76131],[-120.64024,39.76136],[-120.64045,39.76256],[-120.6405,39.76271]]]}},{"type":"Feature","properties":{"class":"ephemeral","width_ft":25},"geometry":{"type":"Polygon","coordinates":[[[-120.62145,39.72449],[-120.62131,39.7245],[-120.62109,39.72466],[-120.62102,39.72466],[-120.62098,39.72462],[-120.62099,39.72455],[-120.62123,39.72437],[-120.62139,39.72436],[-120.62244,39.72393],[-120.62251,39.72393],[-120.62255,39.72395],[-120.62256,39.72401],[-120.62252,39.72405],[-120.62145,39.72449]]]}},{"type":"Feature","properties":{"class":"ephemeral","width_ft":25},"geometry":{"type":"Polygon","coordinates":[[[-120.61716,39.72444],[-120.61671,39.72468],[-120.61578,39.72501],[-120.61565,39.72502],[-120.61538,39.72522],[-120.61503,39.7254],[-120.61497,39.72541],[-120.61491,39.72537],[-120.6149,39.72533],[-120.61493,39.72529],[-120.61527,39.72511],[-120.61556,39.72489],[-120.61573,39.72488],[-120.61663,39.72455],[-120.61704,39.72434],[-120.61761,39.72385],[-120.61804,39.72362],[-120.61815,39.72363],[-120.61817,39.72368],[-120.61815,39.72373],[-120.61772,39.72395],[-120.61716,39.72444]]]}},{"type":"Feature","properties":{"class":"ephemeral","width_ft":25},"geometry":{"type":"Polygon","coordinates":[[[-120.62042,39.73774],[-120.62058,39.73784],[-120.621,39.73778],[-120.62106,39.73781],[-120.62107,39.73786],[-120.62101,39.73791],[-120.62053,39.73799],[-120.62038,39.73788],[-120.62023,39.73787],[-120.61987,39.73771],[-120.61983,39.73763],[-120.61987,39.73759],[-120.61994,39.73758],[-120.6203,39.73774],[-120.62042,39.73774]]]}},{"type":"Feature","properties":{"class":"ephemeral","width_ft":25},"geometry":{"type":"Polygon","coordinates":[[[-120.66454,39.73085],[-120.66324,39.73062],[-120.66259,39.73046],[-120.66229,39.73029],[-120.66179,39.73012],[-120.66122,39.72985],[-120.66118,39.72981],[-120.66119,39.72976],[-120.66123,39.72972],[-120.66131,39.72973],[-120.66188,39.73],[-120.66238,39.73017],[-120.66266,39.73033],[-120.66328,39.73049],[-120.66455,39.73071],[-120.66485,39.73071],[-120.66491,39.73076],[-120.66491,39.73081],[-120.66486,39.73084],[-120.66454,39.73085]]]}},{"type":"Feature","properties":{"class":"ephemeral","width_ft":25},"geometry":{"type":"MultiPolygon","coordinates":[[[[-120.6361,39.74674],[-120.63583,39.74661],[-120.63581,39.74656],[-120.63584,39.74651],[-120.63593,39.7465],[-120.63614,39.74661],[-120.63755,39.74671],[-120.63753,39.74685],[-120.6361,39.74674]]],[[[-120.64368,39.74146],[-120.64346,39.74205],[-120.64325,39.74227],[-120.64303,39.74292],[-120.64267,39.74343],[-120.64196,39.74408],[-120.64161,39.74457],[-120.64154,39.74479],[-120.64103,39.74562],[-120.64081,39.74584],[-120.63922,39.74674],[-120.63849,39.74685],[-120.63858,39.74671],[-120.63914,39.74661],[-120.64068,39.74575],[-120.64088,39.74555],[-120.64137,39.74474],[-120.64145,39.74451],[-120.64181,39.74401],[-120.64252,39.74335],[-120.64287,39.74287],[-120.64308,39.74221],[-120.6433,39.74198],[-120.64351,39.74144],[-120.64359,39.7414],[-120.64366,39.74142],[-120.64368,39.74146]]]]}},{"type":"Feature","properties":{"class":"ephemeral","width_ft":25},"geometry":{"type":"Polygon","coordinates":[[[-120.64828,39.73817],[-120.64927,39.73861],[-120.64931,39.73866],[-120.6493,39.73871],[-120.64925,39.73874],[-120.64919,39.73873],[-120.64817,39.73828],[-120.64645,39.73706],[-120.64655,39.73695],[-120.64828,39.73817]]]}},{"type":"Feature","properties":{"class":"ephemeral","width_ft":25},"geometry":{"type":"Polygon","coordinates":[[[-120.61957,39.73691],[-120.62,39.73752],[-120.62,39.73766],[-120.61995,39.73771],[-120.61989,39.73771],[-120.61984,39.73768],[-120.61983,39.73756],[-120.61941,39.73697],[-120.61912,39.73636],[-120.61904,39.73613],[-120.6191,39.73606],[-120.61916,39.73606],[-120.61921,39.7361],[-120.61929,39.73632],[-120.61957,39.73691]]]}},{"type":"Feature","properties":{"class":"ephemeral","width_ft":25},"geometry":{"type":"Polygon","coordinates":[[[-120.60444,39.73629],[-120.6045,39.73631],[-120.60452,39.73636],[-120.6045,39.73641],[-120.60444,39.73643],[-120.60444,39.73629]]]}},{"type":"Feature","properties":{"class":"ephemeral","width_ft":25},"geometry":{"type":"Polygon","coordinates":[[[-120.61779,39.72729],[-120.61717,39.72766],[-120.61668,39.7281],[-120.61614,39.72853],[-120.61607,39.72855],[-120.61601,39.72853],[-120.61599,39.72849],[-120.61601,39.72844],[-120.61655,39.72801],[-120.61704,39.72757],[-120.6177,39.72717],[-120.61829,39.727],[-120.61921,39.72683],[-120.61927,39.72684],[-120.61931,39.72687],[-120.61931,39.72693],[-120.61926,39.72696],[-120.61834,39.72713],[-120.61779,39.72729]]]}},{"type":"Feature","properties":{"class":"ephemeral","width_ft":25},"geometry":{"type":"Polygon","coordinates":[[[-120.61608,39.72856],[-120.61593,39.72856],[-120.61483,39.72894],[-120.61387,39.72968],[-120.61379,39.72969],[-120.61373,39.72966],[-120.61374,39.72958],[-120.61473,39.72882],[-120.61589,39.72843],[-120.61608,39.72842],[-120.61613,39.72843],[-120.61616,39.72851],[-120.61608,39.72856]]]}},{"type":"Feature","properties":{"class":"ephemeral","width_ft":25},"geometry":{"type":"Polygon","coordinates":[[[-120.62525,39.73775],[-120.62452,39.73855],[-120.62374,39.73926],[-120.62325,39.73965],[-120.6226,39.73993],[-120.62245,39.74004],[-120.62239,39.74005],[-120.62234,39.74003],[-120.62233,39.73995],[-120.62249,39.73982],[-120.62313,39.73954],[-120.62361,39.73917],[-120.62438,39.73846],[-120.62509,39.73769],[-120.62518,39.73767],[-120.62524,39.7377],[-120.62525,39.73775]]]}},{"type":"Feature","properties":{"class":"ephemeral","width_ft":25},"geometry":{"type":"Polygon","coordinates":[[[-120.64716,39.73896],[-120.64739,39.73942],[-120.64746,39.73982],[-120.64738,39.74006],[-120.64731,39.74011],[-120.64725,39.74009],[-120.64721,39.74005],[-120.64728,39.73982],[-120.64721,39.73945],[-120.64701,39.73903],[-120.64679,39.73875],[-120.64681,39.73867],[-120.64688,39.73866],[-120.64694,39.73868],[-120.64716,39.73896]]]}},{"type":"Feature","properties":{"class":"ephemeral","width_ft":25},"geometry":{"type":"Polygon","coordinates":[[[-120.62311,39.72255],[-120.62204,39.72355],[-120.62183,39.72372],[-120.6216,39.72384],[-120.62093,39.72395],[-120.62024,39.72401],[-120.62006,39.72411],[-120.6199,39.72423],[-120.61983,39.72423],[-120.61978,39.7242],[-120.61977,39.72416],[-120.61979,39.72412],[-120.61994,39.724],[-120.62018,39.72388],[-120.6209,39.72382],[-120.62152,39.72371],[-120.62171,39.72361],[-120.62191,39.72346],[-120.62297,39.72247],[-120.62338,39.72199],[-120.6234,39.72194],[-120.62351,39.72209],[-120.62311,39.72255]]]}},{"type":"Feature","properties":{"class":"ephemeral","width_ft":25},"geometry":{"type":"Polygon","coordinates":[[[-120.61611,39.72855],[-120.61604,39.72855],[-120.61599,39.72851],[-120.61599,39.72846],[-120.61604,39.72842],[-120.61674,39.72821],[-120.61698,39.7282],[-120.61705,39.72824],[-120.61705,39.7283],[-120.617,39.72833],[-120.61678,39.72834],[-120.61611,39.72855]]]}},{"type":"Feature","properties":{"class":"ephemeral","width_ft":25},"geometry":{"type":"Polygon","coordinates":[[[-120.62049,39.73648],[-120.62091,39.73745],[-120.62105,39.73755],[-120.62117,39.73773],[-120.62116,39.73778],[-120.62111,39.73781],[-120.62102,39.7378],[-120.62091,39.73763],[-120.62076,39.73751],[-120.62032,39.73652],[-120.62017,39.73596],[-120.62017,39.73572],[-120.62024,39.73567],[-120.62031,39.73568],[-120.62035,39.73572],[-120.62035,39.73595],[-120.62049,39.73648]]]}},{"type":"Feature","properties":{"class":"ephemeral","width_ft":25},"geometry":{"type":"Polygon","coordinates":[[[-120.64644,39.73917],[-120.64666,39.73946],[-120.64694,39.73972],[-120.64737,39.74],[-120.64739,39.74005],[-120.64736,39.74009],[-120.64725,39.7401],[-120.64681,39.73981],[-120.64652,39.73954],[-120.6463,39.73926],[-120.64616,39.73915],[-120.64615,39.73908],[-120.6462,39.73905],[-120.64627,39.73905],[-120.64644,39.73917]]]}}]}