{"type":"FeatureCollection","features":[{"type":"Feature","properties":{"plot":"101-01","unit_id":101,"n_trees":12,"slope":11,"flags":""},"geometry":{"type":"Point","coordinates":[-120.66048,39.73065]}},{"type":"Feature","properties":{"plot":"101-02","unit_id":101,"n_trees":10,"slope":14,"flags":""},"geometry":{"type":"Point","coordinates":[-120.66046,39.73148]}},{"type":"Feature","properties":{"plot":"101-03","unit_id":101,"n_trees":6,"slope":28,"flags":""},"geometry":{"type":"Point","coordinates":[-120.66043,39.73312]}},{"type":"Feature","properties":{"plot":"101-04","unit_id":101,"n_trees":9,"slope":25,"flags":"Tree 1: species code 'PPP' not valid. Correct in edit."},"geometry":{"type":"Point","coordinates":[-120.66041,39.73395]}},{"type":"Feature","properties":{"plot":"101-05","unit_id":101,"n_trees":9,"slope":16,"flags":""},"geometry":{"type":"Point","coordinates":[-120.65941,39.73064]}},{"type":"Feature","properties":{"plot":"101-06","unit_id":101,"n_trees":12,"slope":14,"flags":""},"geometry":{"type":"Point","coordinates":[-120.65939,39.73147]}},{"type":"Feature","properties":{"plot":"101-07","unit_id":101,"n_trees":13,"slope":9,"flags":"Tree 9: height 32 ft outside tolerance for DBH 27.8. Remeasure."},"geometry":{"type":"Point","coordinates":[-120.65938,39.73229]}},{"type":"Feature","properties":{"plot":"101-08","unit_id":101,"n_trees":11,"slope":10,"flags":""},"geometry":{"type":"Point","coordinates":[-120.65936,39.73311]}},{"type":"Feature","properties":{"plot":"101-09","unit_id":101,"n_trees":11,"slope":19,"flags":""},"geometry":{"type":"Point","coordinates":[-120.65935,39.73394]}},{"type":"Feature","properties":{"plot":"101-10","unit_id":101,"n_trees":12,"slope":25,"flags":""},"geometry":{"type":"Point","coordinates":[-120.65933,39.73476]}},{"type":"Feature","properties":{"plot":"101-11","unit_id":101,"n_trees":9,"slope":24,"flags":""},"geometry":{"type":"Point","coordinates":[-120.65932,39.73558]}},{"type":"Feature","properties":{"plot":"101-12","unit_id":101,"n_trees":10,"slope":8,"flags":"Tree 1: DBH 999.0 out of range. Remeasure."},"geometry":{"type":"Point","coordinates":[-120.65834,39.73063]}},{"type":"Feature","properties":{"plot":"101-13","unit_id":101,"n_trees":11,"slope":5,"flags":""},"geometry":{"type":"Point","coordinates":[-120.65833,39.73145]}},{"type":"Feature","properties":{"plot":"101-14","unit_id":101,"n_trees":10,"slope":7,"flags":""},"geometry":{"type":"Point","coordinates":[-120.65831,39.73228]}},{"type":"Feature","properties":{"plot":"101-15","unit_id":101,"n_trees":10,"slope":3,"flags":""},"geometry":{"type":"Point","coordinates":[-120.6583,39.7331]}},{"type":"Feature","properties":{"plot":"101-16","unit_id":101,"n_trees":11,"slope":6,"flags":""},"geometry":{"type":"Point","coordinates":[-120.65828,39.73392]}},{"type":"Feature","properties":{"plot":"101-17","unit_id":101,"n_trees":11,"slope":4,"flags":""},"geometry":{"type":"Point","coordinates":[-120.65826,39.73475]}},{"type":"Feature","properties":{"plot":"101-18","unit_id":101,"n_trees":10,"slope":10,"flags":""},"geometry":{"type":"Point","coordinates":[-120.65825,39.73557]}},{"type":"Feature","properties":{"plot":"101-19","unit_id":101,"n_trees":10,"slope":8,"flags":""},"geometry":{"type":"Point","coordinates":[-120.65728,39.73062]}},{"type":"Feature","properties":{"plot":"101-20","unit_id":101,"n_trees":11,"slope":9,"flags":"Plot falls outside the unit boundary. Check GPS position and unit number."},"geometry":{"type":"Point","coordinates":[-120.65406,39.7314]}},{"type":"Feature","properties":{"plot":"101-21","unit_id":101,"n_trees":11,"slope":10,"flags":""},"geometry":{"type":"Point","coordinates":[-120.65725,39.73227]}},{"type":"Feature","properties":{"plot":"101-22","unit_id":101,"n_trees":10,"slope":5,"flags":""},"geometry":{"type":"Point","coordinates":[-120.65723,39.73309]}},{"type":"Feature","properties":{"plot":"101-23","unit_id":101,"n_trees":11,"slope":3,"flags":""},"geometry":{"type":"Point","coordinates":[-120.65721,39.73391]}},{"type":"Feature","properties":{"plot":"101-24","unit_id":101,"n_trees":11,"slope":5,"flags":""},"geometry":{"type":"Point","coordinates":[-120.6572,39.73474]}},{"type":"Feature","properties":{"plot":"101-25","unit_id":101,"n_trees":11,"slope":6,"flags":""},"geometry":{"type":"Point","coordinates":[-120.65718,39.73556]}},{"type":"Feature","properties":{"plot":"101-26","unit_id":101,"n_trees":15,"slope":15,"flags":""},"geometry":{"type":"Point","coordinates":[-120.65621,39.73061]}},{"type":"Feature","properties":{"plot":"101-27","unit_id":101,"n_trees":11,"slope":9,"flags":"Plot id recorded 2 times. Check plot numbers."},"geometry":{"type":"Point","coordinates":[-120.65619,39.73143]}},{"type":"Feature","properties":{"plot":"101-27","unit_id":101,"n_trees":9,"slope":17,"flags":"Plot id recorded 2 times. Check plot numbers."},"geometry":{"type":"Point","coordinates":[-120.65618,39.73225]}},{"type":"Feature","properties":{"plot":"101-29","unit_id":101,"n_trees":12,"slope":8,"flags":""},"geometry":{"type":"Point","coordinates":[-120.65616,39.73308]}},{"type":"Feature","properties":{"plot":"101-30","unit_id":101,"n_trees":11,"slope":3,"flags":""},"geometry":{"type":"Point","coordinates":[-120.65615,39.7339]}},{"type":"Feature","properties":{"plot":"101-31","unit_id":101,"n_trees":11,"slope":3,"flags":""},"geometry":{"type":"Point","coordinates":[-120.65613,39.73472]}},{"type":"Feature","properties":{"plot":"101-32","unit_id":101,"n_trees":11,"slope":4,"flags":""},"geometry":{"type":"Point","coordinates":[-120.65612,39.73555]}},{"type":"Feature","properties":{"plot":"101-33","unit_id":101,"n_trees":9,"slope":7,"flags":""},"geometry":{"type":"Point","coordinates":[-120.6561,39.73637]}},{"type":"Feature","properties":{"plot":"101-34","unit_id":101,"n_trees":9,"slope":9,"flags":""},"geometry":{"type":"Point","coordinates":[-120.6551,39.73306]}},{"type":"Feature","properties":{"plot":"101-35","unit_id":101,"n_trees":10,"slope":2,"flags":""},"geometry":{"type":"Point","coordinates":[-120.65508,39.73389]}},{"type":"Feature","properties":{"plot":"101-36","unit_id":101,"n_trees":12,"slope":3,"flags":"Tree 2: height missing. Measure."},"geometry":{"type":"Point","coordinates":[-120.65507,39.73471]}},{"type":"Feature","properties":{"plot":"101-37","unit_id":101,"n_trees":11,"slope":6,"flags":""},"geometry":{"type":"Point","coordinates":[-120.65505,39.73553]}},{"type":"Feature","properties":{"plot":"101-38","unit_id":101,"n_trees":11,"slope":14,"flags":""},"geometry":{"type":"Point","coordinates":[-120.65503,39.73636]}},{"type":"Feature","properties":{"plot":"101-39","unit_id":101,"n_trees":10,"slope":4,"flags":""},"geometry":{"type":"Point","coordinates":[-120.65502,39.73718]}},{"type":"Feature","properties":{"plot":"101-40","unit_id":101,"n_trees":12,"slope":1,"flags":""},"geometry":{"type":"Point","coordinates":[-120.65401,39.73388]}},{"type":"Feature","properties":{"plot":"101-41","unit_id":101,"n_trees":12,"slope":2,"flags":""},"geometry":{"type":"Point","coordinates":[-120.654,39.7347]}},{"type":"Feature","properties":{"plot":"101-42","unit_id":101,"n_trees":10,"slope":4,"flags":""},"geometry":{"type":"Point","coordinates":[-120.65398,39.73552]}},{"type":"Feature","properties":{"plot":"101-43","unit_id":101,"n_trees":9,"slope":8,"flags":""},"geometry":{"type":"Point","coordinates":[-120.65397,39.73635]}},{"type":"Feature","properties":{"plot":"101-44","unit_id":101,"n_trees":11,"slope":6,"flags":"Tree 1: height 15 ft outside tolerance for DBH 34.0. Remeasure."},"geometry":{"type":"Point","coordinates":[-120.65395,39.73717]}},{"type":"Feature","properties":{"plot":"101-45","unit_id":101,"n_trees":10,"slope":10,"flags":""},"geometry":{"type":"Point","coordinates":[-120.65292,39.73551]}},{"type":"Feature","properties":{"plot":"102-01","unit_id":102,"n_trees":12,"slope":4,"flags":""},"geometry":{"type":"Point","coordinates":[-120.65288,39.73716]}},{"type":"Feature","properties":{"plot":"102-02","unit_id":102,"n_trees":11,"slope":19,"flags":""},"geometry":{"type":"Point","coordinates":[-120.65287,39.73798]}},{"type":"Feature","properties":{"plot":"102-03","unit_id":102,"n_trees":9,"slope":5,"flags":""},"geometry":{"type":"Point","coordinates":[-120.65182,39.73714]}},{"type":"Feature","properties":{"plot":"102-04","unit_id":102,"n_trees":11,"slope":5,"flags":""},"geometry":{"type":"Point","coordinates":[-120.6518,39.73797]}},{"type":"Feature","properties":{"plot":"102-05","unit_id":102,"n_trees":10,"slope":15,"flags":""},"geometry":{"type":"Point","coordinates":[-120.65179,39.73879]}},{"type":"Feature","properties":{"plot":"102-06","unit_id":102,"n_trees":12,"slope":4,"flags":""},"geometry":{"type":"Point","coordinates":[-120.65074,39.73796]}},{"type":"Feature","properties":{"plot":"102-07","unit_id":102,"n_trees":8,"slope":4,"flags":""},"geometry":{"type":"Point","coordinates":[-120.65072,39.73878]}},{"type":"Feature","properties":{"plot":"102-08","unit_id":102,"n_trees":12,"slope":27,"flags":""},"geometry":{"type":"Point","coordinates":[-120.6507,39.7396]}},{"type":"Feature","properties":{"plot":"102-09","unit_id":102,"n_trees":10,"slope":5,"flags":""},"geometry":{"type":"Point","coordinates":[-120.64965,39.73877]}},{"type":"Feature","properties":{"plot":"102-10","unit_id":102,"n_trees":11,"slope":8,"flags":""},"geometry":{"type":"Point","coordinates":[-120.64964,39.73959]}},{"type":"Feature","properties":{"plot":"102-11","unit_id":102,"n_trees":12,"slope":19,"flags":""},"geometry":{"type":"Point","coordinates":[-120.64962,39.74041]}},{"type":"Feature","properties":{"plot":"102-12","unit_id":102,"n_trees":12,"slope":9,"flags":""},"geometry":{"type":"Point","coordinates":[-120.64855,39.7404]}},{"type":"Feature","properties":{"plot":"102-13","unit_id":102,"n_trees":10,"slope":6,"flags":""},"geometry":{"type":"Point","coordinates":[-120.64854,39.74123]}},{"type":"Feature","properties":{"plot":"102-14","unit_id":102,"n_trees":11,"slope":19,"flags":""},"geometry":{"type":"Point","coordinates":[-120.64852,39.74205]}},{"type":"Feature","properties":{"plot":"102-15","unit_id":102,"n_trees":10,"slope":4,"flags":""},"geometry":{"type":"Point","coordinates":[-120.64746,39.74204]}},{"type":"Feature","properties":{"plot":"102-16","unit_id":102,"n_trees":12,"slope":22,"flags":""},"geometry":{"type":"Point","coordinates":[-120.64744,39.74286]}},{"type":"Feature","properties":{"plot":"102-17","unit_id":102,"n_trees":11,"slope":19,"flags":""},"geometry":{"type":"Point","coordinates":[-120.64636,39.74367]}},{"type":"Feature","properties":{"plot":"102-18","unit_id":102,"n_trees":13,"slope":36,"flags":""},"geometry":{"type":"Point","coordinates":[-120.64528,39.74448]}},{"type":"Feature","properties":{"plot":"103-01","unit_id":103,"n_trees":9,"slope":25,"flags":""},"geometry":{"type":"Point","coordinates":[-120.64526,39.74531]}},{"type":"Feature","properties":{"plot":"103-02","unit_id":103,"n_trees":11,"slope":19,"flags":""},"geometry":{"type":"Point","coordinates":[-120.64524,39.74613]}},{"type":"Feature","properties":{"plot":"103-03","unit_id":103,"n_trees":14,"slope":32,"flags":""},"geometry":{"type":"Point","coordinates":[-120.64523,39.74695]}},{"type":"Feature","properties":{"plot":"103-04","unit_id":103,"n_trees":10,"slope":33,"flags":""},"geometry":{"type":"Point","coordinates":[-120.64521,39.74778]}},{"type":"Feature","properties":{"plot":"103-05","unit_id":103,"n_trees":12,"slope":36,"flags":""},"geometry":{"type":"Point","coordinates":[-120.6452,39.7486]}},{"type":"Feature","properties":{"plot":"103-06","unit_id":103,"n_trees":8,"slope":28,"flags":""},"geometry":{"type":"Point","coordinates":[-120.64518,39.74942]}},{"type":"Feature","properties":{"plot":"103-07","unit_id":103,"n_trees":12,"slope":33,"flags":""},"geometry":{"type":"Point","coordinates":[-120.64513,39.75189]}},{"type":"Feature","properties":{"plot":"103-08","unit_id":103,"n_trees":10,"slope":22,"flags":""},"geometry":{"type":"Point","coordinates":[-120.64419,39.74529]}},{"type":"Feature","properties":{"plot":"103-09","unit_id":103,"n_trees":7,"slope":32,"flags":""},"geometry":{"type":"Point","coordinates":[-120.64418,39.74612]}},{"type":"Feature","properties":{"plot":"103-10","unit_id":103,"n_trees":9,"slope":29,"flags":""},"geometry":{"type":"Point","coordinates":[-120.64413,39.74859]}},{"type":"Feature","properties":{"plot":"103-11","unit_id":103,"n_trees":11,"slope":37,"flags":""},"geometry":{"type":"Point","coordinates":[-120.64411,39.74941]}},{"type":"Feature","properties":{"plot":"103-12","unit_id":103,"n_trees":8,"slope":26,"flags":""},"geometry":{"type":"Point","coordinates":[-120.6441,39.75024]}},{"type":"Feature","properties":{"plot":"103-13","unit_id":103,"n_trees":10,"slope":25,"flags":""},"geometry":{"type":"Point","coordinates":[-120.64408,39.75106]}},{"type":"Feature","properties":{"plot":"103-14","unit_id":103,"n_trees":13,"slope":30,"flags":""},"geometry":{"type":"Point","coordinates":[-120.64405,39.75271]}},{"type":"Feature","properties":{"plot":"103-15","unit_id":103,"n_trees":11,"slope":27,"flags":""},"geometry":{"type":"Point","coordinates":[-120.64311,39.74611]}},{"type":"Feature","properties":{"plot":"103-16","unit_id":103,"n_trees":9,"slope":22,"flags":""},"geometry":{"type":"Point","coordinates":[-120.64306,39.74858]}},{"type":"Feature","properties":{"plot":"103-17","unit_id":103,"n_trees":10,"slope":23,"flags":""},"geometry":{"type":"Point","coordinates":[-120.64301,39.75105]}},{"type":"Feature","properties":{"plot":"103-18","unit_id":103,"n_trees":12,"slope":25,"flags":""},"geometry":{"type":"Point","coordinates":[-120.643,39.75187]}},{"type":"Feature","properties":{"plot":"103-19","unit_id":103,"n_trees":9,"slope":22,"flags":""},"geometry":{"type":"Point","coordinates":[-120.64297,39.75352]}},{"type":"Feature","properties":{"plot":"103-20","unit_id":103,"n_trees":7,"slope":16,"flags":""},"geometry":{"type":"Point","coordinates":[-120.64295,39.75434]}},{"type":"Feature","properties":{"plot":"103-21","unit_id":103,"n_trees":7,"slope":19,"flags":""},"geometry":{"type":"Point","coordinates":[-120.642,39.74856]}},{"type":"Feature","properties":{"plot":"103-22","unit_id":103,"n_trees":10,"slope":35,"flags":""},"geometry":{"type":"Point","coordinates":[-120.64198,39.74939]}},{"type":"Feature","properties":{"plot":"103-23","unit_id":103,"n_trees":11,"slope":18,"flags":""},"geometry":{"type":"Point","coordinates":[-120.64193,39.75186]}},{"type":"Feature","properties":{"plot":"103-24","unit_id":103,"n_trees":12,"slope":16,"flags":""},"geometry":{"type":"Point","coordinates":[-120.64192,39.75268]}},{"type":"Feature","properties":{"plot":"103-25","unit_id":103,"n_trees":12,"slope":21,"flags":""},"geometry":{"type":"Point","coordinates":[-120.6419,39.7535]}},{"type":"Feature","properties":{"plot":"103-26","unit_id":103,"n_trees":12,"slope":14,"flags":""},"geometry":{"type":"Point","coordinates":[-120.64085,39.75267]}},{"type":"Feature","properties":{"plot":"103-27","unit_id":103,"n_trees":10,"slope":5,"flags":""},"geometry":{"type":"Point","coordinates":[-120.64083,39.75349]}},{"type":"Feature","properties":{"plot":"401-01","unit_id":401,"n_trees":12,"slope":51,"flags":""},"geometry":{"type":"Point","coordinates":[-120.64499,39.75931]}},{"type":"Feature","properties":{"plot":"401-02","unit_id":401,"n_trees":10,"slope":46,"flags":""},"geometry":{"type":"Point","coordinates":[-120.64497,39.76013]}},{"type":"Feature","properties":{"plot":"401-03","unit_id":401,"n_trees":11,"slope":47,"flags":""},"geometry":{"type":"Point","coordinates":[-120.64496,39.76095]}},{"type":"Feature","properties":{"plot":"401-04","unit_id":401,"n_trees":13,"slope":37,"flags":""},"geometry":{"type":"Point","coordinates":[-120.64494,39.76178]}},{"type":"Feature","properties":{"plot":"401-05","unit_id":401,"n_trees":12,"slope":40,"flags":""},"geometry":{"type":"Point","coordinates":[-120.64389,39.76094]}},{"type":"Feature","properties":{"plot":"401-06","unit_id":401,"n_trees":10,"slope":38,"flags":""},"geometry":{"type":"Point","coordinates":[-120.64282,39.76093]}},{"type":"Feature","properties":{"plot":"401-07","unit_id":401,"n_trees":11,"slope":43,"flags":""},"geometry":{"type":"Point","coordinates":[-120.64176,39.76092]}},{"type":"Feature","properties":{"plot":"401-08","unit_id":401,"n_trees":13,"slope":36,"flags":""},"geometry":{"type":"Point","coordinates":[-120.64174,39.76174]}},{"type":"Feature","properties":{"plot":"401-09","unit_id":401,"n_trees":10,"slope":38,"flags":""},"geometry":{"type":"Point","coordinates":[-120.64172,39.76256]}},{"type":"Feature","properties":{"plot":"401-10","unit_id":401,"n_trees":11,"slope":38,"flags":""},"geometry":{"type":"Point","coordinates":[-120.64067,39.76173]}},{"type":"Feature","properties":{"plot":"401-11","unit_id":401,"n_trees":11,"slope":36,"flags":""},"geometry":{"type":"Point","coordinates":[-120.63854,39.7617]}},{"type":"Feature","properties":{"plot":"401-12","unit_id":401,"n_trees":9,"slope":49,"flags":""},"geometry":{"type":"Point","coordinates":[-120.63747,39.76169]}},{"type":"Feature","properties":{"plot":"401-13","unit_id":401,"n_trees":10,"slope":38,"flags":""},"geometry":{"type":"Point","coordinates":[-120.63746,39.76251]}},{"type":"Feature","properties":{"plot":"401-14","unit_id":401,"n_trees":12,"slope":46,"flags":""},"geometry":{"type":"Point","coordinates":[-120.63639,39.7625]}},{"type":"Feature","properties":{"plot":"104-01","unit_id":104,"n_trees":8,"slope":20,"flags":""},"geometry":{"type":"Point","coordinates":[-120.64507,39.75519]}},{"type":"Feature","properties":{"plot":"104-02","unit_id":104,"n_trees":12,"slope":10,"flags":""},"geometry":{"type":"Point","coordinates":[-120.64505,39.75601]}},{"type":"Feature","properties":{"plot":"104-03","unit_id":104,"n_trees":12,"slope":7,"flags":""},"geometry":{"type":"Point","coordinates":[-120.64504,39.75684]}},{"type":"Feature","properties":{"plot":"104-04","unit_id":104,"n_trees":11,"slope":9,"flags":""},"geometry":{"type":"Point","coordinates":[-120.64502,39.75766]}},{"type":"Feature","properties":{"plot":"104-05","unit_id":104,"n_trees":6,"slope":7,"flags":""},"geometry":{"type":"Point","coordinates":[-120.645,39.75848]}},{"type":"Feature","properties":{"plot":"104-06","unit_id":104,"n_trees":10,"slope":24,"flags":""},"geometry":{"type":"Point","coordinates":[-120.644,39.75518]}},{"type":"Feature","properties":{"plot":"104-07","unit_id":104,"n_trees":8,"slope":15,"flags":""},"geometry":{"type":"Point","coordinates":[-120.64397,39.75682]}},{"type":"Feature","properties":{"plot":"104-08","unit_id":104,"n_trees":11,"slope":9,"flags":""},"geometry":{"type":"Point","coordinates":[-120.64395,39.75765]}},{"type":"Feature","properties":{"plot":"104-09","unit_id":104,"n_trees":8,"slope":5,"flags":""},"geometry":{"type":"Point","coordinates":[-120.64394,39.75847]}},{"type":"Feature","properties":{"plot":"104-10","unit_id":104,"n_trees":9,"slope":9,"flags":""},"geometry":{"type":"Point","coordinates":[-120.64392,39.75929]}},{"type":"Feature","properties":{"plot":"104-11","unit_id":104,"n_trees":9,"slope":30,"flags":""},"geometry":{"type":"Point","coordinates":[-120.64391,39.76012]}},{"type":"Feature","properties":{"plot":"104-12","unit_id":104,"n_trees":10,"slope":33,"flags":""},"geometry":{"type":"Point","coordinates":[-120.6429,39.75681]}},{"type":"Feature","properties":{"plot":"104-13","unit_id":104,"n_trees":11,"slope":21,"flags":""},"geometry":{"type":"Point","coordinates":[-120.64289,39.75763]}},{"type":"Feature","properties":{"plot":"104-14","unit_id":104,"n_trees":10,"slope":10,"flags":""},"geometry":{"type":"Point","coordinates":[-120.64287,39.75846]}},{"type":"Feature","properties":{"plot":"104-15","unit_id":104,"n_trees":9,"slope":5,"flags":""},"geometry":{"type":"Point","coordinates":[-120.64285,39.75928]}},{"type":"Feature","properties":{"plot":"104-16","unit_id":104,"n_trees":8,"slope":10,"flags":""},"geometry":{"type":"Point","coordinates":[-120.64284,39.7601]}},{"type":"Feature","properties":{"plot":"104-17","unit_id":104,"n_trees":11,"slope":15,"flags":""},"geometry":{"type":"Point","coordinates":[-120.64188,39.75433]}},{"type":"Feature","properties":{"plot":"104-18","unit_id":104,"n_trees":12,"slope":20,"flags":""},"geometry":{"type":"Point","coordinates":[-120.64187,39.75515]}},{"type":"Feature","properties":{"plot":"104-19","unit_id":104,"n_trees":9,"slope":17,"flags":""},"geometry":{"type":"Point","coordinates":[-120.64185,39.75597]}},{"type":"Feature","properties":{"plot":"104-20","unit_id":104,"n_trees":12,"slope":33,"flags":""},"geometry":{"type":"Point","coordinates":[-120.6418,39.75845]}},{"type":"Feature","properties":{"plot":"104-21","unit_id":104,"n_trees":9,"slope":9,"flags":""},"geometry":{"type":"Point","coordinates":[-120.64179,39.75927]}},{"type":"Feature","properties":{"plot":"104-22","unit_id":104,"n_trees":11,"slope":8,"flags":""},"geometry":{"type":"Point","coordinates":[-120.64177,39.76009]}},{"type":"Feature","properties":{"plot":"104-23","unit_id":104,"n_trees":11,"slope":24,"flags":""},"geometry":{"type":"Point","coordinates":[-120.64082,39.75432]}},{"type":"Feature","properties":{"plot":"104-24","unit_id":104,"n_trees":10,"slope":18,"flags":""},"geometry":{"type":"Point","coordinates":[-120.6408,39.75514]}},{"type":"Feature","properties":{"plot":"104-25","unit_id":104,"n_trees":12,"slope":27,"flags":""},"geometry":{"type":"Point","coordinates":[-120.64078,39.75596]}},{"type":"Feature","properties":{"plot":"104-26","unit_id":104,"n_trees":10,"slope":32,"flags":""},"geometry":{"type":"Point","coordinates":[-120.64077,39.75679]}},{"type":"Feature","properties":{"plot":"104-27","unit_id":104,"n_trees":13,"slope":21,"flags":""},"geometry":{"type":"Point","coordinates":[-120.64075,39.75761]}},{"type":"Feature","properties":{"plot":"104-28","unit_id":104,"n_trees":11,"slope":13,"flags":""},"geometry":{"type":"Point","coordinates":[-120.64074,39.75843]}},{"type":"Feature","properties":{"plot":"104-29","unit_id":104,"n_trees":8,"slope":12,"flags":""},"geometry":{"type":"Point","coordinates":[-120.64072,39.75926]}},{"type":"Feature","properties":{"plot":"104-30","unit_id":104,"n_trees":11,"slope":6,"flags":""},"geometry":{"type":"Point","coordinates":[-120.6407,39.76008]}},{"type":"Feature","properties":{"plot":"104-31","unit_id":104,"n_trees":11,"slope":22,"flags":""},"geometry":{"type":"Point","coordinates":[-120.64069,39.7609]}},{"type":"Feature","properties":{"plot":"104-32","unit_id":104,"n_trees":11,"slope":13,"flags":""},"geometry":{"type":"Point","coordinates":[-120.63975,39.7543]}},{"type":"Feature","properties":{"plot":"104-33","unit_id":104,"n_trees":11,"slope":11,"flags":""},"geometry":{"type":"Point","coordinates":[-120.63973,39.75513]}},{"type":"Feature","properties":{"plot":"104-34","unit_id":104,"n_trees":8,"slope":14,"flags":""},"geometry":{"type":"Point","coordinates":[-120.63972,39.75595]}},{"type":"Feature","properties":{"plot":"104-35","unit_id":104,"n_trees":12,"slope":15,"flags":""},"geometry":{"type":"Point","coordinates":[-120.6397,39.75677]}},{"type":"Feature","properties":{"plot":"104-36","unit_id":104,"n_trees":13,"slope":13,"flags":""},"geometry":{"type":"Point","coordinates":[-120.63969,39.7576]}},{"type":"Feature","properties":{"plot":"104-37","unit_id":104,"n_trees":11,"slope":35,"flags":""},"geometry":{"type":"Point","coordinates":[-120.63967,39.75842]}},{"type":"Feature","properties":{"plot":"104-38","unit_id":104,"n_trees":11,"slope":17,"flags":""},"geometry":{"type":"Point","coordinates":[-120.63965,39.75924]}},{"type":"Feature","properties":{"plot":"104-39","unit_id":104,"n_trees":10,"slope":7,"flags":""},"geometry":{"type":"Point","coordinates":[-120.63964,39.76007]}},{"type":"Feature","properties":{"plot":"104-40","unit_id":104,"n_trees":11,"slope":10,"flags":""},"geometry":{"type":"Point","coordinates":[-120.63962,39.76089]}},{"type":"Feature","properties":{"plot":"104-41","unit_id":104,"n_trees":11,"slope":22,"flags":""},"geometry":{"type":"Point","coordinates":[-120.63867,39.75511]}},{"type":"Feature","properties":{"plot":"104-42","unit_id":104,"n_trees":12,"slope":9,"flags":""},"geometry":{"type":"Point","coordinates":[-120.63865,39.75594]}},{"type":"Feature","properties":{"plot":"104-43","unit_id":104,"n_trees":10,"slope":13,"flags":""},"geometry":{"type":"Point","coordinates":[-120.63863,39.75676]}},{"type":"Feature","properties":{"plot":"104-44","unit_id":104,"n_trees":12,"slope":6,"flags":""},"geometry":{"type":"Point","coordinates":[-120.63862,39.75758]}},{"type":"Feature","properties":{"plot":"104-45","unit_id":104,"n_trees":11,"slope":13,"flags":""},"geometry":{"type":"Point","coordinates":[-120.6386,39.75841]}},{"type":"Feature","properties":{"plot":"104-46","unit_id":104,"n_trees":9,"slope":34,"flags":""},"geometry":{"type":"Point","coordinates":[-120.63859,39.75923]}},{"type":"Feature","properties":{"plot":"104-47","unit_id":104,"n_trees":12,"slope":7,"flags":""},"geometry":{"type":"Point","coordinates":[-120.63857,39.76006]}},{"type":"Feature","properties":{"plot":"104-48","unit_id":104,"n_trees":9,"slope":22,"flags":""},"geometry":{"type":"Point","coordinates":[-120.63855,39.76088]}},{"type":"Feature","properties":{"plot":"104-49","unit_id":104,"n_trees":10,"slope":29,"flags":""},"geometry":{"type":"Point","coordinates":[-120.63758,39.75593]}},{"type":"Feature","properties":{"plot":"104-50","unit_id":104,"n_trees":6,"slope":11,"flags":""},"geometry":{"type":"Point","coordinates":[-120.63757,39.75675]}},{"type":"Feature","properties":{"plot":"104-51","unit_id":104,"n_trees":12,"slope":5,"flags":""},"geometry":{"type":"Point","coordinates":[-120.63755,39.75757]}},{"type":"Feature","properties":{"plot":"104-52","unit_id":104,"n_trees":12,"slope":4,"flags":""},"geometry":{"type":"Point","coordinates":[-120.63754,39.7584]}},{"type":"Feature","properties":{"plot":"104-53","unit_id":104,"n_trees":11,"slope":16,"flags":""},"geometry":{"type":"Point","coordinates":[-120.63752,39.75922]}},{"type":"Feature","properties":{"plot":"104-54","unit_id":104,"n_trees":10,"slope":11,"flags":""},"geometry":{"type":"Point","coordinates":[-120.6375,39.76004]}},{"type":"Feature","properties":{"plot":"104-55","unit_id":104,"n_trees":12,"slope":4,"flags":""},"geometry":{"type":"Point","coordinates":[-120.63749,39.76087]}},{"type":"Feature","properties":{"plot":"104-56","unit_id":104,"n_trees":11,"slope":13,"flags":""},"geometry":{"type":"Point","coordinates":[-120.6365,39.75674]}},{"type":"Feature","properties":{"plot":"104-57","unit_id":104,"n_trees":11,"slope":5,"flags":""},"geometry":{"type":"Point","coordinates":[-120.63649,39.75756]}},{"type":"Feature","properties":{"plot":"104-58","unit_id":104,"n_trees":10,"slope":12,"flags":""},"geometry":{"type":"Point","coordinates":[-120.63647,39.75838]}},{"type":"Feature","properties":{"plot":"104-59","unit_id":104,"n_trees":9,"slope":2,"flags":""},"geometry":{"type":"Point","coordinates":[-120.63642,39.76085]}},{"type":"Feature","properties":{"plot":"402-01","unit_id":402,"n_trees":7,"slope":37,"flags":""},"geometry":{"type":"Point","coordinates":[-120.64416,39.74694]}},{"type":"Feature","properties":{"plot":"402-02","unit_id":402,"n_trees":12,"slope":53,"flags":""},"geometry":{"type":"Point","coordinates":[-120.64414,39.74776]}},{"type":"Feature","properties":{"plot":"402-03","unit_id":402,"n_trees":10,"slope":44,"flags":""},"geometry":{"type":"Point","coordinates":[-120.64305,39.7494]}},{"type":"Feature","properties":{"plot":"402-04","unit_id":402,"n_trees":12,"slope":61,"flags":""},"geometry":{"type":"Point","coordinates":[-120.64303,39.75022]}},{"type":"Feature","properties":{"plot":"402-05","unit_id":402,"n_trees":12,"slope":83,"flags":""},"geometry":{"type":"Point","coordinates":[-120.64196,39.75021]}},{"type":"Feature","properties":{"plot":"402-06","unit_id":402,"n_trees":9,"slope":36,"flags":""},"geometry":{"type":"Point","coordinates":[-120.64195,39.75103]}},{"type":"Feature","properties":{"plot":"402-07","unit_id":402,"n_trees":11,"slope":48,"flags":""},"geometry":{"type":"Point","coordinates":[-120.64088,39.75102]}},{"type":"Feature","properties":{"plot":"402-08","unit_id":402,"n_trees":10,"slope":56,"flags":""},"geometry":{"type":"Point","coordinates":[-120.64086,39.75185]}},{"type":"Feature","properties":{"plot":"402-09","unit_id":402,"n_trees":10,"slope":34,"flags":""},"geometry":{"type":"Point","coordinates":[-120.6398,39.75183]}},{"type":"Feature","properties":{"plot":"402-10","unit_id":402,"n_trees":12,"slope":58,"flags":""},"geometry":{"type":"Point","coordinates":[-120.63978,39.75266]}},{"type":"Feature","properties":{"plot":"402-11","unit_id":402,"n_trees":9,"slope":39,"flags":""},"geometry":{"type":"Point","coordinates":[-120.63977,39.75348]}},{"type":"Feature","properties":{"plot":"402-12","unit_id":402,"n_trees":11,"slope":76,"flags":""},"geometry":{"type":"Point","coordinates":[-120.63873,39.75182]}},{"type":"Feature","properties":{"plot":"402-13","unit_id":402,"n_trees":10,"slope":61,"flags":""},"geometry":{"type":"Point","coordinates":[-120.63868,39.75429]}},{"type":"Feature","properties":{"plot":"402-14","unit_id":402,"n_trees":11,"slope":62,"flags":""},"geometry":{"type":"Point","coordinates":[-120.63766,39.75181]}},{"type":"Feature","properties":{"plot":"402-15","unit_id":402,"n_trees":10,"slope":42,"flags":""},"geometry":{"type":"Point","coordinates":[-120.63765,39.75263]}},{"type":"Feature","properties":{"plot":"402-16","unit_id":402,"n_trees":12,"slope":57,"flags":""},"geometry":{"type":"Point","coordinates":[-120.6376,39.7551]}},{"type":"Feature","properties":{"plot":"402-17","unit_id":402,"n_trees":12,"slope":46,"flags":""},"geometry":{"type":"Point","coordinates":[-120.6366,39.7518]}},{"type":"Feature","properties":{"plot":"402-18","unit_id":402,"n_trees":13,"slope":51,"flags":""},"geometry":{"type":"Point","coordinates":[-120.63658,39.75262]}},{"type":"Feature","properties":{"plot":"402-19","unit_id":402,"n_trees":10,"slope":57,"flags":""},"geometry":{"type":"Point","coordinates":[-120.63653,39.75509]}},{"type":"Feature","properties":{"plot":"105-01","unit_id":105,"n_trees":11,"slope":11,"flags":""},"geometry":{"type":"Point","coordinates":[-120.63692,39.73533]}},{"type":"Feature","properties":{"plot":"105-02","unit_id":105,"n_trees":12,"slope":18,"flags":""},"geometry":{"type":"Point","coordinates":[-120.63585,39.73531]}},{"type":"Feature","properties":{"plot":"105-03","unit_id":105,"n_trees":12,"slope":14,"flags":""},"geometry":{"type":"Point","coordinates":[-120.63583,39.73614]}},{"type":"Feature","properties":{"plot":"105-04","unit_id":105,"n_trees":14,"slope":32,"flags":""},"geometry":{"type":"Point","coordinates":[-120.63582,39.73696]}},{"type":"Feature","properties":{"plot":"105-05","unit_id":105,"n_trees":10,"slope":20,"flags":""},"geometry":{"type":"Point","coordinates":[-120.6358,39.73778]}},{"type":"Feature","properties":{"plot":"105-06","unit_id":105,"n_trees":10,"slope":16,"flags":""},"geometry":{"type":"Point","coordinates":[-120.63478,39.7353]}},{"type":"Feature","properties":{"plot":"105-07","unit_id":105,"n_trees":11,"slope":6,"flags":""},"geometry":{"type":"Point","coordinates":[-120.63477,39.73612]}},{"type":"Feature","properties":{"plot":"105-08","unit_id":105,"n_trees":12,"slope":26,"flags":""},"geometry":{"type":"Point","coordinates":[-120.63475,39.73695]}},{"type":"Feature","properties":{"plot":"105-09","unit_id":105,"n_trees":11,"slope":29,"flags":""},"geometry":{"type":"Point","coordinates":[-120.6347,39.73942]}},{"type":"Feature","properties":{"plot":"105-10","unit_id":105,"n_trees":13,"slope":22,"flags":""},"geometry":{"type":"Point","coordinates":[-120.63372,39.73529]}},{"type":"Feature","properties":{"plot":"105-11","unit_id":105,"n_trees":11,"slope":20,"flags":""},"geometry":{"type":"Point","coordinates":[-120.6337,39.73611]}},{"type":"Feature","properties":{"plot":"105-12","unit_id":105,"n_trees":10,"slope":20,"flags":""},"geometry":{"type":"Point","coordinates":[-120.63369,39.73694]}},{"type":"Feature","properties":{"plot":"105-13","unit_id":105,"n_trees":10,"slope":22,"flags":""},"geometry":{"type":"Point","coordinates":[-120.63367,39.73776]}},{"type":"Feature","properties":{"plot":"105-14","unit_id":105,"n_trees":10,"slope":19,"flags":""},"geometry":{"type":"Point","coordinates":[-120.63364,39.73941]}},{"type":"Feature","properties":{"plot":"105-15","unit_id":105,"n_trees":9,"slope":33,"flags":""},"geometry":{"type":"Point","coordinates":[-120.63362,39.74023]}},{"type":"Feature","properties":{"plot":"105-16","unit_id":105,"n_trees":10,"slope":36,"flags":""},"geometry":{"type":"Point","coordinates":[-120.63361,39.74105]}},{"type":"Feature","properties":{"plot":"105-17","unit_id":105,"n_trees":11,"slope":28,"flags":""},"geometry":{"type":"Point","coordinates":[-120.63359,39.74188]}},{"type":"Feature","properties":{"plot":"105-18","unit_id":105,"n_trees":11,"slope":12,"flags":""},"geometry":{"type":"Point","coordinates":[-120.63263,39.7361]}},{"type":"Feature","properties":{"plot":"105-19","unit_id":105,"n_trees":8,"slope":22,"flags":""},"geometry":{"type":"Point","coordinates":[-120.63262,39.73692]}},{"type":"Feature","properties":{"plot":"105-20","unit_id":105,"n_trees":12,"slope":28,"flags":""},"geometry":{"type":"Point","coordinates":[-120.6326,39.73775]}},{"type":"Feature","properties":{"plot":"105-21","unit_id":105,"n_trees":11,"slope":26,"flags":""},"geometry":{"type":"Point","coordinates":[-120.63259,39.73857]}},{"type":"Feature","properties":{"plot":"105-22","unit_id":105,"n_trees":12,"slope":18,"flags":""},"geometry":{"type":"Point","coordinates":[-120.63257,39.73939]}},{"type":"Feature","properties":{"plot":"105-23","unit_id":105,"n_trees":13,"slope":26,"flags":""},"geometry":{"type":"Point","coordinates":[-120.63255,39.74022]}},{"type":"Feature","properties":{"plot":"105-24","unit_id":105,"n_trees":12,"slope":15,"flags":""},"geometry":{"type":"Point","coordinates":[-120.63157,39.73609]}},{"type":"Feature","properties":{"plot":"105-25","unit_id":105,"n_trees":10,"slope":18,"flags":""},"geometry":{"type":"Point","coordinates":[-120.63155,39.73691]}},{"type":"Feature","properties":{"plot":"105-26","unit_id":105,"n_trees":11,"slope":28,"flags":""},"geometry":{"type":"Point","coordinates":[-120.63154,39.73773]}},{"type":"Feature","properties":{"plot":"105-27","unit_id":105,"n_trees":12,"slope":13,"flags":""},"geometry":{"type":"Point","coordinates":[-120.63152,39.73856]}},{"type":"Feature","properties":{"plot":"105-28","unit_id":105,"n_trees":12,"slope":19,"flags":""},"geometry":{"type":"Point","coordinates":[-120.6315,39.73938]}},{"type":"Feature","properties":{"plot":"105-29","unit_id":105,"n_trees":11,"slope":16,"flags":""},"geometry":{"type":"Point","coordinates":[-120.63045,39.73855]}},{"type":"Feature","properties":{"plot":"106-01","unit_id":106,"n_trees":9,"slope":14,"flags":""},"geometry":{"type":"Point","coordinates":[-120.63357,39.7427]}},{"type":"Feature","properties":{"plot":"106-02","unit_id":106,"n_trees":7,"slope":9,"flags":""},"geometry":{"type":"Point","coordinates":[-120.63356,39.74352]}},{"type":"Feature","properties":{"plot":"106-03","unit_id":106,"n_trees":12,"slope":14,"flags":""},"geometry":{"type":"Point","coordinates":[-120.63354,39.74435]}},{"type":"Feature","properties":{"plot":"106-04","unit_id":106,"n_trees":13,"slope":10,"flags":""},"geometry":{"type":"Point","coordinates":[-120.63352,39.74517]}},{"type":"Feature","properties":{"plot":"106-05","unit_id":106,"n_trees":13,"slope":9,"flags":""},"geometry":{"type":"Point","coordinates":[-120.63351,39.74599]}},{"type":"Feature","properties":{"plot":"106-06","unit_id":106,"n_trees":11,"slope":12,"flags":""},"geometry":{"type":"Point","coordinates":[-120.63247,39.74433]}},{"type":"Feature","properties":{"plot":"106-07","unit_id":106,"n_trees":12,"slope":21,"flags":""},"geometry":{"type":"Point","coordinates":[-120.63246,39.74516]}},{"type":"Feature","properties":{"plot":"106-08","unit_id":106,"n_trees":8,"slope":6,"flags":""},"geometry":{"type":"Point","coordinates":[-120.63244,39.74598]}},{"type":"Feature","properties":{"plot":"106-09","unit_id":106,"n_trees":10,"slope":5,"flags":""},"geometry":{"type":"Point","coordinates":[-120.63243,39.74681]}},{"type":"Feature","properties":{"plot":"106-10","unit_id":106,"n_trees":14,"slope":11,"flags":""},"geometry":{"type":"Point","coordinates":[-120.63241,39.74763]}},{"type":"Feature","properties":{"plot":"106-11","unit_id":106,"n_trees":13,"slope":11,"flags":""},"geometry":{"type":"Point","coordinates":[-120.63239,39.74845]}},{"type":"Feature","properties":{"plot":"106-12","unit_id":106,"n_trees":8,"slope":33,"flags":""},"geometry":{"type":"Point","coordinates":[-120.63139,39.74515]}},{"type":"Feature","properties":{"plot":"106-13","unit_id":106,"n_trees":7,"slope":10,"flags":""},"geometry":{"type":"Point","coordinates":[-120.63138,39.74597]}},{"type":"Feature","properties":{"plot":"106-14","unit_id":106,"n_trees":10,"slope":11,"flags":""},"geometry":{"type":"Point","coordinates":[-120.63136,39.74679]}},{"type":"Feature","properties":{"plot":"106-15","unit_id":106,"n_trees":13,"slope":11,"flags":""},"geometry":{"type":"Point","coordinates":[-120.63134,39.74762]}},{"type":"Feature","properties":{"plot":"106-16","unit_id":106,"n_trees":11,"slope":8,"flags":""},"geometry":{"type":"Point","coordinates":[-120.63133,39.74844]}},{"type":"Feature","properties":{"plot":"106-17","unit_id":106,"n_trees":9,"slope":21,"flags":""},"geometry":{"type":"Point","coordinates":[-120.63131,39.74926]}},{"type":"Feature","properties":{"plot":"106-18","unit_id":106,"n_trees":11,"slope":19,"flags":""},"geometry":{"type":"Point","coordinates":[-120.63129,39.75009]}},{"type":"Feature","properties":{"plot":"106-19","unit_id":106,"n_trees":12,"slope":34,"flags":""},"geometry":{"type":"Point","coordinates":[-120.63034,39.74431]}},{"type":"Feature","properties":{"plot":"106-20","unit_id":106,"n_trees":12,"slope":28,"flags":""},"geometry":{"type":"Point","coordinates":[-120.63032,39.74513]}},{"type":"Feature","properties":{"plot":"106-21","unit_id":106,"n_trees":7,"slope":29,"flags":""},"geometry":{"type":"Point","coordinates":[-120.63031,39.74596]}},{"type":"Feature","properties":{"plot":"106-22","unit_id":106,"n_trees":12,"slope":18,"flags":""},"geometry":{"type":"Point","coordinates":[-120.63029,39.74678]}},{"type":"Feature","properties":{"plot":"106-23","unit_id":106,"n_trees":12,"slope":5,"flags":""},"geometry":{"type":"Point","coordinates":[-120.63028,39.7476]}},{"type":"Feature","properties":{"plot":"106-24","unit_id":106,"n_trees":11,"slope":6,"flags":""},"geometry":{"type":"Point","coordinates":[-120.63026,39.74843]}},{"type":"Feature","properties":{"plot":"106-25","unit_id":106,"n_trees":10,"slope":7,"flags":""},"geometry":{"type":"Point","coordinates":[-120.63024,39.74925]}},{"type":"Feature","properties":{"plot":"106-26","unit_id":106,"n_trees":13,"slope":18,"flags":""},"geometry":{"type":"Point","coordinates":[-120.63023,39.75007]}},{"type":"Feature","properties":{"plot":"106-27","unit_id":106,"n_trees":11,"slope":28,"flags":""},"geometry":{"type":"Point","coordinates":[-120.62926,39.74512]}},{"type":"Feature","properties":{"plot":"106-28","unit_id":106,"n_trees":10,"slope":28,"flags":""},"geometry":{"type":"Point","coordinates":[-120.62924,39.74594]}},{"type":"Feature","properties":{"plot":"106-29","unit_id":106,"n_trees":10,"slope":12,"flags":""},"geometry":{"type":"Point","coordinates":[-120.62923,39.74677]}},{"type":"Feature","properties":{"plot":"106-30","unit_id":106,"n_trees":10,"slope":12,"flags":""},"geometry":{"type":"Point","coordinates":[-120.62921,39.74759]}},{"type":"Feature","properties":{"plot":"106-31","unit_id":106,"n_trees":11,"slope":10,"flags":""},"geometry":{"type":"Point","coordinates":[-120.62919,39.74842]}},{"type":"Feature","properties":{"plot":"106-32","unit_id":106,"n_trees":11,"slope":2,"flags":""},"geometry":{"type":"Point","coordinates":[-120.62918,39.74924]}},{"type":"Feature","properties":{"plot":"106-33","unit_id":106,"n_trees":12,"slope":14,"flags":""},"geometry":{"type":"Point","coordinates":[-120.62916,39.75006]}},{"type":"Feature","properties":{"plot":"106-34","unit_id":106,"n_trees":11,"slope":28,"flags":""},"geometry":{"type":"Point","coordinates":[-120.62818,39.74593]}},{"type":"Feature","properties":{"plot":"106-35","unit_id":106,"n_trees":12,"slope":10,"flags":""},"geometry":{"type":"Point","coordinates":[-120.62816,39.74676]}},{"type":"Feature","properties":{"plot":"106-36","unit_id":106,"n_trees":12,"slope":9,"flags":""},"geometry":{"type":"Point","coordinates":[-120.62814,39.74758]}},{"type":"Feature","properties":{"plot":"106-37","unit_id":106,"n_trees":11,"slope":7,"flags":""},"geometry":{"type":"Point","coordinates":[-120.62813,39.7484]}},{"type":"Feature","properties":{"plot":"106-38","unit_id":106,"n_trees":11,"slope":8,"flags":""},"geometry":{"type":"Point","coordinates":[-120.62811,39.74923]}},{"type":"Feature","properties":{"plot":"106-39","unit_id":106,"n_trees":3,"slope":4,"flags":""},"geometry":{"type":"Point","coordinates":[-120.62708,39.74757]}},{"type":"Feature","properties":{"plot":"106-40","unit_id":106,"n_trees":10,"slope":10,"flags":""},"geometry":{"type":"Point","coordinates":[-120.62706,39.74839]}},{"type":"Feature","properties":{"plot":"106-41","unit_id":106,"n_trees":12,"slope":8,"flags":""},"geometry":{"type":"Point","coordinates":[-120.62704,39.74921]}},{"type":"Feature","properties":{"plot":"107-01","unit_id":107,"n_trees":13,"slope":11,"flags":""},"geometry":{"type":"Point","coordinates":[-120.63149,39.74021]}},{"type":"Feature","properties":{"plot":"107-02","unit_id":107,"n_trees":12,"slope":5,"flags":""},"geometry":{"type":"Point","coordinates":[-120.63147,39.74103]}},{"type":"Feature","properties":{"plot":"107-03","unit_id":107,"n_trees":13,"slope":31,"flags":""},"geometry":{"type":"Point","coordinates":[-120.63146,39.74185]}},{"type":"Feature","properties":{"plot":"107-04","unit_id":107,"n_trees":11,"slope":12,"flags":""},"geometry":{"type":"Point","coordinates":[-120.63144,39.74268]}},{"type":"Feature","properties":{"plot":"107-05","unit_id":107,"n_trees":8,"slope":20,"flags":""},"geometry":{"type":"Point","coordinates":[-120.63142,39.7435]}},{"type":"Feature","properties":{"plot":"107-06","unit_id":107,"n_trees":11,"slope":6,"flags":""},"geometry":{"type":"Point","coordinates":[-120.63044,39.73937]}},{"type":"Feature","properties":{"plot":"107-07","unit_id":107,"n_trees":11,"slope":9,"flags":""},"geometry":{"type":"Point","coordinates":[-120.63042,39.74019]}},{"type":"Feature","properties":{"plot":"107-08","unit_id":107,"n_trees":13,"slope":6,"flags":""},"geometry":{"type":"Point","coordinates":[-120.63041,39.74102]}},{"type":"Feature","properties":{"plot":"107-09","unit_id":107,"n_trees":12,"slope":21,"flags":""},"geometry":{"type":"Point","coordinates":[-120.63039,39.74184]}},{"type":"Feature","properties":{"plot":"107-10","unit_id":107,"n_trees":10,"slope":17,"flags":""},"geometry":{"type":"Point","coordinates":[-120.63037,39.74266]}},{"type":"Feature","properties":{"plot":"107-11","unit_id":107,"n_trees":12,"slope":18,"flags":""},"geometry":{"type":"Point","coordinates":[-120.63036,39.74349]}},{"type":"Feature","properties":{"plot":"107-12","unit_id":107,"n_trees":11,"slope":16,"flags":""},"geometry":{"type":"Point","coordinates":[-120.62939,39.73853]}},{"type":"Feature","properties":{"plot":"107-13","unit_id":107,"n_trees":10,"slope":20,"flags":""},"geometry":{"type":"Point","coordinates":[-120.62937,39.73936]}},{"type":"Feature","properties":{"plot":"107-14","unit_id":107,"n_trees":13,"slope":39,"flags":""},"geometry":{"type":"Point","coordinates":[-120.62935,39.74018]}},{"type":"Feature","properties":{"plot":"107-15","unit_id":107,"n_trees":13,"slope":19,"flags":""},"geometry":{"type":"Point","coordinates":[-120.62934,39.741]}},{"type":"Feature","properties":{"plot":"107-16","unit_id":107,"n_trees":11,"slope":15,"flags":""},"geometry":{"type":"Point","coordinates":[-120.62932,39.74183]}},{"type":"Feature","properties":{"plot":"107-17","unit_id":107,"n_trees":9,"slope":23,"flags":""},"geometry":{"type":"Point","coordinates":[-120.62931,39.74265]}},{"type":"Feature","properties":{"plot":"107-18","unit_id":107,"n_trees":12,"slope":9,"flags":""},"geometry":{"type":"Point","coordinates":[-120.62929,39.74347]}},{"type":"Feature","properties":{"plot":"107-19","unit_id":107,"n_trees":12,"slope":25,"flags":""},"geometry":{"type":"Point","coordinates":[-120.62832,39.73852]}},{"type":"Feature","properties":{"plot":"107-20","unit_id":107,"n_trees":10,"slope":29,"flags":""},"geometry":{"type":"Point","coordinates":[-120.6283,39.73934]}},{"type":"Feature","properties":{"plot":"107-21","unit_id":107,"n_trees":12,"slope":22,"flags":""},"geometry":{"type":"Point","coordinates":[-120.62829,39.74017]}},{"type":"Feature","properties":{"plot":"107-22","unit_id":107,"n_trees":12,"slope":23,"flags":""},"geometry":{"type":"Point","coordinates":[-120.62827,39.74099]}},{"type":"Feature","properties":{"plot":"107-23","unit_id":107,"n_trees":11,"slope":29,"flags":""},"geometry":{"type":"Point","coordinates":[-120.62826,39.74181]}},{"type":"Feature","properties":{"plot":"107-24","unit_id":107,"n_trees":12,"slope":9,"flags":""},"geometry":{"type":"Point","coordinates":[-120.62824,39.74264]}},{"type":"Feature","properties":{"plot":"107-25","unit_id":107,"n_trees":10,"slope":27,"flags":""},"geometry":{"type":"Point","coordinates":[-120.62822,39.74346]}},{"type":"Feature","properties":{"plot":"107-26","unit_id":107,"n_trees":8,"slope":28,"flags":""},"geometry":{"type":"Point","coordinates":[-120.62725,39.73851]}},{"type":"Feature","properties":{"plot":"107-27","unit_id":107,"n_trees":10,"slope":15,"flags":""},"geometry":{"type":"Point","coordinates":[-120.62724,39.73933]}},{"type":"Feature","properties":{"plot":"107-28","unit_id":107,"n_trees":11,"slope":26,"flags":""},"geometry":{"type":"Point","coordinates":[-120.62722,39.74016]}},{"type":"Feature","properties":{"plot":"107-29","unit_id":107,"n_trees":12,"slope":36,"flags":""},"geometry":{"type":"Point","coordinates":[-120.6272,39.74098]}},{"type":"Feature","properties":{"plot":"107-30","unit_id":107,"n_trees":11,"slope":8,"flags":""},"geometry":{"type":"Point","coordinates":[-120.62719,39.7418]}},{"type":"Feature","properties":{"plot":"107-31","unit_id":107,"n_trees":11,"slope":16,"flags":""},"geometry":{"type":"Point","coordinates":[-120.62717,39.74263]}},{"type":"Feature","properties":{"plot":"107-32","unit_id":107,"n_trees":12,"slope":25,"flags":""},"geometry":{"type":"Point","coordinates":[-120.6262,39.73767]}},{"type":"Feature","properties":{"plot":"107-33","unit_id":107,"n_trees":10,"slope":29,"flags":""},"geometry":{"type":"Point","coordinates":[-120.62619,39.7385]}},{"type":"Feature","properties":{"plot":"107-34","unit_id":107,"n_trees":11,"slope":12,"flags":""},"geometry":{"type":"Point","coordinates":[-120.62617,39.73932]}},{"type":"Feature","properties":{"plot":"107-35","unit_id":107,"n_trees":11,"slope":17,"flags":""},"geometry":{"type":"Point","coordinates":[-120.62615,39.74014]}},{"type":"Feature","properties":{"plot":"107-36","unit_id":107,"n_trees":11,"slope":14,"flags":""},"geometry":{"type":"Point","coordinates":[-120.62612,39.74179]}},{"type":"Feature","properties":{"plot":"107-37","unit_id":107,"n_trees":12,"slope":22,"flags":""},"geometry":{"type":"Point","coordinates":[-120.62611,39.74261]}},{"type":"Feature","properties":{"plot":"107-38","unit_id":107,"n_trees":12,"slope":34,"flags":""},"geometry":{"type":"Point","coordinates":[-120.62512,39.73848]}},{"type":"Feature","properties":{"plot":"107-39","unit_id":107,"n_trees":12,"slope":30,"flags":""},"geometry":{"type":"Point","coordinates":[-120.6251,39.73931]}},{"type":"Feature","properties":{"plot":"107-40","unit_id":107,"n_trees":12,"slope":20,"flags":""},"geometry":{"type":"Point","coordinates":[-120.62509,39.74013]}},{"type":"Feature","properties":{"plot":"107-41","unit_id":107,"n_trees":12,"slope":13,"flags":""},"geometry":{"type":"Point","coordinates":[-120.62507,39.74095]}},{"type":"Feature","properties":{"plot":"107-42","unit_id":107,"n_trees":13,"slope":30,"flags":""},"geometry":{"type":"Point","coordinates":[-120.62506,39.74178]}},{"type":"Feature","properties":{"plot":"107-43","unit_id":107,"n_trees":14,"slope":33,"flags":""},"geometry":{"type":"Point","coordinates":[-120.62405,39.73847]}},{"type":"Feature","properties":{"plot":"107-44","unit_id":107,"n_trees":10,"slope":23,"flags":""},"geometry":{"type":"Point","coordinates":[-120.62404,39.73929]}},{"type":"Feature","properties":{"plot":"107-45","unit_id":107,"n_trees":11,"slope":18,"flags":""},"geometry":{"type":"Point","coordinates":[-120.62402,39.74012]}},{"type":"Feature","properties":{"plot":"107-46","unit_id":107,"n_trees":12,"slope":16,"flags":""},"geometry":{"type":"Point","coordinates":[-120.624,39.74094]}},{"type":"Feature","properties":{"plot":"403-01","unit_id":403,"n_trees":12,"slope":42,"flags":""},"geometry":{"type":"Point","coordinates":[-120.63128,39.75091]}},{"type":"Feature","properties":{"plot":"403-02","unit_id":403,"n_trees":13,"slope":69,"flags":""},"geometry":{"type":"Point","coordinates":[-120.63126,39.75173]}},{"type":"Feature","properties":{"plot":"403-03","unit_id":403,"n_trees":13,"slope":37,"flags":""},"geometry":{"type":"Point","coordinates":[-120.63021,39.7509]}},{"type":"Feature","properties":{"plot":"403-04","unit_id":403,"n_trees":13,"slope":48,"flags":""},"geometry":{"type":"Point","coordinates":[-120.6302,39.75172]}},{"type":"Feature","properties":{"plot":"403-05","unit_id":403,"n_trees":9,"slope":36,"flags":""},"geometry":{"type":"Point","coordinates":[-120.62915,39.75089]}},{"type":"Feature","properties":{"plot":"403-06","unit_id":403,"n_trees":10,"slope":38,"flags":""},"geometry":{"type":"Point","coordinates":[-120.62809,39.75005]}},{"type":"Feature","properties":{"plot":"403-07","unit_id":403,"n_trees":10,"slope":40,"flags":""},"geometry":{"type":"Point","coordinates":[-120.62703,39.75004]}},{"type":"Feature","properties":{"plot":"403-08","unit_id":403,"n_trees":10,"slope":43,"flags":""},"geometry":{"type":"Point","coordinates":[-120.62596,39.75002]}},{"type":"Feature","properties":{"plot":"403-09","unit_id":403,"n_trees":12,"slope":40,"flags":""},"geometry":{"type":"Point","coordinates":[-120.62594,39.75085]}},{"type":"Feature","properties":{"plot":"403-10","unit_id":403,"n_trees":13,"slope":39,"flags":""},"geometry":{"type":"Point","coordinates":[-120.62593,39.75167]}},{"type":"Feature","properties":{"plot":"403-11","unit_id":403,"n_trees":12,"slope":37,"flags":""},"geometry":{"type":"Point","coordinates":[-120.62489,39.75001]}},{"type":"Feature","properties":{"plot":"403-12","unit_id":403,"n_trees":12,"slope":36,"flags":""},"geometry":{"type":"Point","coordinates":[-120.62488,39.75084]}},{"type":"Feature","properties":{"plot":"403-13","unit_id":403,"n_trees":11,"slope":42,"flags":""},"geometry":{"type":"Point","coordinates":[-120.62381,39.75082]}},{"type":"Feature","properties":{"plot":"403-14","unit_id":403,"n_trees":11,"slope":42,"flags":""},"geometry":{"type":"Point","coordinates":[-120.62379,39.75165]}},{"type":"Feature","properties":{"plot":"403-15","unit_id":403,"n_trees":10,"slope":36,"flags":""},"geometry":{"type":"Point","coordinates":[-120.62274,39.75081]}},{"type":"Feature","properties":{"plot":"403-16","unit_id":403,"n_trees":12,"slope":37,"flags":""},"geometry":{"type":"Point","coordinates":[-120.62273,39.75163]}},{"type":"Feature","properties":{"plot":"403-17","unit_id":403,"n_trees":13,"slope":48,"flags":""},"geometry":{"type":"Point","coordinates":[-120.62169,39.74997]}},{"type":"Feature","properties":{"plot":"403-18","unit_id":403,"n_trees":11,"slope":47,"flags":""},"geometry":{"type":"Point","coordinates":[-120.62168,39.7508]}},{"type":"Feature","properties":{"plot":"403-19","unit_id":403,"n_trees":10,"slope":46,"flags":""},"geometry":{"type":"Point","coordinates":[-120.62063,39.74996]}},{"type":"Feature","properties":{"plot":"403-20","unit_id":403,"n_trees":12,"slope":35,"flags":""},"geometry":{"type":"Point","coordinates":[-120.61956,39.74995]}},{"type":"Feature","properties":{"plot":"108-01","unit_id":108,"n_trees":10,"slope":11,"flags":""},"geometry":{"type":"Point","coordinates":[-120.62927,39.7443]}},{"type":"Feature","properties":{"plot":"108-02","unit_id":108,"n_trees":11,"slope":22,"flags":""},"geometry":{"type":"Point","coordinates":[-120.62821,39.74429]}},{"type":"Feature","properties":{"plot":"108-03","unit_id":108,"n_trees":9,"slope":23,"flags":""},"geometry":{"type":"Point","coordinates":[-120.62819,39.74511]}},{"type":"Feature","properties":{"plot":"108-04","unit_id":108,"n_trees":10,"slope":18,"flags":""},"geometry":{"type":"Point","coordinates":[-120.62716,39.74345]}},{"type":"Feature","properties":{"plot":"108-05","unit_id":108,"n_trees":10,"slope":16,"flags":""},"geometry":{"type":"Point","coordinates":[-120.62714,39.74427]}},{"type":"Feature","properties":{"plot":"108-06","unit_id":108,"n_trees":12,"slope":21,"flags":""},"geometry":{"type":"Point","coordinates":[-120.62712,39.7451]}},{"type":"Feature","properties":{"plot":"108-07","unit_id":108,"n_trees":11,"slope":27,"flags":""},"geometry":{"type":"Point","coordinates":[-120.62711,39.74592]}},{"type":"Feature","properties":{"plot":"108-08","unit_id":108,"n_trees":11,"slope":23,"flags":""},"geometry":{"type":"Point","coordinates":[-120.62709,39.74674]}},{"type":"Feature","properties":{"plot":"108-09","unit_id":108,"n_trees":11,"slope":27,"flags":""},"geometry":{"type":"Point","coordinates":[-120.62609,39.74344]}},{"type":"Feature","properties":{"plot":"108-10","unit_id":108,"n_trees":12,"slope":12,"flags":""},"geometry":{"type":"Point","coordinates":[-120.62607,39.74426]}},{"type":"Feature","properties":{"plot":"108-11","unit_id":108,"n_trees":11,"slope":14,"flags":""},"geometry":{"type":"Point","coordinates":[-120.62606,39.74508]}},{"type":"Feature","properties":{"plot":"108-12","unit_id":108,"n_trees":14,"slope":25,"flags":""},"geometry":{"type":"Point","coordinates":[-120.62604,39.74591]}},{"type":"Feature","properties":{"plot":"108-13","unit_id":108,"n_trees":6,"slope":17,"flags":""},"geometry":{"type":"Point","coordinates":[-120.62603,39.74673]}},{"type":"Feature","properties":{"plot":"108-14","unit_id":108,"n_trees":13,"slope":6,"flags":""},"geometry":{"type":"Point","coordinates":[-120.62601,39.74755]}},{"type":"Feature","properties":{"plot":"108-15","unit_id":108,"n_trees":14,"slope":15,"flags":""},"geometry":{"type":"Point","coordinates":[-120.62504,39.7426]}},{"type":"Feature","properties":{"plot":"108-16","unit_id":108,"n_trees":10,"slope":13,"flags":""},"geometry":{"type":"Point","coordinates":[-120.62502,39.74342]}},{"type":"Feature","properties":{"plot":"108-17","unit_id":108,"n_trees":11,"slope":9,"flags":""},"geometry":{"type":"Point","coordinates":[-120.62501,39.74425]}},{"type":"Feature","properties":{"plot":"108-18","unit_id":108,"n_trees":11,"slope":8,"flags":""},"geometry":{"type":"Point","coordinates":[-120.62499,39.74507]}},{"type":"Feature","properties":{"plot":"108-19","unit_id":108,"n_trees":9,"slope":32,"flags":""},"geometry":{"type":"Point","coordinates":[-120.62497,39.74589]}},{"type":"Feature","properties":{"plot":"108-20","unit_id":108,"n_trees":12,"slope":17,"flags":""},"geometry":{"type":"Point","coordinates":[-120.62496,39.74672]}},{"type":"Feature","properties":{"plot":"108-21","unit_id":108,"n_trees":10,"slope":22,"flags":""},"geometry":{"type":"Point","coordinates":[-120.62399,39.74177]}},{"type":"Feature","properties":{"plot":"108-22","unit_id":108,"n_trees":12,"slope":30,"flags":""},"geometry":{"type":"Point","coordinates":[-120.62397,39.74259]}},{"type":"Feature","properties":{"plot":"108-23","unit_id":108,"n_trees":11,"slope":18,"flags":""},"geometry":{"type":"Point","coordinates":[-120.62396,39.74341]}},{"type":"Feature","properties":{"plot":"108-24","unit_id":108,"n_trees":12,"slope":11,"flags":""},"geometry":{"type":"Point","coordinates":[-120.62394,39.74424]}},{"type":"Feature","properties":{"plot":"108-25","unit_id":108,"n_trees":10,"slope":16,"flags":""},"geometry":{"type":"Point","coordinates":[-120.62392,39.74506]}},{"type":"Feature","properties":{"plot":"108-26","unit_id":108,"n_trees":13,"slope":15,"flags":""},"geometry":{"type":"Point","coordinates":[-120.62391,39.74588]}},{"type":"Feature","properties":{"plot":"108-27","unit_id":108,"n_trees":13,"slope":19,"flags":""},"geometry":{"type":"Point","coordinates":[-120.62389,39.74671]}},{"type":"Feature","properties":{"plot":"108-28","unit_id":108,"n_trees":11,"slope":10,"flags":""},"geometry":{"type":"Point","coordinates":[-120.62287,39.74422]}},{"type":"Feature","properties":{"plot":"108-29","unit_id":108,"n_trees":11,"slope":13,"flags":""},"geometry":{"type":"Point","coordinates":[-120.62286,39.74505]}},{"type":"Feature","properties":{"plot":"108-30","unit_id":108,"n_trees":10,"slope":20,"flags":""},"geometry":{"type":"Point","coordinates":[-120.62284,39.74587]}},{"type":"Feature","properties":{"plot":"108-31","unit_id":108,"n_trees":13,"slope":10,"flags":""},"geometry":{"type":"Point","coordinates":[-120.62179,39.74503]}},{"type":"Feature","properties":{"plot":"109-01","unit_id":109,"n_trees":15,"slope":8,"flags":""},"geometry":{"type":"Point","coordinates":[-120.62599,39.74838]}},{"type":"Feature","properties":{"plot":"109-02","unit_id":109,"n_trees":10,"slope":7,"flags":""},"geometry":{"type":"Point","coordinates":[-120.62598,39.7492]}},{"type":"Feature","properties":{"plot":"109-03","unit_id":109,"n_trees":10,"slope":21,"flags":""},"geometry":{"type":"Point","coordinates":[-120.62494,39.74754]}},{"type":"Feature","properties":{"plot":"109-04","unit_id":109,"n_trees":11,"slope":7,"flags":""},"geometry":{"type":"Point","coordinates":[-120.62493,39.74837]}},{"type":"Feature","properties":{"plot":"109-05","unit_id":109,"n_trees":9,"slope":7,"flags":""},"geometry":{"type":"Point","coordinates":[-120.62491,39.74919]}},{"type":"Feature","properties":{"plot":"109-06","unit_id":109,"n_trees":12,"slope":19,"flags":""},"geometry":{"type":"Point","coordinates":[-120.62388,39.74753]}},{"type":"Feature","properties":{"plot":"109-07","unit_id":109,"n_trees":3,"slope":15,"flags":""},"geometry":{"type":"Point","coordinates":[-120.62386,39.74835]}},{"type":"Feature","properties":{"plot":"109-08","unit_id":109,"n_trees":12,"slope":4,"flags":""},"geometry":{"type":"Point","coordinates":[-120.62384,39.74918]}},{"type":"Feature","properties":{"plot":"109-09","unit_id":109,"n_trees":12,"slope":17,"flags":""},"geometry":{"type":"Point","coordinates":[-120.62383,39.75]}},{"type":"Feature","properties":{"plot":"109-10","unit_id":109,"n_trees":11,"slope":9,"flags":""},"geometry":{"type":"Point","coordinates":[-120.62283,39.74669]}},{"type":"Feature","properties":{"plot":"109-11","unit_id":109,"n_trees":13,"slope":16,"flags":""},"geometry":{"type":"Point","coordinates":[-120.62281,39.74752]}},{"type":"Feature","properties":{"plot":"109-12","unit_id":109,"n_trees":11,"slope":6,"flags":""},"geometry":{"type":"Point","coordinates":[-120.62279,39.74834]}},{"type":"Feature","properties":{"plot":"109-13","unit_id":109,"n_trees":15,"slope":11,"flags":""},"geometry":{"type":"Point","coordinates":[-120.62278,39.74916]}},{"type":"Feature","properties":{"plot":"109-14","unit_id":109,"n_trees":13,"slope":3,"flags":""},"geometry":{"type":"Point","coordinates":[-120.62276,39.74999]}},{"type":"Feature","properties":{"plot":"109-15","unit_id":109,"n_trees":10,"slope":17,"flags":""},"geometry":{"type":"Point","coordinates":[-120.62177,39.74586]}},{"type":"Feature","properties":{"plot":"109-16","unit_id":109,"n_trees":10,"slope":7,"flags":""},"geometry":{"type":"Point","coordinates":[-120.62176,39.74668]}},{"type":"Feature","properties":{"plot":"109-17","unit_id":109,"n_trees":10,"slope":11,"flags":""},"geometry":{"type":"Point","coordinates":[-120.62174,39.7475]}},{"type":"Feature","properties":{"plot":"109-18","unit_id":109,"n_trees":10,"slope":7,"flags":""},"geometry":{"type":"Point","coordinates":[-120.62173,39.74833]}},{"type":"Feature","properties":{"plot":"109-19","unit_id":109,"n_trees":7,"slope":35,"flags":""},"geometry":{"type":"Point","coordinates":[-120.62171,39.74915]}},{"type":"Feature","properties":{"plot":"109-20","unit_id":109,"n_trees":12,"slope":16,"flags":""},"geometry":{"type":"Point","coordinates":[-120.62071,39.74584]}},{"type":"Feature","properties":{"plot":"109-21","unit_id":109,"n_trees":12,"slope":8,"flags":""},"geometry":{"type":"Point","coordinates":[-120.62069,39.74667]}},{"type":"Feature","properties":{"plot":"109-22","unit_id":109,"n_trees":9,"slope":7,"flags":""},"geometry":{"type":"Point","coordinates":[-120.62068,39.74749]}},{"type":"Feature","properties":{"plot":"109-23","unit_id":109,"n_trees":11,"slope":5,"flags":""},"geometry":{"type":"Point","coordinates":[-120.62066,39.74832]}},{"type":"Feature","properties":{"plot":"109-24","unit_id":109,"n_trees":13,"slope":24,"flags":""},"geometry":{"type":"Point","coordinates":[-120.62064,39.74914]}},{"type":"Feature","properties":{"plot":"109-25","unit_id":109,"n_trees":10,"slope":24,"flags":""},"geometry":{"type":"Point","coordinates":[-120.62061,39.75079]}},{"type":"Feature","properties":{"plot":"109-26","unit_id":109,"n_trees":10,"slope":21,"flags":""},"geometry":{"type":"Point","coordinates":[-120.61962,39.74666]}},{"type":"Feature","properties":{"plot":"109-27","unit_id":109,"n_trees":10,"slope":11,"flags":""},"geometry":{"type":"Point","coordinates":[-120.61961,39.74748]}},{"type":"Feature","properties":{"plot":"109-28","unit_id":109,"n_trees":14,"slope":12,"flags":""},"geometry":{"type":"Point","coordinates":[-120.61959,39.7483]}},{"type":"Feature","properties":{"plot":"109-29","unit_id":109,"n_trees":11,"slope":21,"flags":""},"geometry":{"type":"Point","coordinates":[-120.61958,39.74913]}},{"type":"Feature","properties":{"plot":"109-30","unit_id":109,"n_trees":11,"slope":35,"flags":""},"geometry":{"type":"Point","coordinates":[-120.61956,39.74995]}},{"type":"Feature","properties":{"plot":"109-31","unit_id":109,"n_trees":13,"slope":25,"flags":""},"geometry":{"type":"Point","coordinates":[-120.61853,39.74829]}},{"type":"Feature","properties":{"plot":"109-32","unit_id":109,"n_trees":2,"slope":21,"flags":""},"geometry":{"type":"Point","coordinates":[-120.61851,39.74911]}},{"type":"Feature","properties":{"plot":"109-33","unit_id":109,"n_trees":12,"slope":34,"flags":""},"geometry":{"type":"Point","coordinates":[-120.61849,39.74994]}},{"type":"Feature","properties":{"plot":"109-34","unit_id":109,"n_trees":10,"slope":14,"flags":""},"geometry":{"type":"Point","coordinates":[-120.61848,39.75076]}},{"type":"Feature","properties":{"plot":"404-01","unit_id":404,"n_trees":11,"slope":65,"flags":""},"geometry":{"type":"Point","coordinates":[-120.62297,39.73928]}},{"type":"Feature","properties":{"plot":"404-02","unit_id":404,"n_trees":11,"slope":50,"flags":""},"geometry":{"type":"Point","coordinates":[-120.62295,39.74011]}},{"type":"Feature","properties":{"plot":"404-03","unit_id":404,"n_trees":13,"slope":39,"flags":""},"geometry":{"type":"Point","coordinates":[-120.62294,39.74093]}},{"type":"Feature","properties":{"plot":"404-04","unit_id":404,"n_trees":10,"slope":67,"flags":""},"geometry":{"type":"Point","coordinates":[-120.62292,39.74175]}},{"type":"Feature","properties":{"plot":"404-05","unit_id":404,"n_trees":11,"slope":57,"flags":""},"geometry":{"type":"Point","coordinates":[-120.62291,39.74258]}},{"type":"Feature","properties":{"plot":"404-06","unit_id":404,"n_trees":11,"slope":56,"flags":""},"geometry":{"type":"Point","coordinates":[-120.62289,39.7434]}},{"type":"Feature","properties":{"plot":"404-07","unit_id":404,"n_trees":12,"slope":54,"flags":""},"geometry":{"type":"Point","coordinates":[-120.6219,39.73927]}},{"type":"Feature","properties":{"plot":"404-08","unit_id":404,"n_trees":9,"slope":48,"flags":""},"geometry":{"type":"Point","coordinates":[-120.62189,39.74009]}},{"type":"Feature","properties":{"plot":"404-09","unit_id":404,"n_trees":13,"slope":60,"flags":""},"geometry":{"type":"Point","coordinates":[-120.62187,39.74092]}},{"type":"Feature","properties":{"plot":"404-10","unit_id":404,"n_trees":6,"slope":41,"flags":""},"geometry":{"type":"Point","coordinates":[-120.62182,39.74339]}},{"type":"Feature","properties":{"plot":"404-11","unit_id":404,"n_trees":12,"slope":52,"flags":""},"geometry":{"type":"Point","coordinates":[-120.62181,39.74421]}},{"type":"Feature","properties":{"plot":"404-12","unit_id":404,"n_trees":11,"slope":60,"flags":""},"geometry":{"type":"Point","coordinates":[-120.62074,39.7442]}},{"type":"Feature","properties":{"plot":"404-13","unit_id":404,"n_trees":12,"slope":44,"flags":""},"geometry":{"type":"Point","coordinates":[-120.62072,39.74502]}},{"type":"Feature","properties":{"plot":"404-14","unit_id":404,"n_trees":9,"slope":48,"flags":""},"geometry":{"type":"Point","coordinates":[-120.62059,39.75161]}},{"type":"Feature","properties":{"plot":"404-15","unit_id":404,"n_trees":8,"slope":59,"flags":""},"geometry":{"type":"Point","coordinates":[-120.61966,39.74501]}},{"type":"Feature","properties":{"plot":"404-16","unit_id":404,"n_trees":10,"slope":58,"flags":""},"geometry":{"type":"Point","coordinates":[-120.61964,39.74583]}},{"type":"Feature","properties":{"plot":"404-17","unit_id":404,"n_trees":11,"slope":36,"flags":""},"geometry":{"type":"Point","coordinates":[-120.61954,39.75077]}},{"type":"Feature","properties":{"plot":"404-18","unit_id":404,"n_trees":10,"slope":47,"flags":""},"geometry":{"type":"Point","coordinates":[-120.61953,39.7516]}},{"type":"Feature","properties":{"plot":"404-19","unit_id":404,"n_trees":4,"slope":46,"flags":""},"geometry":{"type":"Point","coordinates":[-120.61857,39.74582]}},{"type":"Feature","properties":{"plot":"404-20","unit_id":404,"n_trees":10,"slope":71,"flags":""},"geometry":{"type":"Point","coordinates":[-120.61856,39.74664]}},{"type":"Feature","properties":{"plot":"404-21","unit_id":404,"n_trees":11,"slope":57,"flags":""},"geometry":{"type":"Point","coordinates":[-120.61854,39.74747]}},{"type":"Feature","properties":{"plot":"404-22","unit_id":404,"n_trees":10,"slope":43,"flags":""},"geometry":{"type":"Point","coordinates":[-120.61846,39.75158]}},{"type":"Feature","properties":{"plot":"404-23","unit_id":404,"n_trees":10,"slope":40,"flags":""},"geometry":{"type":"Point","coordinates":[-120.61747,39.74745]}},{"type":"Feature","properties":{"plot":"404-24","unit_id":404,"n_trees":10,"slope":57,"flags":""},"geometry":{"type":"Point","coordinates":[-120.61744,39.7491]}},{"type":"Feature","properties":{"plot":"404-25","unit_id":404,"n_trees":11,"slope":50,"flags":""},"geometry":{"type":"Point","coordinates":[-120.61743,39.74992]}},{"type":"Feature","properties":{"plot":"404-26","unit_id":404,"n_trees":12,"slope":50,"flags":""},"geometry":{"type":"Point","coordinates":[-120.61741,39.75075]}},{"type":"Feature","properties":{"plot":"404-27","unit_id":404,"n_trees":13,"slope":36,"flags":""},"geometry":{"type":"Point","coordinates":[-120.61739,39.75157]}},{"type":"Feature","properties":{"plot":"110-01","unit_id":110,"n_trees":6,"slope":25,"flags":""},"geometry":{"type":"Point","coordinates":[-120.62527,39.73107]}},{"type":"Feature","properties":{"plot":"110-02","unit_id":110,"n_trees":13,"slope":21,"flags":""},"geometry":{"type":"Point","coordinates":[-120.6242,39.73106]}},{"type":"Feature","properties":{"plot":"110-03","unit_id":110,"n_trees":11,"slope":17,"flags":""},"geometry":{"type":"Point","coordinates":[-120.62418,39.73188]}},{"type":"Feature","properties":{"plot":"110-04","unit_id":110,"n_trees":8,"slope":19,"flags":""},"geometry":{"type":"Point","coordinates":[-120.62313,39.73105]}},{"type":"Feature","properties":{"plot":"110-05","unit_id":110,"n_trees":7,"slope":27,"flags":""},"geometry":{"type":"Point","coordinates":[-120.62312,39.73187]}},{"type":"Feature","properties":{"plot":"110-06","unit_id":110,"n_trees":10,"slope":20,"flags":""},"geometry":{"type":"Point","coordinates":[-120.6231,39.73269]}},{"type":"Feature","properties":{"plot":"110-07","unit_id":110,"n_trees":13,"slope":35,"flags":""},"geometry":{"type":"Point","coordinates":[-120.62208,39.73021]}},{"type":"Feature","properties":{"plot":"110-08","unit_id":110,"n_trees":13,"slope":30,"flags":""},"geometry":{"type":"Point","coordinates":[-120.62207,39.73103]}},{"type":"Feature","properties":{"plot":"110-09","unit_id":110,"n_trees":12,"slope":17,"flags":""},"geometry":{"type":"Point","coordinates":[-120.62203,39.73268]}},{"type":"Feature","properties":{"plot":"110-10","unit_id":110,"n_trees":6,"slope":27,"flags":""},"geometry":{"type":"Point","coordinates":[-120.62202,39.73351]}},{"type":"Feature","properties":{"plot":"110-11","unit_id":110,"n_trees":10,"slope":19,"flags":""},"geometry":{"type":"Point","coordinates":[-120.622,39.73433]}},{"type":"Feature","properties":{"plot":"110-12","unit_id":110,"n_trees":7,"slope":23,"flags":""},"geometry":{"type":"Point","coordinates":[-120.62198,39.73515]}},{"type":"Feature","properties":{"plot":"110-13","unit_id":110,"n_trees":9,"slope":31,"flags":""},"geometry":{"type":"Point","coordinates":[-120.62098,39.73185]}},{"type":"Feature","properties":{"plot":"110-14","unit_id":110,"n_trees":11,"slope":34,"flags":""},"geometry":{"type":"Point","coordinates":[-120.62097,39.73267]}},{"type":"Feature","properties":{"plot":"110-15","unit_id":110,"n_trees":10,"slope":23,"flags":""},"geometry":{"type":"Point","coordinates":[-120.62095,39.73349]}},{"type":"Feature","properties":{"plot":"110-16","unit_id":110,"n_trees":11,"slope":32,"flags":""},"geometry":{"type":"Point","coordinates":[-120.62093,39.73432]}},{"type":"Feature","properties":{"plot":"110-17","unit_id":110,"n_trees":12,"slope":16,"flags":""},"geometry":{"type":"Point","coordinates":[-120.61992,39.73183]}},{"type":"Feature","properties":{"plot":"110-18","unit_id":110,"n_trees":10,"slope":35,"flags":""},"geometry":{"type":"Point","coordinates":[-120.6199,39.73266]}},{"type":"Feature","properties":{"plot":"110-19","unit_id":110,"n_trees":10,"slope":14,"flags":""},"geometry":{"type":"Point","coordinates":[-120.61988,39.73348]}},{"type":"Feature","properties":{"plot":"110-20","unit_id":110,"n_trees":12,"slope":27,"flags":""},"geometry":{"type":"Point","coordinates":[-120.61987,39.7343]}},{"type":"Feature","properties":{"plot":"110-21","unit_id":110,"n_trees":13,"slope":14,"flags":""},"geometry":{"type":"Point","coordinates":[-120.61985,39.73513]}},{"type":"Feature","properties":{"plot":"110-22","unit_id":110,"n_trees":11,"slope":8,"flags":""},"geometry":{"type":"Point","coordinates":[-120.61887,39.731]}},{"type":"Feature","properties":{"plot":"110-23","unit_id":110,"n_trees":11,"slope":15,"flags":""},"geometry":{"type":"Point","coordinates":[-120.61885,39.73182]}},{"type":"Feature","properties":{"plot":"110-24","unit_id":110,"n_trees":10,"slope":27,"flags":""},"geometry":{"type":"Point","coordinates":[-120.61882,39.73347]}},{"type":"Feature","properties":{"plot":"110-25","unit_id":110,"n_trees":10,"slope":17,"flags":""},"geometry":{"type":"Point","coordinates":[-120.6188,39.73429]}},{"type":"Feature","properties":{"plot":"110-26","unit_id":110,"n_trees":8,"slope":29,"flags":""},"geometry":{"type":"Point","coordinates":[-120.61878,39.73511]}},{"type":"Feature","properties":{"plot":"110-27","unit_id":110,"n_trees":12,"slope":33,"flags":""},"geometry":{"type":"Point","coordinates":[-120.6178,39.73098]}},{"type":"Feature","properties":{"plot":"110-28","unit_id":110,"n_trees":10,"slope":21,"flags":""},"geometry":{"type":"Point","coordinates":[-120.61778,39.73181]}},{"type":"Feature","properties":{"plot":"110-29","unit_id":110,"n_trees":12,"slope":25,"flags":""},"geometry":{"type":"Point","coordinates":[-120.61775,39.73346]}},{"type":"Feature","properties":{"plot":"110-30","unit_id":110,"n_trees":7,"slope":35,"flags":""},"geometry":{"type":"Point","coordinates":[-120.61672,39.7318]}},{"type":"Feature","properties":{"plot":"110-31","unit_id":110,"n_trees":10,"slope":28,"flags":""},"geometry":{"type":"Point","coordinates":[-120.6167,39.73262]}},{"type":"Feature","properties":{"plot":"111-01","unit_id":111,"n_trees":13,"slope":26,"flags":""},"geometry":{"type":"Point","coordinates":[-120.6232,39.72775]}},{"type":"Feature","properties":{"plot":"111-02","unit_id":111,"n_trees":11,"slope":14,"flags":""},"geometry":{"type":"Point","coordinates":[-120.62318,39.72858]}},{"type":"Feature","properties":{"plot":"111-03","unit_id":111,"n_trees":11,"slope":21,"flags":""},"geometry":{"type":"Point","coordinates":[-120.62316,39.7294]}},{"type":"Feature","properties":{"plot":"111-04","unit_id":111,"n_trees":9,"slope":21,"flags":""},"geometry":{"type":"Point","coordinates":[-120.62213,39.72774]}},{"type":"Feature","properties":{"plot":"111-05","unit_id":111,"n_trees":14,"slope":8,"flags":""},"geometry":{"type":"Point","coordinates":[-120.62211,39.72856]}},{"type":"Feature","properties":{"plot":"111-06","unit_id":111,"n_trees":10,"slope":14,"flags":""},"geometry":{"type":"Point","coordinates":[-120.6221,39.72939]}},{"type":"Feature","properties":{"plot":"111-07","unit_id":111,"n_trees":13,"slope":8,"flags":""},"geometry":{"type":"Point","coordinates":[-120.62106,39.72773]}},{"type":"Feature","properties":{"plot":"111-08","unit_id":111,"n_trees":9,"slope":7,"flags":""},"geometry":{"type":"Point","coordinates":[-120.62105,39.72855]}},{"type":"Feature","properties":{"plot":"111-09","unit_id":111,"n_trees":11,"slope":24,"flags":""},"geometry":{"type":"Point","coordinates":[-120.62103,39.72938]}},{"type":"Feature","properties":{"plot":"111-10","unit_id":111,"n_trees":8,"slope":29,"flags":""},"geometry":{"type":"Point","coordinates":[-120.62001,39.72689]}},{"type":"Feature","properties":{"plot":"111-11","unit_id":111,"n_trees":13,"slope":12,"flags":""},"geometry":{"type":"Point","coordinates":[-120.62,39.72772]}},{"type":"Feature","properties":{"plot":"111-12","unit_id":111,"n_trees":14,"slope":13,"flags":""},"geometry":{"type":"Point","coordinates":[-120.61998,39.72854]}},{"type":"Feature","properties":{"plot":"111-13","unit_id":111,"n_trees":12,"slope":24,"flags":""},"geometry":{"type":"Point","coordinates":[-120.61996,39.72936]}},{"type":"Feature","properties":{"plot":"111-14","unit_id":111,"n_trees":10,"slope":32,"flags":""},"geometry":{"type":"Point","coordinates":[-120.61995,39.73019]}},{"type":"Feature","properties":{"plot":"111-15","unit_id":111,"n_trees":9,"slope":11,"flags":""},"geometry":{"type":"Point","coordinates":[-120.61895,39.72688]}},{"type":"Feature","properties":{"plot":"111-16","unit_id":111,"n_trees":11,"slope":17,"flags":""},"geometry":{"type":"Point","coordinates":[-120.61893,39.7277]}},{"type":"Feature","properties":{"plot":"111-17","unit_id":111,"n_trees":13,"slope":10,"flags":""},"geometry":{"type":"Point","coordinates":[-120.61891,39.72853]}},{"type":"Feature","properties":{"plot":"111-18","unit_id":111,"n_trees":13,"slope":15,"flags":""},"geometry":{"type":"Point","coordinates":[-120.6189,39.72935]}},{"type":"Feature","properties":{"plot":"111-19","unit_id":111,"n_trees":10,"slope":25,"flags":""},"geometry":{"type":"Point","coordinates":[-120.61888,39.73017]}},{"type":"Feature","properties":{"plot":"111-20","unit_id":111,"n_trees":9,"slope":27,"flags":""},"geometry":{"type":"Point","coordinates":[-120.61788,39.72687]}},{"type":"Feature","properties":{"plot":"111-21","unit_id":111,"n_trees":10,"slope":12,"flags":""},"geometry":{"type":"Point","coordinates":[-120.61786,39.72769]}},{"type":"Feature","properties":{"plot":"111-22","unit_id":111,"n_trees":12,"slope":17,"flags":""},"geometry":{"type":"Point","coordinates":[-120.61785,39.72851]}},{"type":"Feature","properties":{"plot":"111-23","unit_id":111,"n_trees":12,"slope":14,"flags":""},"geometry":{"type":"Point","coordinates":[-120.61783,39.72934]}},{"type":"Feature","properties":{"plot":"111-24","unit_id":111,"n_trees":12,"slope":18,"flags":""},"geometry":{"type":"Point","coordinates":[-120.61782,39.73016]}},{"type":"Feature","properties":{"plot":"111-25","unit_id":111,"n_trees":6,"slope":30,"flags":""},"geometry":{"type":"Point","coordinates":[-120.61681,39.72685]}},{"type":"Feature","properties":{"plot":"111-26","unit_id":111,"n_trees":11,"slope":18,"flags":""},"geometry":{"type":"Point","coordinates":[-120.6168,39.72768]}},{"type":"Feature","properties":{"plot":"111-27","unit_id":111,"n_trees":14,"slope":26,"flags":""},"geometry":{"type":"Point","coordinates":[-120.61678,39.7285]}},{"type":"Feature","properties":{"plot":"112-01","unit_id":112,"n_trees":11,"slope":12,"flags":""},"geometry":{"type":"Point","coordinates":[-120.62216,39.72609]}},{"type":"Feature","properties":{"plot":"112-02","unit_id":112,"n_trees":11,"slope":10,"flags":""},"geometry":{"type":"Point","coordinates":[-120.62113,39.72443]}},{"type":"Feature","properties":{"plot":"112-03","unit_id":112,"n_trees":11,"slope":17,"flags":""},"geometry":{"type":"Point","coordinates":[-120.62111,39.72526]}},{"type":"Feature","properties":{"plot":"112-04","unit_id":112,"n_trees":12,"slope":12,"flags":""},"geometry":{"type":"Point","coordinates":[-120.6211,39.72608]}},{"type":"Feature","properties":{"plot":"112-05","unit_id":112,"n_trees":9,"slope":21,"flags":""},"geometry":{"type":"Point","coordinates":[-120.62008,39.7236]}},{"type":"Feature","properties":{"plot":"112-06","unit_id":112,"n_trees":12,"slope":36,"flags":""},"geometry":{"type":"Point","coordinates":[-120.62005,39.72525]}},{"type":"Feature","properties":{"plot":"112-07","unit_id":112,"n_trees":10,"slope":10,"flags":""},"geometry":{"type":"Point","coordinates":[-120.62003,39.72607]}},{"type":"Feature","properties":{"plot":"112-08","unit_id":112,"n_trees":5,"slope":21,"flags":""},"geometry":{"type":"Point","coordinates":[-120.61903,39.72276]}},{"type":"Feature","properties":{"plot":"112-09","unit_id":112,"n_trees":12,"slope":10,"flags":""},"geometry":{"type":"Point","coordinates":[-120.61901,39.72359]}},{"type":"Feature","properties":{"plot":"112-10","unit_id":112,"n_trees":11,"slope":10,"flags":""},"geometry":{"type":"Point","coordinates":[-120.619,39.72441]}},{"type":"Feature","properties":{"plot":"112-11","unit_id":112,"n_trees":9,"slope":10,"flags":""},"geometry":{"type":"Point","coordinates":[-120.61898,39.72523]}},{"type":"Feature","properties":{"plot":"112-12","unit_id":112,"n_trees":11,"slope":29,"flags":""},"geometry":{"type":"Point","coordinates":[-120.61896,39.72606]}},{"type":"Feature","properties":{"plot":"112-13","unit_id":112,"n_trees":10,"slope":12,"flags":""},"geometry":{"type":"Point","coordinates":[-120.61796,39.72275]}},{"type":"Feature","properties":{"plot":"112-14","unit_id":112,"n_trees":13,"slope":8,"flags":""},"geometry":{"type":"Point","coordinates":[-120.61795,39.72357]}},{"type":"Feature","properties":{"plot":"112-15","unit_id":112,"n_trees":13,"slope":15,"flags":""},"geometry":{"type":"Point","coordinates":[-120.61793,39.7244]}},{"type":"Feature","properties":{"plot":"112-16","unit_id":112,"n_trees":13,"slope":16,"flags":""},"geometry":{"type":"Point","coordinates":[-120.61791,39.72522]}},{"type":"Feature","properties":{"plot":"112-17","unit_id":112,"n_trees":10,"slope":13,"flags":""},"geometry":{"type":"Point","coordinates":[-120.61693,39.72109]}},{"type":"Feature","properties":{"plot":"112-18","unit_id":112,"n_trees":12,"slope":36,"flags":""},"geometry":{"type":"Point","coordinates":[-120.61691,39.72191]}},{"type":"Feature","properties":{"plot":"112-19","unit_id":112,"n_trees":9,"slope":13,"flags":""},"geometry":{"type":"Point","coordinates":[-120.6169,39.72274]}},{"type":"Feature","properties":{"plot":"112-20","unit_id":112,"n_trees":11,"slope":21,"flags":""},"geometry":{"type":"Point","coordinates":[-120.61688,39.72356]}},{"type":"Feature","properties":{"plot":"112-21","unit_id":112,"n_trees":10,"slope":14,"flags":""},"geometry":{"type":"Point","coordinates":[-120.61686,39.72438]}},{"type":"Feature","properties":{"plot":"112-22","unit_id":112,"n_trees":13,"slope":13,"flags":""},"geometry":{"type":"Point","coordinates":[-120.61685,39.72521]}},{"type":"Feature","properties":{"plot":"112-23","unit_id":112,"n_trees":10,"slope":22,"flags":""},"geometry":{"type":"Point","coordinates":[-120.61683,39.72603]}},{"type":"Feature","properties":{"plot":"112-24","unit_id":112,"n_trees":13,"slope":28,"flags":""},"geometry":{"type":"Point","coordinates":[-120.61588,39.72025]}},{"type":"Feature","properties":{"plot":"112-25","unit_id":112,"n_trees":10,"slope":26,"flags":""},"geometry":{"type":"Point","coordinates":[-120.61586,39.72108]}},{"type":"Feature","properties":{"plot":"112-26","unit_id":112,"n_trees":12,"slope":11,"flags":""},"geometry":{"type":"Point","coordinates":[-120.61585,39.7219]}},{"type":"Feature","properties":{"plot":"112-27","unit_id":112,"n_trees":8,"slope":9,"flags":""},"geometry":{"type":"Point","coordinates":[-120.61583,39.72272]}},{"type":"Feature","properties":{"plot":"112-28","unit_id":112,"n_trees":10,"slope":15,"flags":""},"geometry":{"type":"Point","coordinates":[-120.61581,39.72355]}},{"type":"Feature","properties":{"plot":"112-29","unit_id":112,"n_trees":8,"slope":13,"flags":""},"geometry":{"type":"Point","coordinates":[-120.6158,39.72437]}},{"type":"Feature","properties":{"plot":"112-30","unit_id":112,"n_trees":11,"slope":12,"flags":""},"geometry":{"type":"Point","coordinates":[-120.61578,39.7252]}},{"type":"Feature","properties":{"plot":"112-31","unit_id":112,"n_trees":8,"slope":7,"flags":""},"geometry":{"type":"Point","coordinates":[-120.61576,39.72602]}},{"type":"Feature","properties":{"plot":"112-32","unit_id":112,"n_trees":12,"slope":25,"flags":""},"geometry":{"type":"Point","coordinates":[-120.61478,39.72189]}},{"type":"Feature","properties":{"plot":"112-33","unit_id":112,"n_trees":11,"slope":26,"flags":""},"geometry":{"type":"Point","coordinates":[-120.61476,39.72271]}},{"type":"Feature","properties":{"plot":"112-34","unit_id":112,"n_trees":11,"slope":20,"flags":""},"geometry":{"type":"Point","coordinates":[-120.61475,39.72354]}},{"type":"Feature","properties":{"plot":"112-35","unit_id":112,"n_trees":10,"slope":10,"flags":""},"geometry":{"type":"Point","coordinates":[-120.61473,39.72436]}},{"type":"Feature","properties":{"plot":"112-36","unit_id":112,"n_trees":13,"slope":39,"flags":""},"geometry":{"type":"Point","coordinates":[-120.61471,39.72518]}},{"type":"Feature","properties":{"plot":"112-37","unit_id":112,"n_trees":11,"slope":16,"flags":""},"geometry":{"type":"Point","coordinates":[-120.6147,39.72601]}},{"type":"Feature","properties":{"plot":"112-38","unit_id":112,"n_trees":9,"slope":16,"flags":""},"geometry":{"type":"Point","coordinates":[-120.61368,39.72352]}},{"type":"Feature","properties":{"plot":"112-39","unit_id":112,"n_trees":12,"slope":19,"flags":""},"geometry":{"type":"Point","coordinates":[-120.61366,39.72435]}},{"type":"Feature","properties":{"plot":"112-40","unit_id":112,"n_trees":11,"slope":30,"flags":""},"geometry":{"type":"Point","coordinates":[-120.61365,39.72517]}},{"type":"Feature","properties":{"plot":"113-01","unit_id":113,"n_trees":13,"slope":26,"flags":""},"geometry":{"type":"Point","coordinates":[-120.61877,39.73594]}},{"type":"Feature","properties":{"plot":"113-02","unit_id":113,"n_trees":14,"slope":27,"flags":""},"geometry":{"type":"Point","coordinates":[-120.61875,39.73676]}},{"type":"Feature","properties":{"plot":"113-03","unit_id":113,"n_trees":11,"slope":27,"flags":""},"geometry":{"type":"Point","coordinates":[-120.61874,39.73759]}},{"type":"Feature","properties":{"plot":"113-04","unit_id":113,"n_trees":11,"slope":24,"flags":""},"geometry":{"type":"Point","coordinates":[-120.61872,39.73841]}},{"type":"Feature","properties":{"plot":"113-05","unit_id":113,"n_trees":13,"slope":28,"flags":""},"geometry":{"type":"Point","coordinates":[-120.6187,39.73923]}},{"type":"Feature","properties":{"plot":"113-06","unit_id":113,"n_trees":13,"slope":31,"flags":""},"geometry":{"type":"Point","coordinates":[-120.61869,39.74006]}},{"type":"Feature","properties":{"plot":"113-07","unit_id":113,"n_trees":9,"slope":21,"flags":""},"geometry":{"type":"Point","coordinates":[-120.61772,39.7351]}},{"type":"Feature","properties":{"plot":"113-08","unit_id":113,"n_trees":13,"slope":16,"flags":""},"geometry":{"type":"Point","coordinates":[-120.6177,39.73593]}},{"type":"Feature","properties":{"plot":"113-09","unit_id":113,"n_trees":11,"slope":35,"flags":""},"geometry":{"type":"Point","coordinates":[-120.61769,39.73675]}},{"type":"Feature","properties":{"plot":"113-10","unit_id":113,"n_trees":12,"slope":21,"flags":""},"geometry":{"type":"Point","coordinates":[-120.61767,39.73757]}},{"type":"Feature","properties":{"plot":"113-11","unit_id":113,"n_trees":12,"slope":33,"flags":""},"geometry":{"type":"Point","coordinates":[-120.61765,39.7384]}},{"type":"Feature","properties":{"plot":"113-12","unit_id":113,"n_trees":11,"slope":20,"flags":""},"geometry":{"type":"Point","coordinates":[-120.61764,39.73922]}},{"type":"Feature","properties":{"plot":"113-13","unit_id":113,"n_trees":11,"slope":23,"flags":""},"geometry":{"type":"Point","coordinates":[-120.61762,39.74004]}},{"type":"Feature","properties":{"plot":"113-14","unit_id":113,"n_trees":12,"slope":23,"flags":""},"geometry":{"type":"Point","coordinates":[-120.61667,39.73427]}},{"type":"Feature","properties":{"plot":"113-15","unit_id":113,"n_trees":11,"slope":33,"flags":""},"geometry":{"type":"Point","coordinates":[-120.61665,39.73509]}},{"type":"Feature","properties":{"plot":"113-16","unit_id":113,"n_trees":13,"slope":25,"flags":""},"geometry":{"type":"Point","coordinates":[-120.61664,39.73591]}},{"type":"Feature","properties":{"plot":"113-17","unit_id":113,"n_trees":11,"slope":22,"flags":""},"geometry":{"type":"Point","coordinates":[-120.61662,39.73674]}},{"type":"Feature","properties":{"plot":"113-18","unit_id":113,"n_trees":12,"slope":11,"flags":""},"geometry":{"type":"Point","coordinates":[-120.6166,39.73756]}},{"type":"Feature","properties":{"plot":"113-19","unit_id":113,"n_trees":9,"slope":32,"flags":""},"geometry":{"type":"Point","coordinates":[-120.61659,39.73838]}},{"type":"Feature","properties":{"plot":"113-20","unit_id":113,"n_trees":10,"slope":19,"flags":""},"geometry":{"type":"Point","coordinates":[-120.61657,39.73921]}},{"type":"Feature","properties":{"plot":"113-21","unit_id":113,"n_trees":12,"slope":35,"flags":""},"geometry":{"type":"Point","coordinates":[-120.61562,39.73343]}},{"type":"Feature","properties":{"plot":"113-22","unit_id":113,"n_trees":10,"slope":30,"flags":""},"geometry":{"type":"Point","coordinates":[-120.6156,39.73425]}},{"type":"Feature","properties":{"plot":"113-23","unit_id":113,"n_trees":12,"slope":28,"flags":""},"geometry":{"type":"Point","coordinates":[-120.61559,39.73508]}},{"type":"Feature","properties":{"plot":"113-24","unit_id":113,"n_trees":12,"slope":27,"flags":""},"geometry":{"type":"Point","coordinates":[-120.61557,39.7359]}},{"type":"Feature","properties":{"plot":"113-25","unit_id":113,"n_trees":10,"slope":25,"flags":""},"geometry":{"type":"Point","coordinates":[-120.61555,39.73672]}},{"type":"Feature","properties":{"plot":"113-26","unit_id":113,"n_trees":10,"slope":27,"flags":""},"geometry":{"type":"Point","coordinates":[-120.61554,39.73755]}},{"type":"Feature","properties":{"plot":"113-27","unit_id":113,"n_trees":10,"slope":32,"flags":""},"geometry":{"type":"Point","coordinates":[-120.61552,39.73837]}},{"type":"Feature","properties":{"plot":"113-28","unit_id":113,"n_trees":10,"slope":21,"flags":""},"geometry":{"type":"Point","coordinates":[-120.61455,39.73342]}},{"type":"Feature","properties":{"plot":"113-29","unit_id":113,"n_trees":12,"slope":17,"flags":""},"geometry":{"type":"Point","coordinates":[-120.61453,39.73424]}},{"type":"Feature","properties":{"plot":"113-30","unit_id":113,"n_trees":12,"slope":10,"flags":""},"geometry":{"type":"Point","coordinates":[-120.61452,39.73506]}},{"type":"Feature","properties":{"plot":"113-31","unit_id":113,"n_trees":9,"slope":10,"flags":""},"geometry":{"type":"Point","coordinates":[-120.6145,39.73589]}},{"type":"Feature","properties":{"plot":"113-32","unit_id":113,"n_trees":11,"slope":9,"flags":""},"geometry":{"type":"Point","coordinates":[-120.61449,39.73671]}},{"type":"Feature","properties":{"plot":"113-33","unit_id":113,"n_trees":12,"slope":15,"flags":""},"geometry":{"type":"Point","coordinates":[-120.61447,39.73753]}},{"type":"Feature","properties":{"plot":"113-34","unit_id":113,"n_trees":15,"slope":17,"flags":""},"geometry":{"type":"Point","coordinates":[-120.61445,39.73836]}},{"type":"Feature","properties":{"plot":"113-35","unit_id":113,"n_trees":11,"slope":13,"flags":""},"geometry":{"type":"Point","coordinates":[-120.61342,39.7367]}},{"type":"Feature","properties":{"plot":"113-36","unit_id":113,"n_trees":11,"slope":11,"flags":""},"geometry":{"type":"Point","coordinates":[-120.6134,39.73752]}},{"type":"Feature","properties":{"plot":"405-01","unit_id":405,"n_trees":12,"slope":55,"flags":""},"geometry":{"type":"Point","coordinates":[-120.62092,39.73514]}},{"type":"Feature","properties":{"plot":"405-02","unit_id":405,"n_trees":12,"slope":70,"flags":""},"geometry":{"type":"Point","coordinates":[-120.61984,39.73595]}},{"type":"Feature","properties":{"plot":"405-03","unit_id":405,"n_trees":10,"slope":66,"flags":""},"geometry":{"type":"Point","coordinates":[-120.61982,39.73677]}},{"type":"Feature","properties":{"plot":"405-04","unit_id":405,"n_trees":12,"slope":59,"flags":""},"geometry":{"type":"Point","coordinates":[-120.6198,39.7376]}},{"type":"Feature","properties":{"plot":"405-05","unit_id":405,"n_trees":11,"slope":61,"flags":""},"geometry":{"type":"Point","coordinates":[-120.61972,39.74172]}},{"type":"Feature","properties":{"plot":"405-06","unit_id":405,"n_trees":11,"slope":48,"flags":""},"geometry":{"type":"Point","coordinates":[-120.61867,39.74088]}},{"type":"Feature","properties":{"plot":"405-07","unit_id":405,"n_trees":12,"slope":58,"flags":""},"geometry":{"type":"Point","coordinates":[-120.61866,39.7417]}},{"type":"Feature","properties":{"plot":"405-08","unit_id":405,"n_trees":12,"slope":48,"flags":""},"geometry":{"type":"Point","coordinates":[-120.61759,39.74169]}},{"type":"Feature","properties":{"plot":"405-09","unit_id":405,"n_trees":11,"slope":36,"flags":""},"geometry":{"type":"Point","coordinates":[-120.61757,39.74251]}},{"type":"Feature","properties":{"plot":"405-10","unit_id":405,"n_trees":12,"slope":65,"flags":""},"geometry":{"type":"Point","coordinates":[-120.61651,39.7425]}},{"type":"Feature","properties":{"plot":"405-11","unit_id":405,"n_trees":12,"slope":60,"flags":""},"geometry":{"type":"Point","coordinates":[-120.61542,39.74331]}},{"type":"Feature","properties":{"plot":"405-12","unit_id":405,"n_trees":13,"slope":60,"flags":""},"geometry":{"type":"Point","coordinates":[-120.61434,39.74412]}},{"type":"Feature","properties":{"plot":"405-13","unit_id":405,"n_trees":12,"slope":56,"flags":""},"geometry":{"type":"Point","coordinates":[-120.61327,39.74411]}},{"type":"Feature","properties":{"plot":"405-14","unit_id":405,"n_trees":15,"slope":37,"flags":""},"geometry":{"type":"Point","coordinates":[-120.61221,39.7441]}},{"type":"Feature","properties":{"plot":"405-15","unit_id":405,"n_trees":10,"slope":44,"flags":""},"geometry":{"type":"Point","coordinates":[-120.61117,39.74244]}},{"type":"Feature","properties":{"plot":"405-16","unit_id":405,"n_trees":14,"slope":49,"flags":""},"geometry":{"type":"Point","coordinates":[-120.61116,39.74326]}},{"type":"Feature","properties":{"plot":"405-17","unit_id":405,"n_trees":11,"slope":49,"flags":""},"geometry":{"type":"Point","coordinates":[-120.61011,39.74243]}},{"type":"Feature","properties":{"plot":"405-18","unit_id":405,"n_trees":11,"slope":53,"flags":""},"geometry":{"type":"Point","coordinates":[-120.60904,39.74241]}},{"type":"Feature","properties":{"plot":"405-19","unit_id":405,"n_trees":12,"slope":37,"flags":""},"geometry":{"type":"Point","coordinates":[-120.60902,39.74324]}},{"type":"Feature","properties":{"plot":"405-20","unit_id":405,"n_trees":11,"slope":50,"flags":""},"geometry":{"type":"Point","coordinates":[-120.60797,39.7424]}},{"type":"Feature","properties":{"plot":"114-01","unit_id":114,"n_trees":12,"slope":28,"flags":""},"geometry":{"type":"Point","coordinates":[-120.62186,39.74174]}},{"type":"Feature","properties":{"plot":"114-02","unit_id":114,"n_trees":9,"slope":17,"flags":""},"geometry":{"type":"Point","coordinates":[-120.62184,39.74256]}},{"type":"Feature","properties":{"plot":"114-03","unit_id":114,"n_trees":8,"slope":13,"flags":""},"geometry":{"type":"Point","coordinates":[-120.62084,39.73926]}},{"type":"Feature","properties":{"plot":"114-04","unit_id":114,"n_trees":12,"slope":21,"flags":""},"geometry":{"type":"Point","coordinates":[-120.6208,39.7409]}},{"type":"Feature","properties":{"plot":"114-05","unit_id":114,"n_trees":9,"slope":22,"flags":""},"geometry":{"type":"Point","coordinates":[-120.62079,39.74173]}},{"type":"Feature","properties":{"plot":"114-06","unit_id":114,"n_trees":11,"slope":11,"flags":""},"geometry":{"type":"Point","coordinates":[-120.62077,39.74255]}},{"type":"Feature","properties":{"plot":"114-07","unit_id":114,"n_trees":10,"slope":31,"flags":""},"geometry":{"type":"Point","coordinates":[-120.62076,39.74337]}},{"type":"Feature","properties":{"plot":"114-08","unit_id":114,"n_trees":14,"slope":21,"flags":""},"geometry":{"type":"Point","coordinates":[-120.61971,39.74254]}},{"type":"Feature","properties":{"plot":"114-09","unit_id":114,"n_trees":11,"slope":8,"flags":""},"geometry":{"type":"Point","coordinates":[-120.61969,39.74336]}},{"type":"Feature","properties":{"plot":"114-10","unit_id":114,"n_trees":12,"slope":32,"flags":""},"geometry":{"type":"Point","coordinates":[-120.61967,39.74419]}},{"type":"Feature","properties":{"plot":"114-11","unit_id":114,"n_trees":12,"slope":17,"flags":""},"geometry":{"type":"Point","coordinates":[-120.61864,39.74253]}},{"type":"Feature","properties":{"plot":"114-12","unit_id":114,"n_trees":12,"slope":21,"flags":""},"geometry":{"type":"Point","coordinates":[-120.61862,39.74335]}},{"type":"Feature","properties":{"plot":"114-13","unit_id":114,"n_trees":9,"slope":10,"flags":""},"geometry":{"type":"Point","coordinates":[-120.61861,39.74417]}},{"type":"Feature","properties":{"plot":"114-14","unit_id":114,"n_trees":11,"slope":19,"flags":""},"geometry":{"type":"Point","coordinates":[-120.61859,39.745]}},{"type":"Feature","properties":{"plot":"114-15","unit_id":114,"n_trees":10,"slope":36,"flags":""},"geometry":{"type":"Point","coordinates":[-120.61757,39.74251]}},{"type":"Feature","properties":{"plot":"114-16","unit_id":114,"n_trees":11,"slope":11,"flags":""},"geometry":{"type":"Point","coordinates":[-120.61756,39.74334]}},{"type":"Feature","properties":{"plot":"114-17","unit_id":114,"n_trees":11,"slope":8,"flags":""},"geometry":{"type":"Point","coordinates":[-120.61754,39.74416]}},{"type":"Feature","properties":{"plot":"114-18","unit_id":114,"n_trees":10,"slope":20,"flags":""},"geometry":{"type":"Point","coordinates":[-120.61752,39.74498]}},{"type":"Feature","properties":{"plot":"114-19","unit_id":114,"n_trees":13,"slope":19,"flags":""},"geometry":{"type":"Point","coordinates":[-120.61751,39.74581]}},{"type":"Feature","properties":{"plot":"114-20","unit_id":114,"n_trees":12,"slope":18,"flags":""},"geometry":{"type":"Point","coordinates":[-120.61749,39.74663]}},{"type":"Feature","properties":{"plot":"114-21","unit_id":114,"n_trees":12,"slope":8,"flags":""},"geometry":{"type":"Point","coordinates":[-120.61649,39.74332]}},{"type":"Feature","properties":{"plot":"114-22","unit_id":114,"n_trees":9,"slope":9,"flags":""},"geometry":{"type":"Point","coordinates":[-120.61646,39.74497]}},{"type":"Feature","properties":{"plot":"114-23","unit_id":114,"n_trees":12,"slope":8,"flags":""},"geometry":{"type":"Point","coordinates":[-120.61644,39.74579]}},{"type":"Feature","properties":{"plot":"114-24","unit_id":114,"n_trees":8,"slope":10,"flags":""},"geometry":{"type":"Point","coordinates":[-120.61642,39.74662]}},{"type":"Feature","properties":{"plot":"114-25","unit_id":114,"n_trees":12,"slope":16,"flags":""},"geometry":{"type":"Point","coordinates":[-120.61641,39.74744]}},{"type":"Feature","properties":{"plot":"114-26","unit_id":114,"n_trees":9,"slope":28,"flags":""},"geometry":{"type":"Point","coordinates":[-120.61541,39.74414]}},{"type":"Feature","properties":{"plot":"114-27","unit_id":114,"n_trees":9,"slope":13,"flags":""},"geometry":{"type":"Point","coordinates":[-120.61539,39.74496]}},{"type":"Feature","properties":{"plot":"114-28","unit_id":114,"n_trees":11,"slope":21,"flags":""},"geometry":{"type":"Point","coordinates":[-120.61534,39.74743]}},{"type":"Feature","properties":{"plot":"114-29","unit_id":114,"n_trees":8,"slope":8,"flags":""},"geometry":{"type":"Point","coordinates":[-120.61432,39.74495]}},{"type":"Feature","properties":{"plot":"114-30","unit_id":114,"n_trees":12,"slope":14,"flags":""},"geometry":{"type":"Point","coordinates":[-120.61431,39.74577]}},{"type":"Feature","properties":{"plot":"114-31","unit_id":114,"n_trees":10,"slope":9,"flags":""},"geometry":{"type":"Point","coordinates":[-120.61429,39.74659]}},{"type":"Feature","properties":{"plot":"114-32","unit_id":114,"n_trees":10,"slope":10,"flags":""},"geometry":{"type":"Point","coordinates":[-120.61326,39.74493]}},{"type":"Feature","properties":{"plot":"114-33","unit_id":114,"n_trees":12,"slope":9,"flags":""},"geometry":{"type":"Point","coordinates":[-120.61324,39.74576]}},{"type":"Feature","properties":{"plot":"114-34","unit_id":114,"n_trees":11,"slope":13,"flags":""},"geometry":{"type":"Point","coordinates":[-120.61322,39.74658]}},{"type":"Feature","properties":{"plot":"114-35","unit_id":114,"n_trees":8,"slope":10,"flags":""},"geometry":{"type":"Point","coordinates":[-120.61321,39.7474]}},{"type":"Feature","properties":{"plot":"114-36","unit_id":114,"n_trees":6,"slope":10,"flags":""},"geometry":{"type":"Point","coordinates":[-120.61219,39.74492]}},{"type":"Feature","properties":{"plot":"114-37","unit_id":114,"n_trees":13,"slope":9,"flags":""},"geometry":{"type":"Point","coordinates":[-120.61217,39.74574]}},{"type":"Feature","properties":{"plot":"114-38","unit_id":114,"n_trees":12,"slope":43,"flags":""},"geometry":{"type":"Point","coordinates":[-120.61216,39.74657]}},{"type":"Feature","properties":{"plot":"114-39","unit_id":114,"n_trees":11,"slope":9,"flags":""},"geometry":{"type":"Point","coordinates":[-120.61214,39.74739]}},{"type":"Feature","properties":{"plot":"114-40","unit_id":114,"n_trees":11,"slope":23,"flags":""},"geometry":{"type":"Point","coordinates":[-120.61114,39.74409]}},{"type":"Feature","properties":{"plot":"114-41","unit_id":114,"n_trees":10,"slope":10,"flags":""},"geometry":{"type":"Point","coordinates":[-120.61112,39.74491]}},{"type":"Feature","properties":{"plot":"114-42","unit_id":114,"n_trees":11,"slope":9,"flags":""},"geometry":{"type":"Point","coordinates":[-120.61111,39.74573]}},{"type":"Feature","properties":{"plot":"114-43","unit_id":114,"n_trees":10,"slope":14,"flags":""},"geometry":{"type":"Point","coordinates":[-120.61109,39.74656]}},{"type":"Feature","properties":{"plot":"114-44","unit_id":114,"n_trees":10,"slope":11,"flags":""},"geometry":{"type":"Point","coordinates":[-120.61107,39.74738]}},{"type":"Feature","properties":{"plot":"114-45","unit_id":114,"n_trees":14,"slope":30,"flags":""},"geometry":{"type":"Point","coordinates":[-120.61009,39.74325]}},{"type":"Feature","properties":{"plot":"114-46","unit_id":114,"n_trees":10,"slope":18,"flags":""},"geometry":{"type":"Point","coordinates":[-120.61007,39.74407]}},{"type":"Feature","properties":{"plot":"114-47","unit_id":114,"n_trees":12,"slope":10,"flags":""},"geometry":{"type":"Point","coordinates":[-120.61006,39.7449]}},{"type":"Feature","properties":{"plot":"114-48","unit_id":114,"n_trees":8,"slope":9,"flags":""},"geometry":{"type":"Point","coordinates":[-120.61004,39.74572]}},{"type":"Feature","properties":{"plot":"114-49","unit_id":114,"n_trees":7,"slope":10,"flags":""},"geometry":{"type":"Point","coordinates":[-120.61002,39.74654]}},{"type":"Feature","properties":{"plot":"114-50","unit_id":114,"n_trees":10,"slope":9,"flags":""},"geometry":{"type":"Point","coordinates":[-120.61001,39.74737]}},{"type":"Feature","properties":{"plot":"114-51","unit_id":114,"n_trees":10,"slope":10,"flags":""},"geometry":{"type":"Point","coordinates":[-120.60901,39.74406]}},{"type":"Feature","properties":{"plot":"114-52","unit_id":114,"n_trees":10,"slope":8,"flags":""},"geometry":{"type":"Point","coordinates":[-120.60899,39.74488]}},{"type":"Feature","properties":{"plot":"114-53","unit_id":114,"n_trees":12,"slope":6,"flags":""},"geometry":{"type":"Point","coordinates":[-120.60897,39.74571]}},{"type":"Feature","properties":{"plot":"114-54","unit_id":114,"n_trees":10,"slope":11,"flags":""},"geometry":{"type":"Point","coordinates":[-120.60896,39.74653]}},{"type":"Feature","properties":{"plot":"114-55","unit_id":114,"n_trees":11,"slope":8,"flags":""},"geometry":{"type":"Point","coordinates":[-120.60894,39.74735]}},{"type":"Feature","properties":{"plot":"114-56","unit_id":114,"n_trees":13,"slope":8,"flags":""},"geometry":{"type":"Point","coordinates":[-120.60794,39.74405]}},{"type":"Feature","properties":{"plot":"115-01","unit_id":115,"n_trees":13,"slope":21,"flags":""},"geometry":{"type":"Point","coordinates":[-120.61677,39.72933]}},{"type":"Feature","properties":{"plot":"115-02","unit_id":115,"n_trees":10,"slope":12,"flags":""},"geometry":{"type":"Point","coordinates":[-120.61675,39.73015]}},{"type":"Feature","properties":{"plot":"115-03","unit_id":115,"n_trees":8,"slope":10,"flags":""},"geometry":{"type":"Point","coordinates":[-120.61673,39.73097]}},{"type":"Feature","properties":{"plot":"115-04","unit_id":115,"n_trees":12,"slope":20,"flags":""},"geometry":{"type":"Point","coordinates":[-120.61575,39.72684]}},{"type":"Feature","properties":{"plot":"115-05","unit_id":115,"n_trees":12,"slope":26,"flags":""},"geometry":{"type":"Point","coordinates":[-120.61573,39.72767]}},{"type":"Feature","properties":{"plot":"115-06","unit_id":115,"n_trees":12,"slope":17,"flags":""},"geometry":{"type":"Point","coordinates":[-120.61572,39.72849]}},{"type":"Feature","properties":{"plot":"115-07","unit_id":115,"n_trees":11,"slope":24,"flags":""},"geometry":{"type":"Point","coordinates":[-120.6157,39.72931]}},{"type":"Feature","properties":{"plot":"115-08","unit_id":115,"n_trees":11,"slope":13,"flags":""},"geometry":{"type":"Point","coordinates":[-120.61568,39.73014]}},{"type":"Feature","properties":{"plot":"115-09","unit_id":115,"n_trees":11,"slope":16,"flags":""},"geometry":{"type":"Point","coordinates":[-120.61567,39.73096]}},{"type":"Feature","properties":{"plot":"115-10","unit_id":115,"n_trees":9,"slope":30,"flags":""},"geometry":{"type":"Point","coordinates":[-120.61565,39.73178]}},{"type":"Feature","properties":{"plot":"115-11","unit_id":115,"n_trees":12,"slope":4,"flags":""},"geometry":{"type":"Point","coordinates":[-120.61468,39.72683]}},{"type":"Feature","properties":{"plot":"115-12","unit_id":115,"n_trees":12,"slope":12,"flags":""},"geometry":{"type":"Point","coordinates":[-120.61466,39.72765]}},{"type":"Feature","properties":{"plot":"115-13","unit_id":115,"n_trees":10,"slope":15,"flags":""},"geometry":{"type":"Point","coordinates":[-120.61465,39.72848]}},{"type":"Feature","properties":{"plot":"115-14","unit_id":115,"n_trees":10,"slope":10,"flags":""},"geometry":{"type":"Point","coordinates":[-120.61463,39.7293]}},{"type":"Feature","properties":{"plot":"115-15","unit_id":115,"n_trees":12,"slope":19,"flags":""},"geometry":{"type":"Point","coordinates":[-120.61462,39.73012]}},{"type":"Feature","properties":{"plot":"115-16","unit_id":115,"n_trees":9,"slope":24,"flags":""},"geometry":{"type":"Point","coordinates":[-120.61458,39.73177]}},{"type":"Feature","properties":{"plot":"115-17","unit_id":115,"n_trees":11,"slope":27,"flags":""},"geometry":{"type":"Point","coordinates":[-120.61457,39.73259]}},{"type":"Feature","properties":{"plot":"115-18","unit_id":115,"n_trees":11,"slope":9,"flags":""},"geometry":{"type":"Point","coordinates":[-120.61361,39.72682]}},{"type":"Feature","properties":{"plot":"115-19","unit_id":115,"n_trees":8,"slope":10,"flags":""},"geometry":{"type":"Point","coordinates":[-120.6136,39.72764]}},{"type":"Feature","properties":{"plot":"115-20","unit_id":115,"n_trees":11,"slope":7,"flags":""},"geometry":{"type":"Point","coordinates":[-120.61358,39.72846]}},{"type":"Feature","properties":{"plot":"115-21","unit_id":115,"n_trees":11,"slope":17,"flags":""},"geometry":{"type":"Point","coordinates":[-120.61357,39.72929]}},{"type":"Feature","properties":{"plot":"115-22","unit_id":115,"n_trees":14,"slope":16,"flags":""},"geometry":{"type":"Point","coordinates":[-120.61355,39.73011]}},{"type":"Feature","properties":{"plot":"115-23","unit_id":115,"n_trees":12,"slope":18,"flags":""},"geometry":{"type":"Point","coordinates":[-120.61353,39.73093]}},{"type":"Feature","properties":{"plot":"115-24","unit_id":115,"n_trees":12,"slope":15,"flags":""},"geometry":{"type":"Point","coordinates":[-120.61352,39.73176]}},{"type":"Feature","properties":{"plot":"115-25","unit_id":115,"n_trees":12,"slope":15,"flags":""},"geometry":{"type":"Point","coordinates":[-120.6135,39.73258]}},{"type":"Feature","properties":{"plot":"115-26","unit_id":115,"n_trees":10,"slope":6,"flags":""},"geometry":{"type":"Point","coordinates":[-120.61255,39.7268]}},{"type":"Feature","properties":{"plot":"115-27","unit_id":115,"n_trees":12,"slope":8,"flags":""},"geometry":{"type":"Point","coordinates":[-120.61253,39.72763]}},{"type":"Feature","properties":{"plot":"115-28","unit_id":115,"n_trees":12,"slope":13,"flags":""},"geometry":{"type":"Point","coordinates":[-120.61252,39.72845]}},{"type":"Feature","properties":{"plot":"115-29","unit_id":115,"n_trees":12,"slope":8,"flags":""},"geometry":{"type":"Point","coordinates":[-120.6125,39.72927]}},{"type":"Feature","properties":{"plot":"115-30","unit_id":115,"n_trees":11,"slope":17,"flags":""},"geometry":{"type":"Point","coordinates":[-120.61148,39.72679]}},{"type":"Feature","properties":{"plot":"115-31","unit_id":115,"n_trees":12,"slope":14,"flags":""},"geometry":{"type":"Point","coordinates":[-120.61147,39.72762]}},{"type":"Feature","properties":{"plot":"115-32","unit_id":115,"n_trees":12,"slope":5,"flags":""},"geometry":{"type":"Point","coordinates":[-120.61145,39.72844]}},{"type":"Feature","properties":{"plot":"115-33","unit_id":115,"n_trees":12,"slope":7,"flags":""},"geometry":{"type":"Point","coordinates":[-120.61143,39.72926]}},{"type":"Feature","properties":{"plot":"115-34","unit_id":115,"n_trees":12,"slope":5,"flags":""},"geometry":{"type":"Point","coordinates":[-120.61038,39.72843]}},{"type":"Feature","properties":{"plot":"115-35","unit_id":115,"n_trees":13,"slope":6,"flags":""},"geometry":{"type":"Point","coordinates":[-120.61037,39.72925]}},{"type":"Feature","properties":{"plot":"115-36","unit_id":115,"n_trees":15,"slope":3,"flags":""},"geometry":{"type":"Point","coordinates":[-120.60932,39.72841]}},{"type":"Feature","properties":{"plot":"115-37","unit_id":115,"n_trees":11,"slope":4,"flags":""},"geometry":{"type":"Point","coordinates":[-120.6093,39.72924]}},{"type":"Feature","properties":{"plot":"115-38","unit_id":115,"n_trees":12,"slope":15,"flags":""},"geometry":{"type":"Point","coordinates":[-120.60825,39.7284]}},{"type":"Feature","properties":{"plot":"115-39","unit_id":115,"n_trees":12,"slope":4,"flags":""},"geometry":{"type":"Point","coordinates":[-120.60823,39.72922]}},{"type":"Feature","properties":{"plot":"116-01","unit_id":116,"n_trees":10,"slope":17,"flags":""},"geometry":{"type":"Point","coordinates":[-120.6176,39.74087]}},{"type":"Feature","properties":{"plot":"116-02","unit_id":116,"n_trees":12,"slope":17,"flags":""},"geometry":{"type":"Point","coordinates":[-120.61655,39.74003]}},{"type":"Feature","properties":{"plot":"116-03","unit_id":116,"n_trees":11,"slope":11,"flags":""},"geometry":{"type":"Point","coordinates":[-120.61654,39.74085]}},{"type":"Feature","properties":{"plot":"116-04","unit_id":116,"n_trees":10,"slope":20,"flags":""},"geometry":{"type":"Point","coordinates":[-120.61652,39.74168]}},{"type":"Feature","properties":{"plot":"116-05","unit_id":116,"n_trees":11,"slope":24,"flags":""},"geometry":{"type":"Point","coordinates":[-120.6155,39.73919]}},{"type":"Feature","properties":{"plot":"116-06","unit_id":116,"n_trees":12,"slope":15,"flags":""},"geometry":{"type":"Point","coordinates":[-120.61549,39.74002]}},{"type":"Feature","properties":{"plot":"116-07","unit_id":116,"n_trees":10,"slope":14,"flags":""},"geometry":{"type":"Point","coordinates":[-120.61547,39.74084]}},{"type":"Feature","properties":{"plot":"116-08","unit_id":116,"n_trees":10,"slope":11,"flags":""},"geometry":{"type":"Point","coordinates":[-120.61546,39.74166]}},{"type":"Feature","properties":{"plot":"116-09","unit_id":116,"n_trees":12,"slope":14,"flags":""},"geometry":{"type":"Point","coordinates":[-120.61544,39.74249]}},{"type":"Feature","properties":{"plot":"116-10","unit_id":116,"n_trees":11,"slope":19,"flags":""},"geometry":{"type":"Point","coordinates":[-120.61444,39.73918]}},{"type":"Feature","properties":{"plot":"116-11","unit_id":116,"n_trees":11,"slope":21,"flags":""},"geometry":{"type":"Point","coordinates":[-120.61442,39.74001]}},{"type":"Feature","properties":{"plot":"116-12","unit_id":116,"n_trees":14,"slope":12,"flags":""},"geometry":{"type":"Point","coordinates":[-120.6144,39.74083]}},{"type":"Feature","properties":{"plot":"116-13","unit_id":116,"n_trees":11,"slope":10,"flags":""},"geometry":{"type":"Point","coordinates":[-120.61439,39.74165]}},{"type":"Feature","properties":{"plot":"116-14","unit_id":116,"n_trees":11,"slope":4,"flags":""},"geometry":{"type":"Point","coordinates":[-120.61437,39.74248]}},{"type":"Feature","properties":{"plot":"116-15","unit_id":116,"n_trees":12,"slope":3,"flags":""},"geometry":{"type":"Point","coordinates":[-120.61436,39.7433]}},{"type":"Feature","properties":{"plot":"116-16","unit_id":116,"n_trees":10,"slope":15,"flags":""},"geometry":{"type":"Point","coordinates":[-120.61339,39.73835]}},{"type":"Feature","properties":{"plot":"116-17","unit_id":116,"n_trees":13,"slope":12,"flags":""},"geometry":{"type":"Point","coordinates":[-120.61337,39.73917]}},{"type":"Feature","properties":{"plot":"116-18","unit_id":116,"n_trees":11,"slope":16,"flags":""},"geometry":{"type":"Point","coordinates":[-120.61335,39.73999]}},{"type":"Feature","properties":{"plot":"116-19","unit_id":116,"n_trees":12,"slope":20,"flags":""},"geometry":{"type":"Point","coordinates":[-120.61334,39.74082]}},{"type":"Feature","properties":{"plot":"116-20","unit_id":116,"n_trees":12,"slope":12,"flags":""},"geometry":{"type":"Point","coordinates":[-120.61332,39.74164]}},{"type":"Feature","properties":{"plot":"116-21","unit_id":116,"n_trees":11,"slope":8,"flags":""},"geometry":{"type":"Point","coordinates":[-120.61331,39.74246]}},{"type":"Feature","properties":{"plot":"116-22","unit_id":116,"n_trees":10,"slope":4,"flags":""},"geometry":{"type":"Point","coordinates":[-120.61329,39.74329]}},{"type":"Feature","properties":{"plot":"116-23","unit_id":116,"n_trees":11,"slope":12,"flags":""},"geometry":{"type":"Point","coordinates":[-120.61232,39.73833]}},{"type":"Feature","properties":{"plot":"116-24","unit_id":116,"n_trees":13,"slope":12,"flags":""},"geometry":{"type":"Point","coordinates":[-120.6123,39.73916]}},{"type":"Feature","properties":{"plot":"116-25","unit_id":116,"n_trees":11,"slope":20,"flags":""},"geometry":{"type":"Point","coordinates":[-120.61229,39.73998]}},{"type":"Feature","properties":{"plot":"116-26","unit_id":116,"n_trees":11,"slope":14,"flags":""},"geometry":{"type":"Point","coordinates":[-120.61227,39.7408]}},{"type":"Feature","properties":{"plot":"116-27","unit_id":116,"n_trees":13,"slope":11,"flags":""},"geometry":{"type":"Point","coordinates":[-120.61226,39.74163]}},{"type":"Feature","properties":{"plot":"116-28","unit_id":116,"n_trees":13,"slope":16,"flags":""},"geometry":{"type":"Point","coordinates":[-120.61224,39.74245]}},{"type":"Feature","properties":{"plot":"116-29","unit_id":116,"n_trees":13,"slope":27,"flags":""},"geometry":{"type":"Point","coordinates":[-120.61222,39.74327]}},{"type":"Feature","properties":{"plot":"116-30","unit_id":116,"n_trees":11,"slope":22,"flags":""},"geometry":{"type":"Point","coordinates":[-120.61124,39.73914]}},{"type":"Feature","properties":{"plot":"116-31","unit_id":116,"n_trees":12,"slope":20,"flags":""},"geometry":{"type":"Point","coordinates":[-120.61122,39.73997]}},{"type":"Feature","properties":{"plot":"116-32","unit_id":116,"n_trees":14,"slope":12,"flags":""},"geometry":{"type":"Point","coordinates":[-120.6112,39.74079]}},{"type":"Feature","properties":{"plot":"116-33","unit_id":116,"n_trees":11,"slope":6,"flags":""},"geometry":{"type":"Point","coordinates":[-120.61119,39.74161]}},{"type":"Feature","properties":{"plot":"116-34","unit_id":116,"n_trees":10,"slope":10,"flags":""},"geometry":{"type":"Point","coordinates":[-120.61017,39.73913]}},{"type":"Feature","properties":{"plot":"116-35","unit_id":116,"n_trees":11,"slope":14,"flags":""},"geometry":{"type":"Point","coordinates":[-120.61015,39.73996]}},{"type":"Feature","properties":{"plot":"116-36","unit_id":116,"n_trees":11,"slope":11,"flags":""},"geometry":{"type":"Point","coordinates":[-120.61014,39.74078]}},{"type":"Feature","properties":{"plot":"116-37","unit_id":116,"n_trees":12,"slope":11,"flags":""},"geometry":{"type":"Point","coordinates":[-120.61012,39.7416]}},{"type":"Feature","properties":{"plot":"116-38","unit_id":116,"n_trees":13,"slope":13,"flags":""},"geometry":{"type":"Point","coordinates":[-120.6091,39.73912]}},{"type":"Feature","properties":{"plot":"116-39","unit_id":116,"n_trees":12,"slope":9,"flags":""},"geometry":{"type":"Point","coordinates":[-120.60909,39.73994]}},{"type":"Feature","properties":{"plot":"116-40","unit_id":116,"n_trees":13,"slope":10,"flags":""},"geometry":{"type":"Point","coordinates":[-120.60907,39.74077]}},{"type":"Feature","properties":{"plot":"116-41","unit_id":116,"n_trees":9,"slope":5,"flags":""},"geometry":{"type":"Point","coordinates":[-120.60906,39.74159]}},{"type":"Feature","properties":{"plot":"116-42","unit_id":116,"n_trees":11,"slope":11,"flags":""},"geometry":{"type":"Point","coordinates":[-120.60802,39.73993]}},{"type":"Feature","properties":{"plot":"116-43","unit_id":116,"n_trees":13,"slope":4,"flags":""},"geometry":{"type":"Point","coordinates":[-120.608,39.74075]}},{"type":"Feature","properties":{"plot":"116-44","unit_id":116,"n_trees":12,"slope":19,"flags":""},"geometry":{"type":"Point","coordinates":[-120.60799,39.74158]}},{"type":"Feature","properties":{"plot":"117-01","unit_id":117,"n_trees":11,"slope":23,"flags":""},"geometry":{"type":"Point","coordinates":[-120.61589,39.71943]}},{"type":"Feature","properties":{"plot":"117-02","unit_id":117,"n_trees":12,"slope":37,"flags":""},"geometry":{"type":"Point","coordinates":[-120.61483,39.71942]}},{"type":"Feature","properties":{"plot":"117-03","unit_id":117,"n_trees":13,"slope":28,"flags":""},"geometry":{"type":"Point","coordinates":[-120.61481,39.72024]}},{"type":"Feature","properties":{"plot":"117-04","unit_id":117,"n_trees":13,"slope":9,"flags":""},"geometry":{"type":"Point","coordinates":[-120.6148,39.72107]}},{"type":"Feature","properties":{"plot":"117-05","unit_id":117,"n_trees":10,"slope":22,"flags":""},"geometry":{"type":"Point","coordinates":[-120.61376,39.71941]}},{"type":"Feature","properties":{"plot":"117-06","unit_id":117,"n_trees":10,"slope":39,"flags":""},"geometry":{"type":"Point","coordinates":[-120.61374,39.72023]}},{"type":"Feature","properties":{"plot":"117-07","unit_id":117,"n_trees":11,"slope":23,"flags":""},"geometry":{"type":"Point","coordinates":[-120.61373,39.72105]}},{"type":"Feature","properties":{"plot":"117-08","unit_id":117,"n_trees":12,"slope":30,"flags":""},"geometry":{"type":"Point","coordinates":[-120.61371,39.72188]}},{"type":"Feature","properties":{"plot":"117-09","unit_id":117,"n_trees":9,"slope":22,"flags":""},"geometry":{"type":"Point","coordinates":[-120.6137,39.7227]}},{"type":"Feature","properties":{"plot":"117-10","unit_id":117,"n_trees":11,"slope":21,"flags":""},"geometry":{"type":"Point","coordinates":[-120.61269,39.71939]}},{"type":"Feature","properties":{"plot":"117-11","unit_id":117,"n_trees":12,"slope":14,"flags":""},"geometry":{"type":"Point","coordinates":[-120.61266,39.72104]}},{"type":"Feature","properties":{"plot":"117-12","unit_id":117,"n_trees":11,"slope":15,"flags":""},"geometry":{"type":"Point","coordinates":[-120.61265,39.72186]}},{"type":"Feature","properties":{"plot":"117-13","unit_id":117,"n_trees":13,"slope":12,"flags":""},"geometry":{"type":"Point","coordinates":[-120.61263,39.72269]}},{"type":"Feature","properties":{"plot":"117-14","unit_id":117,"n_trees":12,"slope":18,"flags":""},"geometry":{"type":"Point","coordinates":[-120.61261,39.72351]}},{"type":"Feature","properties":{"plot":"117-15","unit_id":117,"n_trees":12,"slope":35,"flags":""},"geometry":{"type":"Point","coordinates":[-120.6126,39.72433]}},{"type":"Feature","properties":{"plot":"117-16","unit_id":117,"n_trees":10,"slope":27,"flags":""},"geometry":{"type":"Point","coordinates":[-120.61258,39.72516]}},{"type":"Feature","properties":{"plot":"117-17","unit_id":117,"n_trees":9,"slope":30,"flags":""},"geometry":{"type":"Point","coordinates":[-120.61163,39.71938]}},{"type":"Feature","properties":{"plot":"117-18","unit_id":117,"n_trees":11,"slope":20,"flags":""},"geometry":{"type":"Point","coordinates":[-120.61161,39.7202]}},{"type":"Feature","properties":{"plot":"117-19","unit_id":117,"n_trees":11,"slope":25,"flags":""},"geometry":{"type":"Point","coordinates":[-120.6116,39.72103]}},{"type":"Feature","properties":{"plot":"117-20","unit_id":117,"n_trees":12,"slope":25,"flags":""},"geometry":{"type":"Point","coordinates":[-120.61158,39.72185]}},{"type":"Feature","properties":{"plot":"117-21","unit_id":117,"n_trees":12,"slope":11,"flags":""},"geometry":{"type":"Point","coordinates":[-120.61156,39.72267]}},{"type":"Feature","properties":{"plot":"117-22","unit_id":117,"n_trees":13,"slope":9,"flags":""},"geometry":{"type":"Point","coordinates":[-120.61155,39.7235]}},{"type":"Feature","properties":{"plot":"117-23","unit_id":117,"n_trees":10,"slope":30,"flags":""},"geometry":{"type":"Point","coordinates":[-120.61153,39.72432]}},{"type":"Feature","properties":{"plot":"117-24","unit_id":117,"n_trees":11,"slope":34,"flags":""},"geometry":{"type":"Point","coordinates":[-120.61056,39.71937]}},{"type":"Feature","properties":{"plot":"117-25","unit_id":117,"n_trees":6,"slope":19,"flags":""},"geometry":{"type":"Point","coordinates":[-120.61055,39.72019]}},{"type":"Feature","properties":{"plot":"117-26","unit_id":117,"n_trees":11,"slope":27,"flags":""},"geometry":{"type":"Point","coordinates":[-120.61053,39.72101]}},{"type":"Feature","properties":{"plot":"117-27","unit_id":117,"n_trees":13,"slope":36,"flags":""},"geometry":{"type":"Point","coordinates":[-120.61051,39.72184]}},{"type":"Feature","properties":{"plot":"117-28","unit_id":117,"n_trees":12,"slope":22,"flags":""},"geometry":{"type":"Point","coordinates":[-120.6105,39.72266]}},{"type":"Feature","properties":{"plot":"117-29","unit_id":117,"n_trees":12,"slope":19,"flags":""},"geometry":{"type":"Point","coordinates":[-120.61048,39.72349]}},{"type":"Feature","properties":{"plot":"117-30","unit_id":117,"n_trees":13,"slope":25,"flags":""},"geometry":{"type":"Point","coordinates":[-120.61045,39.72513]}},{"type":"Feature","properties":{"plot":"117-31","unit_id":117,"n_trees":10,"slope":33,"flags":""},"geometry":{"type":"Point","coordinates":[-120.6095,39.71936]}},{"type":"Feature","properties":{"plot":"117-32","unit_id":117,"n_trees":10,"slope":21,"flags":""},"geometry":{"type":"Point","coordinates":[-120.60948,39.72018]}},{"type":"Feature","properties":{"plot":"117-33","unit_id":117,"n_trees":12,"slope":22,"flags":""},"geometry":{"type":"Point","coordinates":[-120.60946,39.721]}},{"type":"Feature","properties":{"plot":"117-34","unit_id":117,"n_trees":11,"slope":10,"flags":""},"geometry":{"type":"Point","coordinates":[-120.60945,39.72183]}},{"type":"Feature","properties":{"plot":"117-35","unit_id":117,"n_trees":12,"slope":22,"flags":""},"geometry":{"type":"Point","coordinates":[-120.60938,39.72512]}},{"type":"Feature","properties":{"plot":"117-36","unit_id":117,"n_trees":11,"slope":26,"flags":""},"geometry":{"type":"Point","coordinates":[-120.60937,39.72594]}},{"type":"Feature","properties":{"plot":"117-37","unit_id":117,"n_trees":11,"slope":36,"flags":""},"geometry":{"type":"Point","coordinates":[-120.60843,39.71934]}},{"type":"Feature","properties":{"plot":"117-38","unit_id":117,"n_trees":13,"slope":17,"flags":""},"geometry":{"type":"Point","coordinates":[-120.60841,39.72017]}},{"type":"Feature","properties":{"plot":"117-39","unit_id":117,"n_trees":12,"slope":15,"flags":""},"geometry":{"type":"Point","coordinates":[-120.6084,39.72099]}},{"type":"Feature","properties":{"plot":"117-40","unit_id":117,"n_trees":12,"slope":33,"flags":""},"geometry":{"type":"Point","coordinates":[-120.60838,39.72181]}},{"type":"Feature","properties":{"plot":"117-41","unit_id":117,"n_trees":9,"slope":18,"flags":""},"geometry":{"type":"Point","coordinates":[-120.60836,39.72264]}},{"type":"Feature","properties":{"plot":"117-42","unit_id":117,"n_trees":9,"slope":33,"flags":""},"geometry":{"type":"Point","coordinates":[-120.60835,39.72346]}},{"type":"Feature","properties":{"plot":"117-43","unit_id":117,"n_trees":11,"slope":27,"flags":""},"geometry":{"type":"Point","coordinates":[-120.60833,39.72428]}},{"type":"Feature","properties":{"plot":"117-44","unit_id":117,"n_trees":9,"slope":28,"flags":""},"geometry":{"type":"Point","coordinates":[-120.60832,39.72511]}},{"type":"Feature","properties":{"plot":"118-01","unit_id":118,"n_trees":12,"slope":17,"flags":""},"geometry":{"type":"Point","coordinates":[-120.61348,39.7334]}},{"type":"Feature","properties":{"plot":"118-02","unit_id":118,"n_trees":10,"slope":15,"flags":""},"geometry":{"type":"Point","coordinates":[-120.61347,39.73423]}},{"type":"Feature","properties":{"plot":"118-03","unit_id":118,"n_trees":12,"slope":12,"flags":""},"geometry":{"type":"Point","coordinates":[-120.61345,39.73505]}},{"type":"Feature","properties":{"plot":"118-04","unit_id":118,"n_trees":9,"slope":3,"flags":""},"geometry":{"type":"Point","coordinates":[-120.61344,39.73588]}},{"type":"Feature","properties":{"plot":"118-05","unit_id":118,"n_trees":15,"slope":16,"flags":""},"geometry":{"type":"Point","coordinates":[-120.6124,39.73422]}},{"type":"Feature","properties":{"plot":"118-06","unit_id":118,"n_trees":12,"slope":15,"flags":""},"geometry":{"type":"Point","coordinates":[-120.61239,39.73504]}},{"type":"Feature","properties":{"plot":"118-07","unit_id":118,"n_trees":11,"slope":13,"flags":""},"geometry":{"type":"Point","coordinates":[-120.61237,39.73586]}},{"type":"Feature","properties":{"plot":"118-08","unit_id":118,"n_trees":11,"slope":27,"flags":""},"geometry":{"type":"Point","coordinates":[-120.61235,39.73669]}},{"type":"Feature","properties":{"plot":"118-09","unit_id":118,"n_trees":10,"slope":17,"flags":""},"geometry":{"type":"Point","coordinates":[-120.61234,39.73751]}},{"type":"Feature","properties":{"plot":"118-10","unit_id":118,"n_trees":5,"slope":27,"flags":""},"geometry":{"type":"Point","coordinates":[-120.61134,39.7342]}},{"type":"Feature","properties":{"plot":"118-11","unit_id":118,"n_trees":10,"slope":22,"flags":""},"geometry":{"type":"Point","coordinates":[-120.61132,39.73503]}},{"type":"Feature","properties":{"plot":"118-12","unit_id":118,"n_trees":13,"slope":22,"flags":""},"geometry":{"type":"Point","coordinates":[-120.6113,39.73585]}},{"type":"Feature","properties":{"plot":"118-13","unit_id":118,"n_trees":12,"slope":18,"flags":""},"geometry":{"type":"Point","coordinates":[-120.61129,39.73667]}},{"type":"Feature","properties":{"plot":"118-14","unit_id":118,"n_trees":12,"slope":14,"flags":""},"geometry":{"type":"Point","coordinates":[-120.61127,39.7375]}},{"type":"Feature","properties":{"plot":"118-15","unit_id":118,"n_trees":11,"slope":15,"flags":""},"geometry":{"type":"Point","coordinates":[-120.61125,39.73832]}},{"type":"Feature","properties":{"plot":"118-16","unit_id":118,"n_trees":8,"slope":15,"flags":""},"geometry":{"type":"Point","coordinates":[-120.61027,39.73419]}},{"type":"Feature","properties":{"plot":"118-17","unit_id":118,"n_trees":12,"slope":17,"flags":""},"geometry":{"type":"Point","coordinates":[-120.61025,39.73501]}},{"type":"Feature","properties":{"plot":"118-18","unit_id":118,"n_trees":11,"slope":15,"flags":""},"geometry":{"type":"Point","coordinates":[-120.61024,39.73584]}},{"type":"Feature","properties":{"plot":"118-19","unit_id":118,"n_trees":11,"slope":8,"flags":""},"geometry":{"type":"Point","coordinates":[-120.61022,39.73666]}},{"type":"Feature","properties":{"plot":"118-20","unit_id":118,"n_trees":7,"slope":8,"flags":""},"geometry":{"type":"Point","coordinates":[-120.6102,39.73748]}},{"type":"Feature","properties":{"plot":"118-21","unit_id":118,"n_trees":13,"slope":15,"flags":""},"geometry":{"type":"Point","coordinates":[-120.61019,39.73831]}},{"type":"Feature","properties":{"plot":"118-22","unit_id":118,"n_trees":8,"slope":17,"flags":""},"geometry":{"type":"Point","coordinates":[-120.6092,39.73418]}},{"type":"Feature","properties":{"plot":"118-23","unit_id":118,"n_trees":11,"slope":15,"flags":""},"geometry":{"type":"Point","coordinates":[-120.60919,39.735]}},{"type":"Feature","properties":{"plot":"118-24","unit_id":118,"n_trees":13,"slope":14,"flags":""},"geometry":{"type":"Point","coordinates":[-120.60917,39.73583]}},{"type":"Feature","properties":{"plot":"118-25","unit_id":118,"n_trees":10,"slope":9,"flags":""},"geometry":{"type":"Point","coordinates":[-120.60915,39.73665]}},{"type":"Feature","properties":{"plot":"118-26","unit_id":118,"n_trees":11,"slope":9,"flags":""},"geometry":{"type":"Point","coordinates":[-120.60914,39.73747]}},{"type":"Feature","properties":{"plot":"118-27","unit_id":118,"n_trees":10,"slope":5,"flags":""},"geometry":{"type":"Point","coordinates":[-120.60912,39.7383]}},{"type":"Feature","properties":{"plot":"118-28","unit_id":118,"n_trees":15,"slope":10,"flags":""},"geometry":{"type":"Point","coordinates":[-120.60814,39.73417]}},{"type":"Feature","properties":{"plot":"118-29","unit_id":118,"n_trees":13,"slope":9,"flags":""},"geometry":{"type":"Point","coordinates":[-120.60812,39.73499]}},{"type":"Feature","properties":{"plot":"118-30","unit_id":118,"n_trees":11,"slope":12,"flags":""},"geometry":{"type":"Point","coordinates":[-120.6081,39.73581]}},{"type":"Feature","properties":{"plot":"118-31","unit_id":118,"n_trees":12,"slope":9,"flags":""},"geometry":{"type":"Point","coordinates":[-120.60809,39.73664]}},{"type":"Feature","properties":{"plot":"118-32","unit_id":118,"n_trees":10,"slope":12,"flags":""},"geometry":{"type":"Point","coordinates":[-120.60807,39.73746]}},{"type":"Feature","properties":{"plot":"118-33","unit_id":118,"n_trees":12,"slope":18,"flags":""},"geometry":{"type":"Point","coordinates":[-120.60805,39.73828]}},{"type":"Feature","properties":{"plot":"118-34","unit_id":118,"n_trees":11,"slope":9,"flags":""},"geometry":{"type":"Point","coordinates":[-120.60804,39.73911]}},{"type":"Feature","properties":{"plot":"406-01","unit_id":406,"n_trees":13,"slope":39,"flags":""},"geometry":{"type":"Point","coordinates":[-120.61471,39.72518]}},{"type":"Feature","properties":{"plot":"406-02","unit_id":406,"n_trees":12,"slope":45,"flags":""},"geometry":{"type":"Point","coordinates":[-120.61363,39.72599]}},{"type":"Feature","properties":{"plot":"406-03","unit_id":406,"n_trees":12,"slope":66,"flags":""},"geometry":{"type":"Point","coordinates":[-120.61256,39.72598]}},{"type":"Feature","properties":{"plot":"406-04","unit_id":406,"n_trees":13,"slope":40,"flags":""},"geometry":{"type":"Point","coordinates":[-120.61151,39.72514]}},{"type":"Feature","properties":{"plot":"406-05","unit_id":406,"n_trees":11,"slope":59,"flags":""},"geometry":{"type":"Point","coordinates":[-120.6115,39.72597]}},{"type":"Feature","properties":{"plot":"406-06","unit_id":406,"n_trees":14,"slope":35,"flags":""},"geometry":{"type":"Point","coordinates":[-120.61046,39.72431]}},{"type":"Feature","properties":{"plot":"406-07","unit_id":406,"n_trees":12,"slope":54,"flags":""},"geometry":{"type":"Point","coordinates":[-120.61043,39.72596]}},{"type":"Feature","properties":{"plot":"406-08","unit_id":406,"n_trees":11,"slope":67,"flags":""},"geometry":{"type":"Point","coordinates":[-120.61042,39.72678]}},{"type":"Feature","properties":{"plot":"406-09","unit_id":406,"n_trees":10,"slope":53,"flags":""},"geometry":{"type":"Point","coordinates":[-120.6104,39.7276]}},{"type":"Feature","properties":{"plot":"406-10","unit_id":406,"n_trees":11,"slope":61,"flags":""},"geometry":{"type":"Point","coordinates":[-120.60943,39.72265]}},{"type":"Feature","properties":{"plot":"406-11","unit_id":406,"n_trees":12,"slope":45,"flags":""},"geometry":{"type":"Point","coordinates":[-120.60941,39.72347]}},{"type":"Feature","properties":{"plot":"406-12","unit_id":406,"n_trees":11,"slope":35,"flags":""},"geometry":{"type":"Point","coordinates":[-120.6094,39.7243]}},{"type":"Feature","properties":{"plot":"406-13","unit_id":406,"n_trees":12,"slope":37,"flags":""},"geometry":{"type":"Point","coordinates":[-120.60935,39.72677]}},{"type":"Feature","properties":{"plot":"406-14","unit_id":406,"n_trees":13,"slope":48,"flags":""},"geometry":{"type":"Point","coordinates":[-120.60933,39.72759]}},{"type":"Feature","properties":{"plot":"406-15","unit_id":406,"n_trees":11,"slope":44,"flags":""},"geometry":{"type":"Point","coordinates":[-120.6083,39.72593]}},{"type":"Feature","properties":{"plot":"406-16","unit_id":406,"n_trees":13,"slope":41,"flags":""},"geometry":{"type":"Point","coordinates":[-120.60828,39.72675]}},{"type":"Feature","properties":{"plot":"406-17","unit_id":406,"n_trees":14,"slope":44,"flags":""},"geometry":{"type":"Point","coordinates":[-120.60827,39.72758]}}]}