{"type":"FeatureCollection","features":[{"type":"Feature","properties":{"class":"perennial","width_ft":300},"geometry":{"type":"Polygon","coordinates":[[[-120.60833,39.72147],[-120.60844,39.72185],[-120.6084,39.72217],[-120.60799,39.72278],[-120.60765,39.72311],[-120.60755,39.72331],[-120.60753,39.72379],[-120.60729,39.72425],[-120.6073,39.72472],[-120.60754,39.72519],[-120.60763,39.72565],[-120.60752,39.72666],[-120.60721,39.72718],[-120.60695,39.7274],[-120.60671,39.72751],[-120.60649,39.72756],[-120.60627,39.72757],[-120.606,39.72754],[-120.60574,39.72745],[-120.60549,39.72728],[-120.60532,39.72706],[-120.60524,39.72681],[-120.60527,39.72655],[-120.60542,39.72626],[-120.60549,39.7257],[-120.60547,39.72559],[-120.60524,39.72524],[-120.60515,39.72496],[-120.60517,39.72452],[-120.60513,39.7241],[-120.60522,39.72377],[-120.60541,39.72347],[-120.60544,39.72307],[-120.60553,39.72279],[-120.60577,39.7223],[-120.60614,39.72193],[-120.60625,39.72178],[-120.60628,39.72154],[-120.60638,39.72134],[-120.60655,39.72117],[-120.60677,39.72104],[-120.60719,39.72093],[-120.60742,39.72093],[-120.60769,39.72098],[-120.60806,39.72116],[-120.60833,39.72147]]]}},{"type":"Feature","properties":{"class":"perennial","width_ft":300},"geometry":{"type":"Polygon","coordinates":[[[-120.6499,39.74216],[-120.64976,39.74243],[-120.64953,39.74266],[-120.64904,39.74302],[-120.64882,39.74327],[-120.64844,39.74346],[-120.64806,39.74351],[-120.64763,39.74344],[-120.64731,39.74326],[-120.64707,39.74297],[-120.64701,39.74281],[-120.64701,39.74259],[-120.64721,39.74211],[-120.64738,39.74195],[-120.64788,39.74161],[-120.64798,39.74145],[-120.64815,39.74128],[-120.64852,39.74109],[-120.64879,39.74104],[-120.64912,39.74105],[-120.64943,39.74114],[-120.64965,39.74127],[-120.64982,39.74144],[-120.64995,39.74168],[-120.64997,39.7419],[-120.6499,39.74216]]]}},{"type":"Feature","properties":{"class":"perennial","width_ft":300},"geometry":{"type":"Polygon","coordinates":[[[-120.60896,39.727],[-120.60834,39.72716],[-120.60762,39.72721],[-120.60739,39.72726],[-120.60701,39.72745],[-120.6066,39.72757],[-120.60638,39.72758],[-120.60608,39.72755],[-120.60572,39.72744],[-120.60541,39.72719],[-120.60525,39.72687],[-120.60526,39.72657],[-120.60538,39.72633],[-120.60564,39.7261],[-120.60588,39.72599],[-120.60612,39.72594],[-120.60657,39.72572],[-120.60732,39.72558],[-120.60831,39.72547],[-120.60864,39.72549],[-120.609,39.7256],[-120.60925,39.72577],[-120.60942,39.72599],[-120.60949,39.72629],[-120.60944,39.72654],[-120.60926,39.72681],[-120.60896,39.727]]]}},{"type":"Feature","properties":{"class":"perennial","width_ft":300},"geometry":{"type":"Polygon","coordinates":[[[-120.65317,39.73895],[-120.6525,39.7394],[-120.65225,39.73949],[-120.65197,39.73952],[-120.6517,39.7395],[-120.65144,39.73943],[-120.65121,39.73931],[-120.65103,39.73914],[-120.65091,39.73894],[-120.65087,39.73877],[-120.65088,39.73856],[-120.65105,39.73824],[-120.65171,39.73776],[-120.65205,39.73761],[-120.65244,39.73758],[-120.65287,39.73767],[-120.65321,39.73788],[-120.65339,39.73815],[-120.65344,39.73845],[-120.65335,39.73874],[-120.65317,39.73895]]]}},{"type":"Feature","properties":{"class":"perennial","width_ft":300},"geometry":{"type":"Polygon","coordinates":[[[-120.65535,39.73761],[-120.65473,39.7381],[-120.65439,39.73825],[-120.65401,39.7383],[-120.65362,39.73823],[-120.6533,39.73807],[-120.65305,39.73779],[-120.65297,39.7375],[-120.65305,39.73716],[-120.65326,39.73691],[-120.65379,39.73648],[-120.65402,39.73636],[-120.65422,39.73629],[-120.6545,39.73625],[-120.65493,39.73631],[-120.65518,39.73642],[-120.65537,39.73657],[-120.65553,39.7368],[-120.65559,39.73701],[-120.65558,39.73722],[-120.6555,39.73743],[-120.65535,39.73761]]]}},{"type":"Feature","properties":{"class":"perennial","width_ft":300},"geometry":{"type":"Polygon","coordinates":[[[-120.62644,39.73478],[-120.62598,39.73534],[-120.62545,39.73583],[-120.62517,39.73598],[-120.62491,39.73605],[-120.62447,39.73604],[-120.62411,39.73592],[-120.6238,39.73568],[-120.62366,39.7354],[-120.62364,39.73523],[-120.62368,39.73501],[-120.62398,39.73461],[-120.62471,39.73389],[-120.62494,39.73376],[-120.62526,39.73368],[-120.62553,39.73367],[-120.62586,39.73373],[-120.62614,39.73387],[-120.62635,39.73407],[-120.62648,39.73431],[-120.6265,39.73457],[-120.62647,39.73471],[-120.62631,39.73473],[-120.62631,39.73477],[-120.62644,39.73478]]]}},{"type":"Feature","properties":{"class":"perennial","width_ft":300},"geometry":{"type":"Polygon","coordinates":[[[-120.615,39.72617],[-120.61455,39.72631],[-120.61388,39.72632],[-120.61324,39.72644],[-120.61263,39.72646],[-120.61197,39.72638],[-120.61152,39.7262],[-120.61115,39.72612],[-120.6108,39.72591],[-120.61065,39.72573],[-120.61057,39.72553],[-120.61055,39.72536],[-120.61059,39.72515],[-120.61071,39.72495],[-120.61088,39.72478],[-120.61111,39.72466],[-120.61142,39.72457],[-120.61172,39.72456],[-120.6121,39.7246],[-120.61241,39.72469],[-120.61266,39.7248],[-120.61275,39.72481],[-120.61305,39.72479],[-120.61344,39.7247],[-120.61405,39.72468],[-120.61431,39.72456],[-120.61464,39.72449],[-120.6149,39.72448],[-120.61522,39.72453],[-120.61556,39.72465],[-120.61585,39.72485],[-120.61602,39.72512],[-120.61605,39.72542],[-120.61595,39.72571],[-120.61571,39.72595],[-120.61539,39.72611],[-120.615,39.72617]]]}},{"type":"Feature","properties":{"class":"perennial","width_ft":300},"geometry":{"type":"Polygon","coordinates":[[[-120.64913,39.74278],[-120.64887,39.74341],[-120.64862,39.74366],[-120.64809,39.74398],[-120.64773,39.7441],[-120.64729,39.74411],[-120.64693,39.744],[-120.64664,39.7438],[-120.64645,39.74349],[-120.64644,39.74315],[-120.64663,39.74281],[-120.64683,39.74262],[-120.64703,39.74251],[-120.64715,39.74227],[-120.64732,39.7421],[-120.64754,39.74197],[-120.6478,39.74189],[-120.64808,39.74186],[-120.64835,39.74189],[-120.64861,39.74198],[-120.64887,39.74214],[-120.64902,39.74232],[-120.64912,39.74257],[-120.64913,39.74278]]]}},{"type":"Feature","properties":{"class":"perennial","width_ft":300},"geometry":{"type":"Polygon","coordinates":[[[-120.63771,39.73708],[-120.63747,39.73754],[-120.63676,39.73859],[-120.63612,39.73928],[-120.6358,39.73987],[-120.63535,39.7411],[-120.63524,39.74178],[-120.63486,39.74257],[-120.63461,39.7428],[-120.63421,39.74296],[-120.63383,39.74299],[-120.6334,39.74289],[-120.63318,39.74276],[-120.63301,39.74259],[-120.6329,39.74239],[-120.63286,39.74218],[-120.63294,39.74178],[-120.63318,39.74135],[-120.63325,39.7408],[-120.63341,39.74028],[-120.63381,39.73928],[-120.63419,39.73856],[-120.6349,39.73778],[-120.63553,39.73684],[-120.63581,39.73627],[-120.63606,39.73604],[-120.63646,39.73588],[-120.63684,39.73585],[-120.63727,39.73596],[-120.63757,39.73615],[-120.63777,39.73645],[-120.6378,39.73675],[-120.63771,39.73708]]]}},{"type":"Feature","properties":{"class":"perennial","width_ft":300},"geometry":{"type":"Polygon","coordinates":[[[-120.61897,39.74478],[-120.61858,39.74517],[-120.61866,39.74538],[-120.6187,39.74572],[-120.61863,39.74616],[-120.61845,39.74669],[-120.61823,39.74701],[-120.6177,39.74749],[-120.61679,39.74803],[-120.61544,39.74848],[-120.61514,39.74889],[-120.6147,39.74928],[-120.61446,39.74971],[-120.61396,39.75021],[-120.61374,39.75036],[-120.61323,39.75054],[-120.61256,39.75061],[-120.61214,39.75054],[-120.61178,39.75035],[-120.61159,39.75014],[-120.61149,39.74989],[-120.6115,39.74963],[-120.61162,39.74939],[-120.61178,39.74921],[-120.612,39.74908],[-120.61225,39.74899],[-120.6125,39.74896],[-120.61266,39.74879],[-120.61286,39.74843],[-120.61339,39.74794],[-120.61356,39.74765],[-120.61373,39.74743],[-120.61403,39.74721],[-120.61435,39.74706],[-120.61568,39.74663],[-120.61623,39.74629],[-120.61646,39.74609],[-120.61656,39.74568],[-120.61644,39.74523],[-120.6165,39.74466],[-120.61681,39.74421],[-120.61731,39.74381],[-120.61765,39.74366],[-120.61808,39.74361],[-120.61851,39.74371],[-120.61881,39.74389],[-120.61901,39.74415],[-120.61907,39.74449],[-120.61897,39.74478]]]}},{"type":"Feature","properties":{"class":"perennial","width_ft":300},"geometry":{"type":"Polygon","coordinates":[[[-120.63996,39.74207],[-120.63951,39.74232],[-120.63916,39.74263],[-120.63879,39.74288],[-120.63858,39.74315],[-120.63839,39.7433],[-120.63718,39.74392],[-120.63672,39.7442],[-120.63634,39.74428],[-120.6359,39.74423],[-120.63556,39.74409],[-120.63529,39.74382],[-120.6352,39.74361],[-120.63519,39.74336],[-120.63528,39.74311],[-120.63543,39.74293],[-120.63586,39.74261],[-120.63687,39.74211],[-120.637,39.74186],[-120.63717,39.74168],[-120.63739,39.74155],[-120.63764,39.74147],[-120.63808,39.74107],[-120.6386,39.7408],[-120.63877,39.74112],[-120.6394,39.74152],[-120.63987,39.74196],[-120.63996,39.74207]]]}},{"type":"Feature","properties":{"class":"perennial","width_ft":300},"geometry":{"type":"Polygon","coordinates":[[[-120.63359,39.7549],[-120.63349,39.75544],[-120.63331,39.75577],[-120.63314,39.75594],[-120.63284,39.75615],[-120.63284,39.75457],[-120.63159,39.75456],[-120.63184,39.75433],[-120.63218,39.75418],[-120.63256,39.75413],[-120.63294,39.7542],[-120.63327,39.75436],[-120.63349,39.75461],[-120.63359,39.7549]]]}},{"type":"Feature","properties":{"class":"perennial","width_ft":300},"geometry":{"type":"Polygon","coordinates":[[[-120.63956,39.73857],[-120.63956,39.73842],[-120.63942,39.73806],[-120.63948,39.73772],[-120.63961,39.73753],[-120.63975,39.7374],[-120.64015,39.73722],[-120.63981,39.73813],[-120.63956,39.73857]]]}},{"type":"Feature","properties":{"class":"perennial","width_ft":300},"geometry":{"type":"Polygon","coordinates":[[[-120.6278,39.73434],[-120.62753,39.73432],[-120.62727,39.73425],[-120.62704,39.73412],[-120.62683,39.73392],[-120.62673,39.73372],[-120.6267,39.73351],[-120.62673,39.73329],[-120.62687,39.73306],[-120.62733,39.73272],[-120.62801,39.73245],[-120.62833,39.73227],[-120.62902,39.73175],[-120.6292,39.73164],[-120.6294,39.73157],[-120.62968,39.73154],[-120.62995,39.73155],[-120.63019,39.73162],[-120.63016,39.73212],[-120.63005,39.73254],[-120.62984,39.73293],[-120.62956,39.7333],[-120.62921,39.73363],[-120.6288,39.73391],[-120.62834,39.73414],[-120.6278,39.73434]]]}},{"type":"Feature","properties":{"class":"perennial","width_ft":300},"geometry":{"type":"Polygon","coordinates":[[[-120.65081,39.74073],[-120.65062,39.74133],[-120.65048,39.74155],[-120.65029,39.74171],[-120.65006,39.74184],[-120.6498,39.7423],[-120.64962,39.74247],[-120.64944,39.74257],[-120.64902,39.74267],[-120.64863,39.74265],[-120.64828,39.74252],[-120.64798,39.74227],[-120.64787,39.74207],[-120.64784,39.74186],[-120.64796,39.7414],[-120.6483,39.74089],[-120.64868,39.74057],[-120.64886,39.74022],[-120.649,39.74009],[-120.64922,39.73996],[-120.64953,39.73987],[-120.64987,39.73986],[-120.65019,39.73993],[-120.65047,39.74007],[-120.65067,39.74027],[-120.65079,39.74051],[-120.65081,39.74073]]]}},{"type":"Feature","properties":{"class":"perennial","width_ft":300},"geometry":{"type":"Polygon","coordinates":[[[-120.61788,39.72584],[-120.61729,39.72605],[-120.61656,39.72625],[-120.61594,39.72634],[-120.61536,39.72631],[-120.61452,39.72608],[-120.61421,39.7259],[-120.61407,39.72576],[-120.61396,39.72557],[-120.61392,39.72535],[-120.61395,39.72518],[-120.61406,39.72494],[-120.61423,39.72477],[-120.61445,39.72463],[-120.6147,39.72455],[-120.61515,39.72453],[-120.61578,39.72469],[-120.61652,39.72452],[-120.61695,39.72435],[-120.61743,39.72422],[-120.61786,39.72419],[-120.61825,39.72421],[-120.61861,39.72433],[-120.61889,39.72454],[-120.61905,39.72481],[-120.61907,39.72515],[-120.6189,39.72547],[-120.61863,39.72569],[-120.61828,39.72581],[-120.61788,39.72584]]]}},{"type":"Feature","properties":{"class":"perennial","width_ft":300},"geometry":{"type":"Polygon","coordinates":[[[-120.62056,39.7433],[-120.61966,39.74389],[-120.61913,39.74468],[-120.61889,39.74492],[-120.61852,39.74516],[-120.61815,39.74525],[-120.61771,39.74522],[-120.61736,39.74509],[-120.61707,39.74483],[-120.61694,39.7445],[-120.617,39.74416],[-120.61712,39.74397],[-120.61733,39.74379],[-120.61781,39.74306],[-120.6183,39.74261],[-120.61917,39.74209],[-120.61954,39.74199],[-120.61998,39.74201],[-120.62038,39.74217],[-120.62063,39.7424],[-120.62076,39.74273],[-120.62073,39.74303],[-120.62056,39.7433]]]}},{"type":"Feature","properties":{"class":"perennial","width_ft":300},"geometry":{"type":"Polygon","coordinates":[[[-120.60875,39.7271],[-120.60822,39.7271],[-120.60781,39.72696],[-120.60761,39.72682],[-120.60748,39.72668],[-120.60736,39.72635],[-120.60742,39.72601],[-120.60755,39.72582],[-120.6077,39.72569],[-120.60808,39.72551],[-120.60861,39.72543],[-120.60926,39.7255],[-120.60974,39.72565],[-120.60995,39.7258],[-120.61007,39.72594],[-120.6102,39.72627],[-120.61018,39.72648],[-120.6101,39.72669],[-120.60998,39.72683],[-120.60978,39.72698],[-120.60954,39.72709],[-120.60927,39.72715],[-120.60905,39.72715],[-120.60875,39.7271]]]}},{"type":"Feature","properties":{"class":"perennial","width_ft":300},"geometry":{"type":"Polygon","coordinates":[[[-120.60668,39.71765],[-120.60704,39.71786],[-120.60721,39.71803],[-120.60739,39.7183],[-120.60745,39.71856],[-120.60742,39.71877],[-120.6073,39.71901],[-120.60712,39.71918],[-120.60685,39.71933],[-120.60664,39.71939],[-120.60637,39.71941],[-120.60609,39.71938],[-120.60588,39.71931],[-120.60566,39.71919],[-120.6055,39.71905],[-120.60499,39.71881],[-120.60462,39.71842],[-120.60457,39.71832],[-120.60465,39.7181],[-120.60495,39.71758],[-120.60526,39.71723],[-120.60574,39.71686],[-120.60606,39.71693],[-120.60638,39.71711],[-120.60657,39.71732],[-120.60668,39.71765]]]}},{"type":"Feature","properties":{"class":"perennial","width_ft":300},"geometry":{"type":"Polygon","coordinates":[[[-120.65839,39.73256],[-120.65795,39.73288],[-120.65716,39.73397],[-120.65694,39.73417],[-120.65657,39.73441],[-120.65651,39.73534],[-120.65635,39.73615],[-120.65616,39.73653],[-120.65593,39.73682],[-120.65557,39.73739],[-120.65523,39.7377],[-120.65484,39.73787],[-120.65462,39.7379],[-120.65434,39.73789],[-120.65393,39.73776],[-120.65372,39.73761],[-120.65357,39.73744],[-120.65348,39.73723],[-120.65347,39.73697],[-120.65359,39.73669],[-120.65381,39.73647],[-120.65404,39.73605],[-120.65428,39.73575],[-120.65439,39.73517],[-120.65449,39.73402],[-120.65459,39.73373],[-120.65476,39.73349],[-120.65502,39.73327],[-120.65541,39.73302],[-120.65615,39.73199],[-120.65638,39.73175],[-120.65692,39.73139],[-120.65721,39.73128],[-120.65754,39.73124],[-120.65787,39.73128],[-120.65817,39.7314],[-120.6584,39.73158],[-120.65855,39.73182],[-120.6586,39.73207],[-120.65855,39.73232],[-120.65839,39.73256]]]}},{"type":"Feature","properties":{"class":"perennial","width_ft":300},"geometry":{"type":"Polygon","coordinates":[[[-120.65288,39.73909],[-120.65246,39.73949],[-120.65192,39.73981],[-120.65178,39.74014],[-120.65159,39.74039],[-120.65122,39.74076],[-120.6509,39.74093],[-120.65026,39.74115],[-120.64981,39.74118],[-120.64954,39.74112],[-120.64935,39.74104],[-120.64914,39.7409],[-120.64899,39.74072],[-120.64891,39.74051],[-120.64889,39.7403],[-120.64895,39.74009],[-120.64908,39.7399],[-120.64933,39.73969],[-120.6498,39.73949],[-120.65,39.73904],[-120.65023,39.73875],[-120.65094,39.73832],[-120.65123,39.73808],[-120.65147,39.73796],[-120.65184,39.73788],[-120.65217,39.7379],[-120.65253,39.73802],[-120.65281,39.73823],[-120.65297,39.7385],[-120.65299,39.7388],[-120.65288,39.73909]]]}},{"type":"Feature","properties":{"class":"perennial","width_ft":300},"geometry":{"type":"Polygon","coordinates":[[[-120.65099,39.74056],[-120.65069,39.74106],[-120.65053,39.74123],[-120.65017,39.74143],[-120.64996,39.74148],[-120.64968,39.7415],[-120.64925,39.74141],[-120.64891,39.74119],[-120.64871,39.74088],[-120.64869,39.74054],[-120.64886,39.74014],[-120.64918,39.73979],[-120.64955,39.7396],[-120.64999,39.73954],[-120.65042,39.73962],[-120.65061,39.73971],[-120.6508,39.73987],[-120.65099,39.74017],[-120.65102,39.74035],[-120.65099,39.74056]]]}},{"type":"Feature","properties":{"class":"perennial","width_ft":300},"geometry":{"type":"Polygon","coordinates":[[[-120.62181,39.73946],[-120.62205,39.74012],[-120.62204,39.74063],[-120.62185,39.74107],[-120.62135,39.74162],[-120.62123,39.74188],[-120.62108,39.74206],[-120.6211,39.7423],[-120.62105,39.74259],[-120.62084,39.74303],[-120.62046,39.74339],[-120.62007,39.74358],[-120.61964,39.74363],[-120.61921,39.74354],[-120.61894,39.74339],[-120.61874,39.74318],[-120.61864,39.74293],[-120.61864,39.74272],[-120.61875,39.74243],[-120.61895,39.74222],[-120.61894,39.74175],[-120.61902,39.74151],[-120.61927,39.74119],[-120.61942,39.74085],[-120.61993,39.74035],[-120.61978,39.73982],[-120.61981,39.7396],[-120.61991,39.7394],[-120.62012,39.7392],[-120.6204,39.73906],[-120.62072,39.73899],[-120.62105,39.739],[-120.62136,39.73909],[-120.62163,39.73924],[-120.62181,39.73946]]]}},{"type":"Feature","properties":{"class":"perennial","width_ft":300},"geometry":{"type":"Polygon","coordinates":[[[-120.61217,39.72609],[-120.61154,39.72639],[-120.61115,39.72648],[-120.6107,39.72666],[-120.61044,39.72671],[-120.61027,39.72685],[-120.60991,39.72703],[-120.6094,39.72714],[-120.60896,39.72712],[-120.60856,39.72697],[-120.60827,39.72671],[-120.60815,39.72638],[-120.60819,39.72608],[-120.60836,39.72582],[-120.60861,39.72564],[-120.60889,39.72553],[-120.60915,39.72534],[-120.60945,39.72521],[-120.60994,39.72511],[-120.61028,39.72496],[-120.61067,39.72487],[-120.61118,39.72463],[-120.6115,39.72456],[-120.61189,39.72458],[-120.61219,39.72469],[-120.61244,39.72486],[-120.61263,39.72512],[-120.61268,39.72538],[-120.61261,39.72567],[-120.61244,39.7259],[-120.61217,39.72609]]]}},{"type":"Feature","properties":{"class":"perennial","width_ft":300},"geometry":{"type":"Polygon","coordinates":[[[-120.63237,39.74951],[-120.63234,39.74981],[-120.63218,39.75008],[-120.6319,39.75029],[-120.63154,39.75041],[-120.63115,39.75042],[-120.63078,39.75032],[-120.63052,39.75016],[-120.63031,39.74991],[-120.63022,39.7496],[-120.63023,39.74936],[-120.62995,39.74871],[-120.62993,39.74843],[-120.62998,39.74821],[-120.62991,39.74797],[-120.6299,39.74777],[-120.63002,39.74745],[-120.63004,39.74704],[-120.63017,39.74672],[-120.63039,39.74646],[-120.63075,39.74626],[-120.63114,39.7462],[-120.63157,39.74627],[-120.6319,39.74643],[-120.63214,39.74672],[-120.63222,39.74705],[-120.63208,39.7479],[-120.63214,39.74823],[-120.6321,39.74847],[-120.63232,39.749],[-120.63237,39.74951]]]}},{"type":"Feature","properties":{"class":"perennial","width_ft":300},"geometry":{"type":"Polygon","coordinates":[[[-120.63818,39.73483],[-120.63795,39.73547],[-120.63801,39.73586],[-120.63787,39.73658],[-120.63774,39.73696],[-120.63761,39.73715],[-120.63728,39.73738],[-120.63692,39.73748],[-120.63653,39.73748],[-120.63612,39.73734],[-120.63596,39.73723],[-120.6358,39.73705],[-120.6357,39.73685],[-120.63568,39.73664],[-120.63585,39.73581],[-120.63583,39.73525],[-120.63602,39.73463],[-120.63625,39.73425],[-120.63657,39.73401],[-120.63694,39.73391],[-120.63733,39.73391],[-120.63773,39.73404],[-120.63801,39.73425],[-120.63817,39.73453],[-120.63818,39.73483]]]}},{"type":"Feature","properties":{"class":"perennial","width_ft":300},"geometry":{"type":"Polygon","coordinates":[[[-120.65957,39.72967],[-120.65909,39.73092],[-120.65868,39.73152],[-120.65843,39.73175],[-120.65803,39.7319],[-120.65764,39.73193],[-120.65727,39.73184],[-120.65693,39.73162],[-120.65678,39.73144],[-120.65672,39.73127],[-120.65669,39.7311],[-120.65673,39.73089],[-120.65684,39.73066],[-120.65714,39.73024],[-120.65755,39.72918],[-120.65766,39.72903],[-120.65785,39.72888],[-120.65819,39.72873],[-120.65858,39.72869],[-120.65895,39.72876],[-120.65928,39.72892],[-120.65948,39.72913],[-120.65959,39.72942],[-120.65957,39.72967]]]}},{"type":"Feature","properties":{"class":"perennial","width_ft":300},"geometry":{"type":"Polygon","coordinates":[[[-120.62192,39.73823],[-120.62215,39.73881],[-120.62215,39.73904],[-120.62204,39.73937],[-120.62189,39.7396],[-120.62191,39.73984],[-120.62186,39.74005],[-120.62168,39.74031],[-120.62134,39.74053],[-120.62097,39.74062],[-120.62058,39.7406],[-120.62019,39.74045],[-120.61999,39.7403],[-120.61985,39.74011],[-120.61976,39.73962],[-120.61981,39.73922],[-120.61996,39.73888],[-120.61977,39.73843],[-120.61976,39.73803],[-120.61987,39.73767],[-120.62015,39.73733],[-120.62046,39.73712],[-120.62089,39.73702],[-120.62127,39.73705],[-120.62167,39.73721],[-120.62189,39.73741],[-120.62202,39.73764],[-120.62204,39.73794],[-120.62192,39.73823]]]}},{"type":"Feature","properties":{"class":"perennial","width_ft":300},"geometry":{"type":"Polygon","coordinates":[[[-120.64591,39.74724],[-120.64572,39.74762],[-120.64538,39.74789],[-120.64528,39.74821],[-120.64528,39.74859],[-120.64515,39.74888],[-120.64511,39.74919],[-120.645,39.74939],[-120.6444,39.74996],[-120.64391,39.75019],[-120.64348,39.75071],[-120.64322,39.75093],[-120.64267,39.75118],[-120.64067,39.75254],[-120.64023,39.75282],[-120.6399,39.75296],[-120.63944,39.75305],[-120.63855,39.75312],[-120.63812,39.75302],[-120.63782,39.75283],[-120.63763,39.75257],[-120.63757,39.75232],[-120.63763,39.75202],[-120.63779,39.7518],[-120.63803,39.75162],[-120.63831,39.75151],[-120.63905,39.75141],[-120.64054,39.75045],[-120.64089,39.75017],[-120.64138,39.74986],[-120.64179,39.74967],[-120.64225,39.74912],[-120.64258,39.74888],[-120.64292,39.74873],[-120.64304,39.7486],[-120.64314,39.74831],[-120.6432,39.74782],[-120.6434,39.74721],[-120.6436,39.74692],[-120.64414,39.74648],[-120.64442,39.74634],[-120.64474,39.74628],[-120.64508,39.74629],[-120.64539,39.74638],[-120.64565,39.74654],[-120.64583,39.74676],[-120.64592,39.74701],[-120.64591,39.74724]]]}},{"type":"Feature","properties":{"class":"perennial","width_ft":300},"geometry":{"type":"Polygon","coordinates":[[[-120.62085,39.72673],[-120.61996,39.72662],[-120.61946,39.72648],[-120.61846,39.72592],[-120.61768,39.72579],[-120.61729,39.72562],[-120.61706,39.72538],[-120.61695,39.72505],[-120.61703,39.72471],[-120.61723,39.72445],[-120.6175,39.72429],[-120.61786,39.7242],[-120.61824,39.7242],[-120.61875,39.72427],[-120.61927,39.72438],[-120.61953,39.72448],[-120.62042,39.725],[-120.62119,39.72511],[-120.62145,39.72519],[-120.62167,39.72532],[-120.6219,39.72556],[-120.622,39.72585],[-120.62196,39.72615],[-120.62178,39.72641],[-120.62154,39.72659],[-120.62119,39.72671],[-120.62085,39.72673]]]}},{"type":"Feature","properties":{"class":"perennial","width_ft":300},"geometry":{"type":"Polygon","coordinates":[[[-120.63717,39.75369],[-120.63643,39.75428],[-120.6358,39.75456],[-120.63529,39.75489],[-120.63495,39.75505],[-120.63382,39.75545],[-120.63349,39.75551],[-120.63316,39.75553],[-120.63284,39.75564],[-120.63284,39.75457],[-120.63157,39.75456],[-120.63177,39.7543],[-120.63212,39.75405],[-120.63266,39.75388],[-120.63317,39.75387],[-120.63378,39.75367],[-120.63402,39.75356],[-120.63459,39.75321],[-120.63511,39.75298],[-120.63567,39.75255],[-120.63586,39.75246],[-120.63612,39.7524],[-120.63651,39.75241],[-120.63683,39.7525],[-120.63712,39.75269],[-120.63729,39.75291],[-120.63736,39.75317],[-120.63732,39.75346],[-120.63717,39.75369]]]}},{"type":"Feature","properties":{"class":"perennial","width_ft":300},"geometry":{"type":"Polygon","coordinates":[[[-120.63232,39.74934],[-120.63244,39.74993],[-120.6324,39.75014],[-120.63228,39.75033],[-120.63215,39.75047],[-120.63193,39.7506],[-120.63173,39.75068],[-120.63151,39.75072],[-120.63123,39.75072],[-120.63081,39.7506],[-120.63064,39.7505],[-120.63046,39.75033],[-120.63033,39.75005],[-120.63025,39.7497],[-120.63025,39.74949],[-120.6304,39.74916],[-120.63067,39.74894],[-120.63107,39.7488],[-120.63146,39.74879],[-120.63183,39.74889],[-120.63216,39.74911],[-120.63232,39.74934]]]}},{"type":"Feature","properties":{"class":"perennial","width_ft":300},"geometry":{"type":"Polygon","coordinates":[[[-120.62688,39.7348],[-120.62628,39.735],[-120.62608,39.73515],[-120.62578,39.73527],[-120.62545,39.73531],[-120.62512,39.73528],[-120.62473,39.73511],[-120.62449,39.73488],[-120.62437,39.73455],[-120.62442,39.73425],[-120.62453,39.73405],[-120.62481,39.73378],[-120.62532,39.7335],[-120.62569,39.73341],[-120.62682,39.73302],[-120.62719,39.73282],[-120.62745,39.73273],[-120.62789,39.7327],[-120.62826,39.73279],[-120.6286,39.73301],[-120.62878,39.73327],[-120.62882,39.73361],[-120.62871,39.7339],[-120.62862,39.73401],[-120.6285,39.73407],[-120.6275,39.73447],[-120.62694,39.73463],[-120.62631,39.73473],[-120.62631,39.73477],[-120.62688,39.7348]]]}},{"type":"Feature","properties":{"class":"perennial","width_ft":300},"geometry":{"type":"Polygon","coordinates":[[[-120.665,39.73257],[-120.6652,39.73194],[-120.66568,39.73119],[-120.66596,39.73094],[-120.66582,39.73145],[-120.66562,39.73184],[-120.66526,39.73231],[-120.665,39.73257]]]}},{"type":"Feature","properties":{"class":"perennial","width_ft":300},"geometry":{"type":"Polygon","coordinates":[[[-120.65477,39.73807],[-120.6538,39.73856],[-120.6534,39.73889],[-120.65281,39.73915],[-120.65248,39.73922],[-120.65204,39.73918],[-120.6517,39.73904],[-120.65142,39.73877],[-120.65132,39.73848],[-120.65132,39.73831],[-120.65138,39.7381],[-120.65149,39.73795],[-120.65167,39.73778],[-120.65209,39.73756],[-120.65239,39.7373],[-120.65263,39.73716],[-120.65357,39.73673],[-120.65395,39.73665],[-120.65433,39.73668],[-120.65463,39.73679],[-120.65491,39.73701],[-120.65507,39.73728],[-120.65509,39.73758],[-120.65497,39.73786],[-120.65477,39.73807]]]}},{"type":"Feature","properties":{"class":"perennial","width_ft":300},"geometry":{"type":"Polygon","coordinates":[[[-120.65869,39.73166],[-120.65859,39.73227],[-120.65839,39.73255],[-120.65811,39.73276],[-120.65775,39.73287],[-120.65736,39.73287],[-120.65695,39.73275],[-120.65667,39.73254],[-120.65649,39.73223],[-120.65648,39.73193],[-120.65666,39.73131],[-120.65694,39.73104],[-120.65717,39.73093],[-120.65738,39.73087],[-120.65766,39.73085],[-120.65794,39.73089],[-120.65819,39.73098],[-120.65837,39.73108],[-120.65854,39.73125],[-120.65865,39.73145],[-120.65869,39.73166]]]}},{"type":"Feature","properties":{"class":"perennial","width_ft":300},"geometry":{"type":"Polygon","coordinates":[[[-120.62173,39.73851],[-120.62102,39.73857],[-120.62059,39.73848],[-120.62025,39.73827],[-120.62005,39.73796],[-120.62003,39.73762],[-120.62019,39.7373],[-120.62046,39.73708],[-120.62091,39.73692],[-120.62149,39.73687],[-120.62196,39.73694],[-120.62232,39.73713],[-120.62246,39.73727],[-120.62257,39.73747],[-120.62261,39.73764],[-120.62259,39.73785],[-120.62253,39.73802],[-120.62239,39.7382],[-120.62219,39.73835],[-120.622,39.73844],[-120.62173,39.73851]]]}},{"type":"Feature","properties":{"class":"perennial","width_ft":300},"geometry":{"type":"Polygon","coordinates":[[[-120.63933,39.75292],[-120.63814,39.75352],[-120.63774,39.75361],[-120.63742,39.75364],[-120.63674,39.75396],[-120.63636,39.75404],[-120.63592,39.75399],[-120.63559,39.75383],[-120.63535,39.75359],[-120.63523,39.75326],[-120.63525,39.75305],[-120.63537,39.75281],[-120.63554,39.75264],[-120.63578,39.75247],[-120.63662,39.75211],[-120.63728,39.75199],[-120.63765,39.75176],[-120.63802,39.7516],[-120.63855,39.75148],[-120.63894,39.75151],[-120.63928,39.75164],[-120.63954,39.75187],[-120.63968,39.75215],[-120.63968,39.75245],[-120.63954,39.75273],[-120.63933,39.75292]]]}},{"type":"Feature","properties":{"class":"perennial","width_ft":300},"geometry":{"type":"Polygon","coordinates":[[[-120.64653,39.76559],[-120.64668,39.76541],[-120.64697,39.76515],[-120.64735,39.76496],[-120.64767,39.7647],[-120.64805,39.76455],[-120.64832,39.7643],[-120.64849,39.764],[-120.64892,39.76362],[-120.64904,39.76346],[-120.64933,39.76288],[-120.64928,39.76337],[-120.64916,39.76379],[-120.64894,39.76418],[-120.64854,39.76466],[-120.64816,39.76496],[-120.64757,39.7653],[-120.64707,39.76548],[-120.64653,39.76559]]]}},{"type":"Feature","properties":{"class":"perennial","width_ft":300},"geometry":{"type":"Polygon","coordinates":[[[-120.63657,39.74426],[-120.63583,39.74452],[-120.63501,39.74494],[-120.63437,39.74516],[-120.6341,39.7452],[-120.63366,39.74515],[-120.63333,39.74499],[-120.63307,39.74472],[-120.63297,39.74442],[-120.63301,39.74417],[-120.63311,39.74397],[-120.63328,39.7438],[-120.63352,39.74365],[-120.63405,39.74346],[-120.6348,39.74307],[-120.63583,39.7427],[-120.63621,39.74263],[-120.63659,39.74268],[-120.63693,39.74282],[-120.63718,39.74305],[-120.6373,39.74334],[-120.6373,39.7436],[-120.63716,39.74388],[-120.63691,39.7441],[-120.63657,39.74426]]]}},{"type":"Feature","properties":{"class":"perennial","width_ft":300},"geometry":{"type":"Polygon","coordinates":[[[-120.66068,39.72728],[-120.66042,39.72759],[-120.66011,39.72853],[-120.65953,39.7298],[-120.6594,39.72999],[-120.65907,39.73022],[-120.65871,39.73032],[-120.65832,39.73032],[-120.65791,39.73018],[-120.65771,39.73003],[-120.65756,39.72985],[-120.65748,39.72965],[-120.65747,39.72943],[-120.65807,39.72805],[-120.65835,39.72718],[-120.66068,39.72728]]]}},{"type":"Feature","properties":{"class":"perennial","width_ft":300},"geometry":{"type":"Polygon","coordinates":[[[-120.60714,39.72727],[-120.60682,39.72761],[-120.6064,39.72784],[-120.60615,39.72832],[-120.6059,39.72856],[-120.60526,39.72886],[-120.60445,39.72904],[-120.60446,39.72715],[-120.60479,39.72676],[-120.60529,39.72643],[-120.60562,39.72612],[-120.60596,39.72597],[-120.60634,39.72592],[-120.60672,39.72599],[-120.60704,39.72616],[-120.60727,39.7264],[-120.60737,39.72669],[-120.60732,39.72699],[-120.60714,39.72727]]]}},{"type":"Feature","properties":{"class":"perennial","width_ft":300},"geometry":{"type":"Polygon","coordinates":[[[-120.63357,39.75512],[-120.63348,39.75533],[-120.63333,39.7555],[-120.63312,39.75564],[-120.63284,39.75574],[-120.63284,39.75457],[-120.63156,39.75456],[-120.63181,39.75426],[-120.63213,39.75409],[-120.63256,39.75402],[-120.63294,39.75407],[-120.63328,39.75422],[-120.63354,39.75449],[-120.63364,39.75479],[-120.63357,39.75512]]]}},{"type":"Feature","properties":{"class":"perennial","width_ft":300},"geometry":{"type":"Polygon","coordinates":[[[-120.60809,39.72104],[-120.60829,39.72137],[-120.60838,39.72174],[-120.60831,39.72204],[-120.60811,39.7223],[-120.60775,39.7225],[-120.60737,39.72257],[-120.60693,39.72252],[-120.6066,39.72236],[-120.60636,39.72212],[-120.60625,39.72187],[-120.60598,39.72147],[-120.60592,39.72119],[-120.60597,39.72072],[-120.60574,39.71993],[-120.60558,39.71964],[-120.60553,39.71934],[-120.60533,39.7187],[-120.60533,39.71844],[-120.60542,39.71824],[-120.60561,39.71802],[-120.60587,39.71787],[-120.60629,39.71777],[-120.60668,39.7178],[-120.60707,39.71796],[-120.60732,39.71819],[-120.60749,39.71858],[-120.608,39.72013],[-120.60811,39.72066],[-120.60809,39.72104]]]}},{"type":"Feature","properties":{"class":"perennial","width_ft":300},"geometry":{"type":"Polygon","coordinates":[[[-120.64636,39.74574],[-120.6458,39.74603],[-120.64571,39.74642],[-120.6459,39.74682],[-120.64593,39.7471],[-120.64586,39.74739],[-120.64565,39.74764],[-120.64534,39.74783],[-120.64492,39.74792],[-120.64448,39.74786],[-120.64415,39.74771],[-120.64397,39.74754],[-120.64384,39.74735],[-120.64361,39.74673],[-120.64357,39.74631],[-120.64376,39.74551],[-120.64391,39.74516],[-120.64406,39.74498],[-120.64441,39.74472],[-120.64488,39.74454],[-120.64512,39.74438],[-120.64536,39.74427],[-120.64574,39.74422],[-120.64618,39.74428],[-120.64641,39.74439],[-120.64661,39.74455],[-120.64675,39.74473],[-120.64681,39.74494],[-120.64681,39.74516],[-120.64674,39.74536],[-120.64659,39.74555],[-120.64636,39.74574]]]}},{"type":"Feature","properties":{"class":"perennial","width_ft":300},"geometry":{"type":"Polygon","coordinates":[[[-120.63015,39.7322],[-120.62983,39.73193],[-120.62972,39.73173],[-120.62969,39.73156],[-120.62976,39.73122],[-120.63002,39.7309],[-120.63019,39.73156],[-120.63018,39.73198],[-120.63015,39.7322]]]}},{"type":"Feature","properties":{"class":"perennial","width_ft":300},"geometry":{"type":"Polygon","coordinates":[[[-120.60929,39.72714],[-120.6089,39.72713],[-120.6085,39.72699],[-120.60821,39.72673],[-120.60807,39.72641],[-120.60812,39.72607],[-120.60835,39.72577],[-120.60866,39.72559],[-120.60911,39.7255],[-120.6095,39.72552],[-120.60989,39.72568],[-120.61014,39.72591],[-120.61027,39.72624],[-120.61022,39.72658],[-120.61003,39.72684],[-120.60969,39.72705],[-120.60929,39.72714]]]}},{"type":"Feature","properties":{"class":"perennial","width_ft":300},"geometry":{"type":"Polygon","coordinates":[[[-120.63506,39.74361],[-120.63513,39.74433],[-120.63502,39.74469],[-120.63481,39.74494],[-120.6345,39.74512],[-120.63407,39.7452],[-120.63368,39.74515],[-120.63331,39.74497],[-120.63308,39.74473],[-120.63298,39.74448],[-120.63295,39.7439],[-120.63284,39.74355],[-120.63289,39.74285],[-120.63286,39.74211],[-120.63292,39.74189],[-120.63305,39.7417],[-120.63324,39.74154],[-120.63347,39.74142],[-120.6339,39.74134],[-120.63429,39.74139],[-120.63462,39.74155],[-120.63489,39.74182],[-120.63497,39.74202],[-120.63501,39.74229],[-120.63503,39.74283],[-120.63498,39.7434],[-120.63506,39.74361]]]}},{"type":"Feature","properties":{"class":"perennial","width_ft":300},"geometry":{"type":"Polygon","coordinates":[[[-120.62563,39.73568],[-120.62558,39.73626],[-120.62524,39.73681],[-120.62505,39.73733],[-120.62494,39.73751],[-120.62469,39.73775],[-120.62438,39.73795],[-120.62406,39.73807],[-120.62366,39.73814],[-120.62337,39.7383],[-120.62311,39.73839],[-120.62282,39.73844],[-120.6223,39.73845],[-120.62188,39.73852],[-120.6214,39.73851],[-120.62113,39.73845],[-120.62085,39.73832],[-120.62063,39.73812],[-120.62049,39.73784],[-120.6205,39.73754],[-120.62064,39.73726],[-120.62086,39.73707],[-120.62104,39.73697],[-120.6213,39.73689],[-120.62165,39.73688],[-120.62203,39.73679],[-120.62243,39.73678],[-120.62277,39.73661],[-120.62313,39.73652],[-120.6233,39.73612],[-120.62349,39.73584],[-120.6235,39.73543],[-120.62361,39.73511],[-120.62386,39.73475],[-120.62414,39.73454],[-120.62451,39.73443],[-120.62484,39.73442],[-120.62516,39.7345],[-120.62548,39.73467],[-120.62567,39.73488],[-120.62576,39.73513],[-120.62576,39.73539],[-120.62563,39.73568]]]}},{"type":"Feature","properties":{"class":"perennial","width_ft":300},"geometry":{"type":"Polygon","coordinates":[[[-120.65882,39.7312],[-120.65867,39.73183],[-120.65858,39.73204],[-120.65843,39.73222],[-120.65822,39.73236],[-120.65791,39.73247],[-120.65764,39.7325],[-120.65736,39.73247],[-120.6571,39.73239],[-120.65692,39.73229],[-120.65674,39.73213],[-120.65661,39.73194],[-120.65656,39.73177],[-120.65662,39.73125],[-120.65671,39.73093],[-120.65684,39.73069],[-120.65714,39.73044],[-120.65749,39.73031],[-120.65793,39.73029],[-120.6583,39.7304],[-120.65863,39.73063],[-120.65879,39.7309],[-120.65882,39.7312]]]}},{"type":"Feature","properties":{"class":"perennial","width_ft":300},"geometry":{"type":"Polygon","coordinates":[[[-120.62176,39.7384],[-120.6214,39.7386],[-120.62096,39.73867],[-120.62053,39.73859],[-120.62034,39.7385],[-120.62014,39.73835],[-120.61995,39.73804],[-120.61993,39.7377],[-120.6201,39.73738],[-120.62042,39.7371],[-120.62082,39.73695],[-120.62121,39.73693],[-120.62163,39.73704],[-120.62192,39.73724],[-120.6221,39.73751],[-120.62214,39.73785],[-120.62203,39.73814],[-120.62176,39.7384]]]}},{"type":"Feature","properties":{"class":"perennial","width_ft":300},"geometry":{"type":"Polygon","coordinates":[[[-120.60679,39.7164],[-120.60663,39.7167],[-120.60632,39.71694],[-120.6059,39.71707],[-120.60548,39.71705],[-120.60608,39.71667],[-120.60656,39.71647],[-120.60679,39.7164]]]}},{"type":"Feature","properties":{"class":"perennial","width_ft":300},"geometry":{"type":"Polygon","coordinates":[[[-120.63962,39.73849],[-120.63943,39.73819],[-120.63937,39.73789],[-120.63944,39.73725],[-120.63943,39.73701],[-120.63953,39.7366],[-120.63974,39.73597],[-120.64024,39.73516],[-120.64041,39.73495],[-120.64047,39.73477],[-120.64062,39.73452],[-120.64059,39.73511],[-120.64042,39.73567],[-120.64014,39.73727],[-120.63981,39.73813],[-120.63962,39.73849]]]}},{"type":"Feature","properties":{"class":"perennial","width_ft":300},"geometry":{"type":"Polygon","coordinates":[[[-120.60688,39.71749],[-120.60652,39.71812],[-120.6063,39.71832],[-120.60601,39.71845],[-120.60568,39.7185],[-120.60535,39.71848],[-120.60509,39.7184],[-120.60483,39.71824],[-120.60467,39.71806],[-120.60504,39.71746],[-120.60551,39.71702],[-120.60593,39.71675],[-120.60624,39.7166],[-120.60696,39.71635],[-120.60703,39.7168],[-120.60696,39.71723],[-120.60688,39.71749]]]}},{"type":"Feature","properties":{"class":"perennial","width_ft":300},"geometry":{"type":"Polygon","coordinates":[[[-120.64852,39.7435],[-120.64807,39.7443],[-120.6478,39.74462],[-120.64738,39.74489],[-120.64671,39.74548],[-120.6463,39.74575],[-120.64588,39.74586],[-120.6455,39.74584],[-120.64514,39.74571],[-120.64484,39.74546],[-120.64473,39.74526],[-120.64469,39.74505],[-120.64472,39.74484],[-120.64482,39.74464],[-120.64589,39.7437],[-120.64618,39.74352],[-120.64658,39.74287],[-120.64671,39.74273],[-120.64693,39.7426],[-120.6473,39.74249],[-120.64763,39.74249],[-120.64795,39.74256],[-120.64826,39.74274],[-120.64847,39.74299],[-120.64855,39.74324],[-120.64852,39.7435]]]}},{"type":"Feature","properties":{"class":"perennial","width_ft":300},"geometry":{"type":"Polygon","coordinates":[[[-120.63477,39.74505],[-120.63427,39.74552],[-120.63374,39.74589],[-120.6335,39.74634],[-120.63325,39.74665],[-120.63282,39.74692],[-120.63252,39.74722],[-120.63203,39.7475],[-120.63175,39.74771],[-120.6314,39.74783],[-120.63095,39.74783],[-120.63054,39.7477],[-120.63027,39.74749],[-120.63015,39.7473],[-120.63009,39.74704],[-120.63013,39.74679],[-120.63025,39.74659],[-120.63056,39.74629],[-120.631,39.74605],[-120.63121,39.74582],[-120.63161,39.74556],[-120.63186,39.7451],[-120.63204,39.74486],[-120.63272,39.74439],[-120.63298,39.74415],[-120.6332,39.74387],[-120.63344,39.74369],[-120.6338,39.74357],[-120.63424,39.74357],[-120.6346,39.74368],[-120.63489,39.74388],[-120.63506,39.74415],[-120.6351,39.74445],[-120.63502,39.7447],[-120.63477,39.74505]]]}},{"type":"Feature","properties":{"class":"perennial","width_ft":300},"geometry":{"type":"Polygon","coordinates":[[[-120.62967,39.73318],[-120.62924,39.73309],[-120.6289,39.73288],[-120.6287,39.73257],[-120.62868,39.73223],[-120.62876,39.73202],[-120.6289,39.73184],[-120.62963,39.7313],[-120.63003,39.73092],[-120.63019,39.73156],[-120.63016,39.73212],[-120.63005,39.73254],[-120.62992,39.7328],[-120.62967,39.73318]]]}},{"type":"Feature","properties":{"class":"intermittent","width_ft":150},"geometry":{"type":"Polygon","coordinates":[[[-120.62675,39.72655],[-120.62642,39.72652],[-120.62628,39.72645],[-120.62616,39.72633],[-120.62611,39.72608],[-120.62626,39.72585],[-120.62675,39.72655]]]}},{"type":"Feature","properties":{"class":"intermittent","width_ft":150},"geometry":{"type":"Polygon","coordinates":[[[-120.61968,39.71898],[-120.61949,39.71913],[-120.61921,39.71926],[-120.61849,39.71947],[-120.61833,39.71959],[-120.61806,39.7199],[-120.61755,39.72017],[-120.6175,39.72036],[-120.6175,39.72068],[-120.61732,39.7211],[-120.61707,39.72138],[-120.61675,39.72157],[-120.61669,39.72167],[-120.61644,39.72247],[-120.61639,39.72311],[-120.61634,39.72323],[-120.61621,39.72337],[-120.61599,39.72346],[-120.61576,39.72347],[-120.61554,39.72339],[-120.61539,39.72326],[-120.61532,39.7231],[-120.61534,39.72267],[-120.61543,39.72218],[-120.61566,39.72144],[-120.61578,39.72121],[-120.61594,39.72102],[-120.61628,39.72082],[-120.61635,39.72074],[-120.61644,39.72053],[-120.61648,39.72004],[-120.61654,39.71987],[-120.61668,39.71969],[-120.61687,39.71952],[-120.61728,39.71933],[-120.61751,39.71905],[-120.61784,39.71881],[-120.61821,39.71865],[-120.61883,39.71848],[-120.61902,39.71816],[-120.61928,39.71871],[-120.61968,39.71898]]]}},{"type":"Feature","properties":{"class":"intermittent","width_ft":150},"geometry":{"type":"Polygon","coordinates":[[[-120.63411,39.7352],[-120.63352,39.73567],[-120.63305,39.73627],[-120.63234,39.73684],[-120.63219,39.73706],[-120.63209,39.73734],[-120.63185,39.73768],[-120.63117,39.73891],[-120.63103,39.73902],[-120.63082,39.73908],[-120.63063,39.73907],[-120.63042,39.739],[-120.63023,39.7388],[-120.63023,39.73854],[-120.63088,39.73733],[-120.6311,39.73703],[-120.6312,39.73675],[-120.63141,39.73643],[-120.63165,39.73618],[-120.63221,39.73576],[-120.63271,39.73513],[-120.63331,39.73468],[-120.63357,39.73459],[-120.63376,39.73459],[-120.63396,39.73466],[-120.63411,39.73479],[-120.63418,39.73493],[-120.63417,39.73508],[-120.63411,39.7352]]]}},{"type":"Feature","properties":{"class":"intermittent","width_ft":150},"geometry":{"type":"Polygon","coordinates":[[[-120.65774,39.73244],[-120.65747,39.73247],[-120.65719,39.73238],[-120.65702,39.73218],[-120.65702,39.73195],[-120.65714,39.73178],[-120.65732,39.73168],[-120.65768,39.73158],[-120.65808,39.73159],[-120.65827,39.73167],[-120.65839,39.73179],[-120.65845,39.73195],[-120.65843,39.7321],[-120.65835,39.73222],[-120.65822,39.73232],[-120.65774,39.73244]]]}},{"type":"Feature","properties":{"class":"intermittent","width_ft":150},"geometry":{"type":"Polygon","coordinates":[[[-120.65403,39.73529],[-120.65392,39.73553],[-120.65377,39.73563],[-120.65361,39.73567],[-120.65342,39.73568],[-120.65326,39.73564],[-120.65303,39.73546],[-120.65297,39.73529],[-120.65297,39.73444],[-120.65307,39.73426],[-120.65326,39.73414],[-120.65345,39.73409],[-120.65367,39.73411],[-120.65384,39.73418],[-120.65398,39.73432],[-120.65403,39.73448],[-120.65403,39.73529]]]}},{"type":"Feature","properties":{"class":"intermittent","width_ft":150},"geometry":{"type":"Polygon","coordinates":[[[-120.64803,39.74043],[-120.64805,39.74122],[-120.64799,39.74138],[-120.64778,39.74162],[-120.64761,39.74173],[-120.64737,39.74177],[-120.64713,39.74173],[-120.64692,39.74158],[-120.64684,39.7414],[-120.64686,39.74123],[-120.64698,39.74107],[-120.64698,39.7406],[-120.64677,39.74006],[-120.64678,39.73994],[-120.64687,39.7398],[-120.64701,39.7397],[-120.64721,39.73963],[-120.64741,39.73964],[-120.64761,39.73971],[-120.64779,39.73987],[-120.64803,39.74043]]]}},{"type":"Feature","properties":{"class":"intermittent","width_ft":150},"geometry":{"type":"Polygon","coordinates":[[[-120.61637,39.72296],[-120.61632,39.72347],[-120.61615,39.72375],[-120.61601,39.72389],[-120.61565,39.72414],[-120.61486,39.72442],[-120.61399,39.72461],[-120.61342,39.72498],[-120.61282,39.72511],[-120.61196,39.72522],[-120.6117,39.72516],[-120.61149,39.72498],[-120.61144,39.72484],[-120.61146,39.72469],[-120.61157,39.72454],[-120.61172,39.72444],[-120.61194,39.72438],[-120.61293,39.72424],[-120.6132,39.72403],[-120.61355,39.72386],[-120.6145,39.72365],[-120.61503,39.72347],[-120.61529,39.72325],[-120.61534,39.72296],[-120.6154,39.72284],[-120.61563,39.72269],[-120.61593,39.72265],[-120.61622,39.72276],[-120.61637,39.72296]]]}},{"type":"Feature","properties":{"class":"intermittent","width_ft":150},"geometry":{"type":"Polygon","coordinates":[[[-120.60845,39.74438],[-120.60777,39.74438],[-120.60752,39.74441],[-120.60678,39.74463],[-120.60639,39.74466],[-120.60543,39.74455],[-120.60442,39.74449],[-120.60443,39.74366],[-120.60555,39.74373],[-120.60641,39.74384],[-120.60733,39.74359],[-120.60775,39.74355],[-120.60851,39.74358],[-120.60871,39.74366],[-120.60883,39.74378],[-120.60889,39.74395],[-120.60887,39.7441],[-120.60878,39.74423],[-120.60863,39.74433],[-120.60845,39.74438]]]}},{"type":"Feature","properties":{"class":"intermittent","width_ft":150},"geometry":{"type":"Polygon","coordinates":[[[-120.61251,39.73323],[-120.61333,39.73364],[-120.61343,39.73377],[-120.61346,39.73389],[-120.61343,39.73404],[-120.61333,39.73417],[-120.61318,39.73427],[-120.613,39.73431],[-120.61272,39.73429],[-120.61208,39.73399],[-120.61188,39.73395],[-120.61165,39.73398],[-120.61123,39.73413],[-120.61084,39.73416],[-120.61056,39.73412],[-120.60982,39.73393],[-120.60962,39.73392],[-120.60893,39.73405],[-120.60854,39.73405],[-120.60813,39.7342],[-120.60763,39.73426],[-120.60732,39.73438],[-120.60704,39.73441],[-120.60668,39.73439],[-120.60631,39.73426],[-120.60575,39.73418],[-120.60471,39.73417],[-120.60444,39.73422],[-120.60445,39.73336],[-120.60459,39.73335],[-120.60606,39.73338],[-120.60658,39.73346],[-120.60696,39.73358],[-120.60738,39.73345],[-120.6078,39.73341],[-120.60831,39.73325],[-120.60872,39.73324],[-120.60953,39.7331],[-120.61003,39.73312],[-120.6109,39.73333],[-120.61138,39.73319],[-120.61197,39.73312],[-120.61251,39.73323]]]}},{"type":"Feature","properties":{"class":"intermittent","width_ft":150},"geometry":{"type":"Polygon","coordinates":[[[-120.62677,39.72655],[-120.62503,39.72687],[-120.62479,39.72689],[-120.62441,39.72685],[-120.62366,39.72699],[-120.623,39.72698],[-120.62229,39.72678],[-120.62188,39.72656],[-120.62128,39.72638],[-120.62068,39.72627],[-120.62047,39.72611],[-120.62041,39.72586],[-120.62048,39.7257],[-120.62064,39.72557],[-120.62082,39.72551],[-120.62106,39.7255],[-120.62161,39.72559],[-120.62227,39.72579],[-120.62281,39.72606],[-120.62328,39.72618],[-120.62367,39.72615],[-120.62422,39.72604],[-120.62489,39.72606],[-120.62624,39.72582],[-120.62677,39.72655]]]}},{"type":"Feature","properties":{"class":"intermittent","width_ft":150},"geometry":{"type":"Polygon","coordinates":[[[-120.64499,39.75807],[-120.64498,39.75911],[-120.64533,39.75934],[-120.64588,39.75984],[-120.64608,39.76009],[-120.6462,39.76046],[-120.64621,39.76063],[-120.64614,39.76077],[-120.64601,39.76088],[-120.64581,39.76096],[-120.64553,39.76095],[-120.64529,39.76084],[-120.64519,39.76071],[-120.64508,39.7604],[-120.64501,39.76032],[-120.64456,39.75992],[-120.64404,39.75957],[-120.64392,39.75938],[-120.64392,39.75801],[-120.64408,39.75731],[-120.64429,39.75678],[-120.64444,39.75665],[-120.64465,39.75659],[-120.64487,39.75659],[-120.64505,39.75665],[-120.64519,39.75676],[-120.64527,39.75692],[-120.64527,39.75707],[-120.64512,39.75747],[-120.64499,39.75807]]]}},{"type":"Feature","properties":{"class":"intermittent","width_ft":150},"geometry":{"type":"Polygon","coordinates":[[[-120.6481,39.74181],[-120.64816,39.74226],[-120.64849,39.74243],[-120.64858,39.74256],[-120.6486,39.74269],[-120.64855,39.74286],[-120.64844,39.74298],[-120.64825,39.74307],[-120.64806,39.7431],[-120.64757,39.74297],[-120.64726,39.74273],[-120.64716,39.74262],[-120.64705,39.74197],[-120.64684,39.74142],[-120.64686,39.74125],[-120.64695,39.74111],[-120.64709,39.74101],[-120.6473,39.74095],[-120.64749,39.74096],[-120.64769,39.74103],[-120.64786,39.7412],[-120.6481,39.74181]]]}},{"type":"Feature","properties":{"class":"intermittent","width_ft":150},"geometry":{"type":"Polygon","coordinates":[[[-120.65384,39.73416],[-120.65399,39.73433],[-120.65403,39.73446],[-120.65402,39.73461],[-120.65394,39.73474],[-120.6538,39.73485],[-120.65359,39.73491],[-120.6534,39.73491],[-120.65322,39.73485],[-120.65309,39.73477],[-120.6529,39.73455],[-120.65277,39.73429],[-120.65268,39.73385],[-120.65277,39.73362],[-120.6529,39.73351],[-120.6531,39.73344],[-120.6533,39.73344],[-120.6535,39.7335],[-120.65371,39.73369],[-120.65384,39.73416]]]}},{"type":"Feature","properties":{"class":"intermittent","width_ft":150},"geometry":{"type":"Polygon","coordinates":[[[-120.6541,39.73542],[-120.65437,39.73701],[-120.65454,39.73735],[-120.65456,39.73748],[-120.65453,39.73763],[-120.6544,39.73777],[-120.65424,39.73785],[-120.65402,39.73788],[-120.65381,39.73785],[-120.65363,39.73774],[-120.65334,39.73726],[-120.65297,39.73533],[-120.65299,39.73515],[-120.65309,39.735],[-120.65324,39.73491],[-120.65343,39.73486],[-120.65365,39.73487],[-120.65382,39.73494],[-120.65395,39.73505],[-120.6541,39.73542]]]}},{"type":"Feature","properties":{"class":"intermittent","width_ft":150},"geometry":{"type":"Polygon","coordinates":[[[-120.60906,39.73069],[-120.60847,39.73094],[-120.60797,39.73109],[-120.60753,39.73119],[-120.6069,39.73126],[-120.60629,39.73146],[-120.60585,39.73149],[-120.60512,39.73142],[-120.60475,39.73092],[-120.60453,39.73041],[-120.60496,39.73056],[-120.60522,39.7306],[-120.60589,39.73066],[-120.60608,39.73065],[-120.60665,39.73046],[-120.60762,39.73031],[-120.6082,39.73012],[-120.60889,39.72981],[-120.60916,39.72977],[-120.60937,39.72982],[-120.60952,39.72991],[-120.60963,39.73006],[-120.60965,39.73021],[-120.6096,39.73036],[-120.6095,39.73046],[-120.60906,39.73069]]]}},{"type":"Feature","properties":{"class":"intermittent","width_ft":150},"geometry":{"type":"Polygon","coordinates":[[[-120.61507,39.7412],[-120.6145,39.7419],[-120.61415,39.74222],[-120.61395,39.74239],[-120.61356,39.74262],[-120.61303,39.7428],[-120.61254,39.74287],[-120.61207,39.74287],[-120.6116,39.74275],[-120.6114,39.74281],[-120.61114,39.74298],[-120.61083,39.74329],[-120.60991,39.74394],[-120.60922,39.74428],[-120.60878,39.74436],[-120.60831,39.74438],[-120.60805,39.74431],[-120.60789,39.74417],[-120.60783,39.74392],[-120.60789,39.74378],[-120.60799,39.74367],[-120.60823,39.74357],[-120.60883,39.74351],[-120.60915,39.74336],[-120.61004,39.74273],[-120.61049,39.74231],[-120.61089,39.74208],[-120.61151,39.74191],[-120.6118,39.74193],[-120.6123,39.74206],[-120.61271,39.74201],[-120.61305,39.7419],[-120.61323,39.74178],[-120.61364,39.74141],[-120.61409,39.74087],[-120.61427,39.74076],[-120.61443,39.74071],[-120.61462,39.74071],[-120.61478,39.74075],[-120.61502,39.74092],[-120.61507,39.74105],[-120.61507,39.7412]]]}},{"type":"Feature","properties":{"class":"intermittent","width_ft":150},"geometry":{"type":"Polygon","coordinates":[[[-120.63509,39.7475],[-120.63466,39.74797],[-120.63446,39.74831],[-120.63286,39.74964],[-120.63138,39.75001],[-120.63108,39.74998],[-120.63087,39.74984],[-120.63079,39.74971],[-120.63077,39.74958],[-120.63082,39.74943],[-120.63091,39.74932],[-120.63112,39.74922],[-120.63225,39.74895],[-120.63358,39.74782],[-120.63374,39.74754],[-120.63434,39.74691],[-120.63546,39.74619],[-120.63563,39.74616],[-120.63593,39.74615],[-120.63619,39.74622],[-120.63634,39.74634],[-120.63642,39.74648],[-120.63642,39.74665],[-120.63635,39.74679],[-120.63614,39.74693],[-120.63588,39.74698],[-120.63509,39.7475]]]}},{"type":"Feature","properties":{"class":"intermittent","width_ft":150},"geometry":{"type":"Polygon","coordinates":[[[-120.65823,39.7329],[-120.65809,39.73281],[-120.6575,39.73224],[-120.6574,39.73208],[-120.65739,39.73193],[-120.65746,39.73177],[-120.65759,39.73166],[-120.65778,39.73158],[-120.65803,39.73158],[-120.65826,39.73166],[-120.65883,39.7322],[-120.65904,39.73232],[-120.65915,39.73249],[-120.65912,39.73274],[-120.65902,39.73287],[-120.65888,39.73295],[-120.65859,39.733],[-120.65823,39.7329]]]}},{"type":"Feature","properties":{"class":"intermittent","width_ft":150},"geometry":{"type":"Polygon","coordinates":[[[-120.61244,39.7502],[-120.61209,39.75032],[-120.61173,39.75063],[-120.61126,39.75083],[-120.6101,39.75082],[-120.61034,39.75039],[-120.61059,39.75017],[-120.61107,39.74998],[-120.61145,39.74964],[-120.61201,39.74943],[-120.61231,39.74937],[-120.61267,39.74938],[-120.6129,39.74947],[-120.61304,39.74962],[-120.61308,39.74985],[-120.61296,39.75005],[-120.61273,39.75017],[-120.61244,39.7502]]]}},{"type":"Feature","properties":{"class":"intermittent","width_ft":150},"geometry":{"type":"Polygon","coordinates":[[[-120.61221,39.72517],[-120.61207,39.72559],[-120.61195,39.7257],[-120.61177,39.72577],[-120.61158,39.72579],[-120.61137,39.72575],[-120.6112,39.72564],[-120.61111,39.7255],[-120.61109,39.72531],[-120.61124,39.7248],[-120.61153,39.72452],[-120.61182,39.72441],[-120.61201,39.7244],[-120.6122,39.72443],[-120.61236,39.72452],[-120.61248,39.72467],[-120.61251,39.72482],[-120.61248,39.72494],[-120.61238,39.72507],[-120.61221,39.72517]]]}},{"type":"Feature","properties":{"class":"intermittent","width_ft":150},"geometry":{"type":"Polygon","coordinates":[[[-120.64983,39.73847],[-120.64972,39.73882],[-120.64953,39.73901],[-120.64922,39.73908],[-120.6489,39.739],[-120.64876,39.73887],[-120.64869,39.73871],[-120.64875,39.73847],[-120.64869,39.73808],[-120.6488,39.73788],[-120.64896,39.73776],[-120.64915,39.73772],[-120.64937,39.73773],[-120.64954,39.7378],[-120.64973,39.738],[-120.64983,39.73847]]]}},{"type":"Feature","properties":{"class":"intermittent","width_ft":150},"geometry":{"type":"Polygon","coordinates":[[[-120.62652,39.74188],[-120.62559,39.74279],[-120.62509,39.7435],[-120.62413,39.74451],[-120.62384,39.7449],[-120.62359,39.74512],[-120.6232,39.74562],[-120.62292,39.74614],[-120.62267,39.74645],[-120.62253,39.74678],[-120.62221,39.74729],[-120.62216,39.74762],[-120.62201,39.74809],[-120.62201,39.74833],[-120.62221,39.74927],[-120.6221,39.74963],[-120.62177,39.75011],[-120.62164,39.75022],[-120.62136,39.75031],[-120.62106,39.75027],[-120.62084,39.75011],[-120.62077,39.7499],[-120.62082,39.74974],[-120.62114,39.74926],[-120.62094,39.74845],[-120.62098,39.74787],[-120.62124,39.74692],[-120.62155,39.74645],[-120.62169,39.74612],[-120.62198,39.74574],[-120.62224,39.74526],[-120.62273,39.74464],[-120.62296,39.74444],[-120.62323,39.74405],[-120.62351,39.7438],[-120.6242,39.74303],[-120.6247,39.74233],[-120.62562,39.74143],[-120.62585,39.74112],[-120.62607,39.74099],[-120.62629,39.74096],[-120.62648,39.741],[-120.62666,39.74109],[-120.62676,39.74122],[-120.6268,39.74137],[-120.62678,39.7415],[-120.62652,39.74188]]]}},{"type":"Feature","properties":{"class":"intermittent","width_ft":150},"geometry":{"type":"Polygon","coordinates":[[[-120.65329,39.73326],[-120.65368,39.73364],[-120.65375,39.73389],[-120.65369,39.73404],[-120.65355,39.73417],[-120.65335,39.73424],[-120.65316,39.73425],[-120.65288,39.73416],[-120.65255,39.73386],[-120.65175,39.73335],[-120.65163,39.73318],[-120.65163,39.73299],[-120.6517,39.73285],[-120.65186,39.73273],[-120.65207,39.73267],[-120.65226,39.73267],[-120.65246,39.73274],[-120.65329,39.73326]]]}},{"type":"Feature","properties":{"class":"intermittent","width_ft":150},"geometry":{"type":"Polygon","coordinates":[[[-120.62166,39.73214],[-120.6211,39.73216],[-120.62026,39.73207],[-120.61991,39.73208],[-120.61933,39.73203],[-120.61846,39.73204],[-120.6179,39.73201],[-120.6177,39.73194],[-120.61756,39.73183],[-120.61749,39.73167],[-120.61749,39.73152],[-120.61766,39.7313],[-120.61782,39.73122],[-120.61799,39.73119],[-120.61941,39.7312],[-120.61994,39.73126],[-120.62032,39.73125],[-120.62115,39.73134],[-120.62194,39.73131],[-120.62211,39.73137],[-120.62227,39.7315],[-120.62234,39.73166],[-120.62232,39.73181],[-120.62224,39.73194],[-120.6221,39.73205],[-120.62166,39.73214]]]}},{"type":"Feature","properties":{"class":"intermittent","width_ft":150},"geometry":{"type":"Polygon","coordinates":[[[-120.61389,39.73003],[-120.6125,39.72988],[-120.61179,39.73007],[-120.61029,39.73016],[-120.61011,39.73019],[-120.60937,39.73054],[-120.60916,39.73059],[-120.60897,39.73057],[-120.60877,39.73049],[-120.60865,39.73038],[-120.60859,39.73021],[-120.60862,39.73004],[-120.60875,39.72988],[-120.60967,39.72944],[-120.61015,39.72934],[-120.61162,39.72925],[-120.61215,39.72909],[-120.61254,39.72905],[-120.61395,39.72923],[-120.6141,39.72928],[-120.61424,39.72939],[-120.61432,39.72952],[-120.61434,39.72967],[-120.61428,39.72981],[-120.61418,39.72992],[-120.61389,39.73003]]]}},{"type":"Feature","properties":{"class":"intermittent","width_ft":150},"geometry":{"type":"Polygon","coordinates":[[[-120.61362,39.72123],[-120.61233,39.72227],[-120.61159,39.72257],[-120.61129,39.72265],[-120.61079,39.72272],[-120.61003,39.72321],[-120.60999,39.72379],[-120.61012,39.72429],[-120.61008,39.72457],[-120.60967,39.72498],[-120.60951,39.72539],[-120.60929,39.72569],[-120.60916,39.72615],[-120.60895,39.72647],[-120.60874,39.72662],[-120.60854,39.72669],[-120.60829,39.72669],[-120.60809,39.72661],[-120.60792,39.72642],[-120.6079,39.72621],[-120.60815,39.72588],[-120.60828,39.72541],[-120.60852,39.72508],[-120.60867,39.72466],[-120.60884,39.72444],[-120.60902,39.72428],[-120.60892,39.72383],[-120.60892,39.72334],[-120.60901,39.72292],[-120.6092,39.72268],[-120.61028,39.72199],[-120.61054,39.72192],[-120.61109,39.72184],[-120.61169,39.72161],[-120.61267,39.7208],[-120.61302,39.72064],[-120.61324,39.72063],[-120.61343,39.72069],[-120.61357,39.72079],[-120.61367,39.72094],[-120.61368,39.72109],[-120.61362,39.72123]]]}},{"type":"Feature","properties":{"class":"intermittent","width_ft":150},"geometry":{"type":"Polygon","coordinates":[[[-120.66078,39.72854],[-120.66041,39.72889],[-120.65879,39.72987],[-120.65861,39.72992],[-120.65838,39.72991],[-120.65821,39.72984],[-120.65806,39.72971],[-120.658,39.72946],[-120.65812,39.72925],[-120.65968,39.72829],[-120.66015,39.72777],[-120.66038,39.72765],[-120.66057,39.72762],[-120.66079,39.72766],[-120.66096,39.72777],[-120.66106,39.7279],[-120.66109,39.72802],[-120.66106,39.72817],[-120.66078,39.72854]]]}},{"type":"Feature","properties":{"class":"intermittent","width_ft":150},"geometry":{"type":"Polygon","coordinates":[[[-120.63122,39.73884],[-120.63066,39.73954],[-120.63046,39.73971],[-120.63024,39.73981],[-120.63006,39.73984],[-120.62981,39.73982],[-120.62933,39.73963],[-120.62909,39.73978],[-120.62882,39.74001],[-120.6285,39.74009],[-120.62821,39.74003],[-120.628,39.73983],[-120.62797,39.73966],[-120.62804,39.73948],[-120.6283,39.73922],[-120.62862,39.73899],[-120.62895,39.73885],[-120.62935,39.73878],[-120.62958,39.7388],[-120.62989,39.73893],[-120.63032,39.73841],[-120.63054,39.73829],[-120.63084,39.73827],[-120.63113,39.73839],[-120.63126,39.7386],[-120.63122,39.73884]]]}},{"type":"Feature","properties":{"class":"intermittent","width_ft":150},"geometry":{"type":"Polygon","coordinates":[[[-120.66043,39.73025],[-120.66011,39.73018],[-120.65991,39.72998],[-120.6599,39.72973],[-120.65999,39.72959],[-120.66011,39.7295],[-120.66034,39.72943],[-120.66128,39.72938],[-120.66152,39.72942],[-120.66171,39.72955],[-120.66179,39.72969],[-120.66179,39.72986],[-120.66172,39.73],[-120.66157,39.73013],[-120.66134,39.7302],[-120.66043,39.73025]]]}},{"type":"Feature","properties":{"class":"intermittent","width_ft":150},"geometry":{"type":"Polygon","coordinates":[[[-120.61571,39.7181],[-120.61576,39.71831],[-120.61571,39.71874],[-120.61541,39.71906],[-120.6151,39.71922],[-120.6149,39.71968],[-120.61473,39.7198],[-120.61455,39.71985],[-120.61433,39.71984],[-120.61415,39.71977],[-120.61402,39.71966],[-120.61395,39.71952],[-120.61398,39.71917],[-120.61422,39.71875],[-120.61444,39.71857],[-120.61468,39.71845],[-120.6147,39.71837],[-120.61461,39.7181],[-120.61463,39.71788],[-120.6147,39.71774],[-120.61496,39.71749],[-120.61496,39.71742],[-120.61434,39.71673],[-120.6141,39.71626],[-120.61524,39.71627],[-120.61582,39.71688],[-120.61602,39.71727],[-120.61603,39.71761],[-120.61592,39.71786],[-120.61571,39.7181]]]}},{"type":"Feature","properties":{"class":"intermittent","width_ft":150},"geometry":{"type":"Polygon","coordinates":[[[-120.65929,39.73604],[-120.65902,39.73591],[-120.65853,39.73591],[-120.65726,39.73662],[-120.65653,39.73695],[-120.65513,39.73748],[-120.65469,39.73755],[-120.65447,39.73753],[-120.65417,39.73738],[-120.65402,39.7372],[-120.654,39.73707],[-120.65404,39.73692],[-120.65425,39.73673],[-120.65449,39.73667],[-120.65479,39.7367],[-120.65602,39.73623],[-120.65711,39.7357],[-120.65802,39.73516],[-120.6582,39.7351],[-120.65931,39.7351],[-120.66009,39.73544],[-120.6602,39.73559],[-120.66023,39.73574],[-120.66018,39.73588],[-120.66007,39.73601],[-120.65991,39.73609],[-120.65972,39.73613],[-120.65929,39.73604]]]}},{"type":"Feature","properties":{"class":"intermittent","width_ft":150},"geometry":{"type":"Polygon","coordinates":[[[-120.66022,39.73062],[-120.6598,39.73087],[-120.65886,39.73125],[-120.65855,39.73132],[-120.65811,39.73151],[-120.65774,39.73152],[-120.65755,39.73149],[-120.65735,39.73137],[-120.65724,39.7312],[-120.65726,39.73096],[-120.65746,39.73076],[-120.65764,39.7307],[-120.65784,39.73069],[-120.65813,39.73056],[-120.65843,39.7305],[-120.65927,39.73015],[-120.65948,39.73003],[-120.6601,39.72951],[-120.6603,39.72944],[-120.66052,39.72944],[-120.6607,39.7295],[-120.66086,39.72962],[-120.66094,39.72978],[-120.66093,39.72993],[-120.66083,39.7301],[-120.66022,39.73062]]]}},{"type":"Feature","properties":{"class":"intermittent","width_ft":150},"geometry":{"type":"Polygon","coordinates":[[[-120.61773,39.73109],[-120.61837,39.7313],[-120.61852,39.73148],[-120.61853,39.73169],[-120.61841,39.73188],[-120.61823,39.73198],[-120.61801,39.73202],[-120.61772,39.73198],[-120.61737,39.73188],[-120.61702,39.73171],[-120.61643,39.73117],[-120.61566,39.73014],[-120.61548,39.72995],[-120.61498,39.72985],[-120.61419,39.73003],[-120.61388,39.73005],[-120.61367,39.73002],[-120.61347,39.72994],[-120.61332,39.72979],[-120.61328,39.72962],[-120.61332,39.72946],[-120.61345,39.72932],[-120.61365,39.72923],[-120.61402,39.72922],[-120.61464,39.72906],[-120.61492,39.72903],[-120.61548,39.72908],[-120.616,39.72923],[-120.6164,39.7295],[-120.6173,39.73069],[-120.61752,39.73091],[-120.61773,39.73109]]]}},{"type":"Feature","properties":{"class":"intermittent","width_ft":150},"geometry":{"type":"Polygon","coordinates":[[[-120.61499,39.71934],[-120.61488,39.72034],[-120.61475,39.72057],[-120.61448,39.72079],[-120.61386,39.72118],[-120.61334,39.72142],[-120.61304,39.72144],[-120.61277,39.72133],[-120.61263,39.72112],[-120.61266,39.72087],[-120.61288,39.72067],[-120.61347,39.72038],[-120.61386,39.7201],[-120.61385,39.71979],[-120.61394,39.71936],[-120.6141,39.71914],[-120.61427,39.71906],[-120.61446,39.71903],[-120.61462,39.71904],[-120.61479,39.71911],[-120.61491,39.71921],[-120.61499,39.71934]]]}},{"type":"Feature","properties":{"class":"intermittent","width_ft":150},"geometry":{"type":"Polygon","coordinates":[[[-120.64983,39.73863],[-120.65016,39.7397],[-120.65049,39.74034],[-120.65046,39.74049],[-120.65035,39.74064],[-120.6502,39.74073],[-120.64999,39.74077],[-120.64967,39.74071],[-120.64947,39.74053],[-120.64914,39.73995],[-120.64887,39.739],[-120.64874,39.73884],[-120.64869,39.7387],[-120.64872,39.73853],[-120.64882,39.7384],[-120.649,39.7383],[-120.64919,39.73826],[-120.64938,39.73828],[-120.64953,39.73833],[-120.64983,39.73863]]]}},{"type":"Feature","properties":{"class":"intermittent","width_ft":150},"geometry":{"type":"Polygon","coordinates":[[[-120.629,39.73983],[-120.62822,39.74057],[-120.62697,39.74134],[-120.62657,39.74172],[-120.62639,39.74178],[-120.62617,39.74178],[-120.62596,39.74171],[-120.62583,39.74161],[-120.62574,39.74145],[-120.62576,39.74126],[-120.62615,39.74081],[-120.6267,39.74043],[-120.62749,39.73997],[-120.62819,39.73935],[-120.62836,39.73928],[-120.62855,39.73927],[-120.62874,39.73931],[-120.6289,39.7394],[-120.629,39.73953],[-120.62904,39.73968],[-120.629,39.73983]]]}},{"type":"Feature","properties":{"class":"intermittent","width_ft":150},"geometry":{"type":"Polygon","coordinates":[[[-120.6176,39.73948],[-120.61741,39.73978],[-120.61706,39.74012],[-120.61665,39.74034],[-120.6161,39.74075],[-120.61577,39.74088],[-120.61528,39.74113],[-120.61507,39.74132],[-120.61484,39.74146],[-120.61463,39.74152],[-120.61444,39.74152],[-120.61424,39.74145],[-120.6141,39.74134],[-120.61403,39.74123],[-120.61401,39.74108],[-120.61414,39.74084],[-120.61461,39.74049],[-120.61522,39.74017],[-120.61552,39.74006],[-120.61595,39.73972],[-120.6163,39.73954],[-120.61649,39.73935],[-120.61673,39.73896],[-120.61687,39.73885],[-120.61705,39.73879],[-120.61724,39.73878],[-120.61743,39.73883],[-120.61758,39.73892],[-120.61768,39.73905],[-120.61771,39.73918],[-120.6176,39.73948]]]}},{"type":"Feature","properties":{"class":"intermittent","width_ft":150},"geometry":{"type":"Polygon","coordinates":[[[-120.62139,39.75133],[-120.62142,39.75159],[-120.62136,39.75197],[-120.6212,39.7523],[-120.62058,39.75291],[-120.61973,39.75342],[-120.61926,39.75375],[-120.61916,39.75392],[-120.61908,39.75417],[-120.61916,39.75452],[-120.61806,39.75452],[-120.61801,39.75427],[-120.61802,39.75406],[-120.61815,39.75364],[-120.61836,39.75331],[-120.619,39.75281],[-120.61981,39.75234],[-120.6202,39.75198],[-120.62031,39.75181],[-120.62035,39.75156],[-120.6203,39.75124],[-120.62041,39.75103],[-120.62069,39.75089],[-120.62102,39.7509],[-120.62128,39.75106],[-120.62139,39.75133]]]}},{"type":"Feature","properties":{"class":"ephemeral","width_ft":100},"geometry":{"type":"Polygon","coordinates":[[[-120.64232,39.75602],[-120.64165,39.7572],[-120.64144,39.75747],[-120.64136,39.75771],[-120.64099,39.75815],[-120.64062,39.75877],[-120.63986,39.75966],[-120.63966,39.76041],[-120.63966,39.7609],[-120.63951,39.76179],[-120.63935,39.76237],[-120.63906,39.7629],[-120.63887,39.76299],[-120.63867,39.76297],[-120.6385,39.76287],[-120.63844,39.76269],[-120.63867,39.76222],[-120.6388,39.76172],[-120.63895,39.76085],[-120.63896,39.76034],[-120.6392,39.75945],[-120.64001,39.75849],[-120.64036,39.7579],[-120.64071,39.75747],[-120.64078,39.75726],[-120.64101,39.75697],[-120.64164,39.75585],[-120.64172,39.75561],[-120.64185,39.75549],[-120.64212,39.75545],[-120.64235,39.75557],[-120.6424,39.75573],[-120.64232,39.75602]]]}},{"type":"Feature","properties":{"class":"ephemeral","width_ft":100},"geometry":{"type":"Polygon","coordinates":[[[-120.65351,39.735],[-120.65367,39.73503],[-120.6538,39.73512],[-120.65386,39.73525],[-120.65383,39.73538],[-120.65373,39.73548],[-120.6536,39.73553],[-120.65321,39.73552],[-120.65261,39.73512],[-120.6521,39.73496],[-120.6515,39.73459],[-120.65082,39.73449],[-120.65024,39.73423],[-120.6501,39.73409],[-120.65011,39.73391],[-120.65025,39.73377],[-120.65048,39.73373],[-120.65107,39.73397],[-120.65179,39.73408],[-120.65247,39.73448],[-120.653,39.73466],[-120.65351,39.735]]]}},{"type":"Feature","properties":{"class":"ephemeral","width_ft":100},"geometry":{"type":"Polygon","coordinates":[[[-120.66364,39.73404],[-120.66266,39.73497],[-120.66194,39.73546],[-120.66173,39.7355],[-120.6615,39.73563],[-120.66076,39.73588],[-120.65969,39.73599],[-120.65951,39.73595],[-120.65938,39.73585],[-120.65935,39.73564],[-120.65952,39.73547],[-120.66059,39.73534],[-120.66115,39.73515],[-120.66147,39.73497],[-120.66163,39.73495],[-120.66214,39.7346],[-120.66304,39.73374],[-120.66332,39.73337],[-120.66378,39.7329],[-120.66396,39.73282],[-120.66416,39.73283],[-120.66432,39.73292],[-120.6644,39.73306],[-120.66418,39.73319],[-120.66422,39.73336],[-120.66391,39.73368],[-120.66364,39.73404]]]}},{"type":"Feature","properties":{"class":"ephemeral","width_ft":100},"geometry":{"type":"Polygon","coordinates":[[[-120.62989,39.73599],[-120.62945,39.7361],[-120.62913,39.73628],[-120.62728,39.73673],[-120.6261,39.73678],[-120.6259,39.73671],[-120.6258,39.73656],[-120.62585,39.73636],[-120.62604,39.73625],[-120.62717,39.73618],[-120.62741,39.73614],[-120.62883,39.73577],[-120.62912,39.73561],[-120.62956,39.7355],[-120.63016,39.73521],[-120.63033,39.7352],[-120.63047,39.73523],[-120.63063,39.7354],[-120.63059,39.73561],[-120.63049,39.73569],[-120.62989,39.73599]]]}},{"type":"Feature","properties":{"class":"ephemeral","width_ft":100},"geometry":{"type":"Polygon","coordinates":[[[-120.63686,39.75206],[-120.6368,39.75283],[-120.63663,39.7533],[-120.63645,39.75346],[-120.63618,39.75347],[-120.63601,39.75337],[-120.63594,39.75322],[-120.63603,39.75284],[-120.6361,39.75272],[-120.63616,39.75217],[-120.6361,39.752],[-120.63612,39.75188],[-120.6363,39.75172],[-120.63656,39.75171],[-120.63675,39.75182],[-120.63686,39.75206]]]}},{"type":"Feature","properties":{"class":"ephemeral","width_ft":100},"geometry":{"type":"Polygon","coordinates":[[[-120.65264,39.72956],[-120.65298,39.73012],[-120.65313,39.73053],[-120.65315,39.73118],[-120.65327,39.73167],[-120.6537,39.73255],[-120.65386,39.73316],[-120.65377,39.73349],[-120.65353,39.73397],[-120.65343,39.73407],[-120.65326,39.73412],[-120.65301,39.73407],[-120.65287,39.7339],[-120.65287,39.73378],[-120.65314,39.73318],[-120.65302,39.73271],[-120.65259,39.73183],[-120.65244,39.73124],[-120.65244,39.73065],[-120.65221,39.73014],[-120.65257,39.72949],[-120.65264,39.72956]]]}},{"type":"Feature","properties":{"class":"ephemeral","width_ft":100},"geometry":{"type":"Polygon","coordinates":[[[-120.61977,39.73737],[-120.62006,39.7374],[-120.62024,39.73754],[-120.62025,39.73775],[-120.62006,39.7379],[-120.61963,39.73792],[-120.61898,39.73774],[-120.61832,39.73741],[-120.61823,39.73731],[-120.61822,39.73716],[-120.61837,39.73699],[-120.61864,39.73695],[-120.61929,39.73724],[-120.61977,39.73737]]]}},{"type":"Feature","properties":{"class":"ephemeral","width_ft":100},"geometry":{"type":"Polygon","coordinates":[[[-120.62183,39.73734],[-120.6219,39.73769],[-120.62185,39.73784],[-120.62162,39.73796],[-120.62135,39.73793],[-120.62121,39.73778],[-120.62112,39.73739],[-120.62104,39.73551],[-120.62115,39.73511],[-120.62127,39.73501],[-120.62142,39.73497],[-120.62168,39.73502],[-120.62182,39.73521],[-120.62175,39.73554],[-120.62183,39.73734]]]}},{"type":"Feature","properties":{"class":"ephemeral","width_ft":100},"geometry":{"type":"Polygon","coordinates":[[[-120.6104,39.71937],[-120.61017,39.71965],[-120.60979,39.71988],[-120.60838,39.72098],[-120.60812,39.72104],[-120.60788,39.72094],[-120.6078,39.72078],[-120.60787,39.72061],[-120.60931,39.71948],[-120.60964,39.71928],[-120.60973,39.71918],[-120.60981,39.71895],[-120.60993,39.71884],[-120.6102,39.7188],[-120.61042,39.71892],[-120.61048,39.71908],[-120.6104,39.71937]]]}},{"type":"Feature","properties":{"class":"ephemeral","width_ft":100},"geometry":{"type":"Polygon","coordinates":[[[-120.62534,39.7246],[-120.62452,39.72489],[-120.62343,39.72518],[-120.62213,39.7253],[-120.62156,39.72517],[-120.62102,39.72494],[-120.62077,39.72476],[-120.62071,39.72459],[-120.62081,39.7244],[-120.62107,39.72432],[-120.62124,39.72436],[-120.62142,39.72449],[-120.62185,39.72467],[-120.62216,39.72475],[-120.62325,39.72465],[-120.62426,39.72438],[-120.625,39.72412],[-120.62534,39.7246]]]}},{"type":"Feature","properties":{"class":"ephemeral","width_ft":100},"geometry":{"type":"Polygon","coordinates":[[[-120.61938,39.72793],[-120.61869,39.72815],[-120.61757,39.72831],[-120.61731,39.72839],[-120.61717,39.7285],[-120.61703,39.72854],[-120.61676,39.72849],[-120.61662,39.72831],[-120.61667,39.72812],[-120.61698,39.7279],[-120.61738,39.72778],[-120.6185,39.72762],[-120.61899,39.72747],[-120.61935,39.72729],[-120.61972,39.7273],[-120.61992,39.72745],[-120.61992,39.72766],[-120.61979,39.72778],[-120.61956,39.72783],[-120.61938,39.72793]]]}},{"type":"Feature","properties":{"class":"ephemeral","width_ft":100},"geometry":{"type":"Polygon","coordinates":[[[-120.61279,39.72701],[-120.6113,39.72742],[-120.61015,39.72736],[-120.60953,39.72711],[-120.60919,39.72685],[-120.60882,39.72645],[-120.60879,39.72626],[-120.60895,39.72609],[-120.6091,39.72606],[-120.60924,39.72607],[-120.6094,39.72614],[-120.60972,39.72648],[-120.60995,39.72666],[-120.61033,39.72682],[-120.61118,39.72687],[-120.61267,39.72644],[-120.61288,39.72644],[-120.61307,39.72654],[-120.61314,39.72673],[-120.61303,39.7269],[-120.61279,39.72701]]]}},{"type":"Feature","properties":{"class":"ephemeral","width_ft":100},"geometry":{"type":"Polygon","coordinates":[[[-120.61312,39.72296],[-120.61275,39.72402],[-120.61228,39.72451],[-120.61233,39.7248],[-120.61229,39.72492],[-120.61209,39.72506],[-120.61182,39.72505],[-120.6117,39.72498],[-120.61163,39.72487],[-120.61158,39.72435],[-120.6121,39.72379],[-120.61215,39.72368],[-120.61242,39.72289],[-120.61256,39.72161],[-120.61277,39.72107],[-120.61288,39.72098],[-120.61306,39.72093],[-120.61331,39.721],[-120.61343,39.72119],[-120.61326,39.72173],[-120.61312,39.72296]]]}},{"type":"Feature","properties":{"class":"ephemeral","width_ft":100},"geometry":{"type":"Polygon","coordinates":[[[-120.62998,39.73769],[-120.6299,39.73779],[-120.6292,39.73834],[-120.6289,39.73866],[-120.62872,39.73915],[-120.62886,39.73965],[-120.62881,39.73981],[-120.6286,39.73994],[-120.62833,39.73992],[-120.62817,39.73977],[-120.628,39.73916],[-120.62826,39.73841],[-120.62866,39.73797],[-120.62932,39.73747],[-120.6294,39.73726],[-120.62955,39.73715],[-120.6298,39.73712],[-120.63002,39.73725],[-120.63007,39.73741],[-120.62998,39.73769]]]}},{"type":"Feature","properties":{"class":"ephemeral","width_ft":100},"geometry":{"type":"Polygon","coordinates":[[[-120.65731,39.73922],[-120.65717,39.73919],[-120.65702,39.73909],[-120.65673,39.73902],[-120.65567,39.73846],[-120.65501,39.73855],[-120.65386,39.73928],[-120.65295,39.73976],[-120.6526,39.73998],[-120.65235,39.74021],[-120.65184,39.7405],[-120.65121,39.74072],[-120.65102,39.74084],[-120.65034,39.74098],[-120.64984,39.74098],[-120.64955,39.7409],[-120.6494,39.74074],[-120.64942,39.74056],[-120.6496,39.74042],[-120.64975,39.7404],[-120.65025,39.74043],[-120.65068,39.74035],[-120.65084,39.74024],[-120.65147,39.74002],[-120.65189,39.73979],[-120.65211,39.73957],[-120.65249,39.73934],[-120.65344,39.73883],[-120.65399,39.73846],[-120.65465,39.73807],[-120.65477,39.73802],[-120.65545,39.73791],[-120.65588,39.73792],[-120.65707,39.73854],[-120.65734,39.73859],[-120.65749,39.73868],[-120.65767,39.73872],[-120.65783,39.73889],[-120.6578,39.73909],[-120.6576,39.73921],[-120.65731,39.73922]]]}},{"type":"Feature","properties":{"class":"ephemeral","width_ft":100},"geometry":{"type":"Polygon","coordinates":[[[-120.64759,39.74304],[-120.64773,39.7431],[-120.64782,39.74321],[-120.64784,39.74334],[-120.64778,39.74346],[-120.64767,39.74354],[-120.64751,39.74358],[-120.64716,39.74351],[-120.64683,39.74318],[-120.64669,39.74276],[-120.64582,39.74198],[-120.64551,39.74174],[-120.6452,39.74173],[-120.64502,39.74163],[-120.64495,39.74146],[-120.64504,39.74129],[-120.64528,39.74119],[-120.64571,39.7412],[-120.6459,39.74126],[-120.64635,39.74162],[-120.6473,39.74246],[-120.64748,39.74294],[-120.64759,39.74304]]]}},{"type":"Feature","properties":{"class":"ephemeral","width_ft":100},"geometry":{"type":"Polygon","coordinates":[[[-120.6176,39.71671],[-120.61632,39.71804],[-120.61616,39.71833],[-120.61543,39.71907],[-120.61465,39.71967],[-120.61444,39.71971],[-120.61423,39.71965],[-120.61411,39.71947],[-120.61417,39.71929],[-120.61489,39.71871],[-120.61555,39.71804],[-120.61571,39.71775],[-120.61696,39.71646],[-120.6176,39.71671]]]}},{"type":"Feature","properties":{"class":"ephemeral","width_ft":100},"geometry":{"type":"Polygon","coordinates":[[[-120.64022,39.75677],[-120.63996,39.75705],[-120.63908,39.75781],[-120.63728,39.75858],[-120.63678,39.7587],[-120.63638,39.75891],[-120.63615,39.75892],[-120.63595,39.75879],[-120.6359,39.75866],[-120.63596,39.75851],[-120.63642,39.75822],[-120.63699,39.75808],[-120.63867,39.75736],[-120.6396,39.75651],[-120.63984,39.75609],[-120.64006,39.75599],[-120.64033,39.75604],[-120.64047,39.75622],[-120.64046,39.75636],[-120.64022,39.75677]]]}},{"type":"Feature","properties":{"class":"ephemeral","width_ft":100},"geometry":{"type":"Polygon","coordinates":[[[-120.62275,39.72104],[-120.62191,39.72208],[-120.62133,39.72264],[-120.62042,39.72324],[-120.61982,39.72353],[-120.61919,39.72375],[-120.61882,39.72394],[-120.61805,39.72395],[-120.6179,39.72392],[-120.6178,39.72384],[-120.61773,39.72364],[-120.61779,39.72353],[-120.61789,39.72345],[-120.61805,39.72341],[-120.6186,39.72341],[-120.61882,39.72328],[-120.61947,39.72305],[-120.62,39.72279],[-120.6208,39.72228],[-120.62133,39.72176],[-120.62208,39.72085],[-120.62227,39.72052],[-120.62264,39.72089],[-120.62275,39.72104]]]}},{"type":"Feature","properties":{"class":"ephemeral","width_ft":100},"geometry":{"type":"Polygon","coordinates":[[[-120.63555,39.76497],[-120.63543,39.76551],[-120.63475,39.76531],[-120.63494,39.7646],[-120.63503,39.76441],[-120.63519,39.76431],[-120.63546,39.76431],[-120.63565,39.76445],[-120.63568,39.76461],[-120.63555,39.76497]]]}},{"type":"Feature","properties":{"class":"ephemeral","width_ft":100},"geometry":{"type":"Polygon","coordinates":[[[-120.61244,39.71778],[-120.61189,39.71845],[-120.61176,39.71938],[-120.61162,39.71994],[-120.61099,39.72151],[-120.61097,39.72173],[-120.61078,39.72189],[-120.61051,39.72189],[-120.61038,39.72183],[-120.6103,39.72173],[-120.61029,39.72143],[-120.61092,39.71983],[-120.61106,39.71928],[-120.6112,39.71828],[-120.61178,39.71758],[-120.61194,39.71718],[-120.61214,39.71705],[-120.61241,39.71707],[-120.61259,39.71724],[-120.61259,39.71738],[-120.61244,39.71778]]]}},{"type":"Feature","properties":{"class":"ephemeral","width_ft":100},"geometry":{"type":"Polygon","coordinates":[[[-120.66192,39.72735],[-120.66089,39.72827],[-120.66056,39.72831],[-120.66031,39.72823],[-120.6602,39.72804],[-120.66029,39.72785],[-120.66051,39.72776],[-120.66103,39.72729],[-120.66192,39.72735]]]}},{"type":"Feature","properties":{"class":"ephemeral","width_ft":100},"geometry":{"type":"Polygon","coordinates":[[[-120.64565,39.74395],[-120.6459,39.74467],[-120.64606,39.74482],[-120.64611,39.74504],[-120.646,39.74524],[-120.64575,39.74531],[-120.6455,39.74523],[-120.64526,39.74493],[-120.6451,39.74456],[-120.64495,39.74405],[-120.64488,39.74319],[-120.64495,39.74306],[-120.64511,39.74296],[-120.64539,39.74298],[-120.64557,39.74313],[-120.64565,39.74395]]]}},{"type":"Feature","properties":{"class":"ephemeral","width_ft":100},"geometry":{"type":"Polygon","coordinates":[[[-120.66304,39.73704],[-120.66297,39.73656],[-120.663,39.73643],[-120.6632,39.73628],[-120.66347,39.73629],[-120.66364,39.73641],[-120.66333,39.7369],[-120.66301,39.73723],[-120.66304,39.73704]]]}},{"type":"Feature","properties":{"class":"ephemeral","width_ft":100},"geometry":{"type":"Polygon","coordinates":[[[-120.62942,39.74284],[-120.62883,39.74375],[-120.62834,39.74499],[-120.62797,39.74604],[-120.62745,39.74706],[-120.6271,39.74741],[-120.62686,39.74759],[-120.62662,39.74772],[-120.62643,39.74776],[-120.62611,39.74773],[-120.62595,39.74758],[-120.62595,39.74738],[-120.6261,39.74726],[-120.62641,39.74717],[-120.62683,39.7468],[-120.6273,39.74588],[-120.62765,39.74484],[-120.62816,39.74356],[-120.62884,39.74261],[-120.6291,39.74255],[-120.62934,39.74266],[-120.62942,39.74284]]]}},{"type":"Feature","properties":{"class":"ephemeral","width_ft":100},"geometry":{"type":"Polygon","coordinates":[[[-120.62161,39.74026],[-120.62063,39.74002],[-120.62049,39.73984],[-120.62056,39.73964],[-120.62071,39.73955],[-120.62089,39.73953],[-120.62168,39.73972],[-120.62249,39.73972],[-120.62264,39.73978],[-120.62273,39.73987],[-120.62274,39.74008],[-120.62255,39.74023],[-120.62161,39.74026]]]}},{"type":"Feature","properties":{"class":"ephemeral","width_ft":100},"geometry":{"type":"Polygon","coordinates":[[[-120.64601,39.75632],[-120.64509,39.75722],[-120.64494,39.75727],[-120.6447,39.75727],[-120.64456,39.75723],[-120.64445,39.75715],[-120.64439,39.757],[-120.64444,39.75685],[-120.64456,39.75676],[-120.64472,39.75672],[-120.64536,39.7561],[-120.64543,39.75592],[-120.64554,39.75582],[-120.64581,39.75578],[-120.64604,39.75589],[-120.6461,39.75606],[-120.64601,39.75632]]]}},{"type":"Feature","properties":{"class":"ephemeral","width_ft":100},"geometry":{"type":"Polygon","coordinates":[[[-120.63189,39.7503],[-120.63189,39.75043],[-120.63174,39.75084],[-120.63114,39.75186],[-120.63092,39.75209],[-120.62933,39.75414],[-120.62887,39.75455],[-120.62788,39.75455],[-120.62798,39.75451],[-120.62875,39.75382],[-120.63032,39.7518],[-120.63052,39.75159],[-120.63107,39.75065],[-120.63118,39.75036],[-120.63102,39.74992],[-120.63104,39.74981],[-120.63112,39.74971],[-120.63137,39.74963],[-120.63162,39.7497],[-120.63171,39.74981],[-120.63189,39.7503]]]}},{"type":"Feature","properties":{"class":"ephemeral","width_ft":100},"geometry":{"type":"Polygon","coordinates":[[[-120.60851,39.72095],[-120.60844,39.7211],[-120.60814,39.72133],[-120.60755,39.72195],[-120.60729,39.72202],[-120.60705,39.72193],[-120.60696,39.72179],[-120.60699,39.72162],[-120.6076,39.72098],[-120.6078,39.72082],[-120.60782,39.72068],[-120.60791,39.72056],[-120.60813,39.72049],[-120.60838,39.72055],[-120.6085,39.7207],[-120.60851,39.72095]]]}},{"type":"Feature","properties":{"class":"ephemeral","width_ft":100},"geometry":{"type":"Polygon","coordinates":[[[-120.66288,39.73182],[-120.66124,39.73155],[-120.66024,39.7316],[-120.65909,39.73175],[-120.6588,39.73184],[-120.65811,39.73221],[-120.65797,39.73225],[-120.65782,39.73224],[-120.65769,39.73219],[-120.6576,39.7321],[-120.65756,39.73199],[-120.6576,39.73186],[-120.6577,39.73176],[-120.65844,39.73136],[-120.65887,39.73123],[-120.66015,39.73105],[-120.66124,39.731],[-120.66325,39.73132],[-120.66339,39.73148],[-120.66336,39.73168],[-120.66317,39.73181],[-120.66288,39.73182]]]}},{"type":"Feature","properties":{"class":"ephemeral","width_ft":100},"geometry":{"type":"Polygon","coordinates":[[[-120.62279,39.74042],[-120.62238,39.74034],[-120.62211,39.74013],[-120.62206,39.73993],[-120.62221,39.73975],[-120.62246,39.73971],[-120.6226,39.73975],[-120.62273,39.73985],[-120.62289,39.73987],[-120.6237,39.73993],[-120.62385,39.73999],[-120.62395,39.74011],[-120.62393,39.74032],[-120.62373,39.74046],[-120.62279,39.74042]]]}},{"type":"Feature","properties":{"class":"ephemeral","width_ft":100},"geometry":{"type":"MultiPolygon","coordinates":[[[[-120.63053,39.73311],[-120.63125,39.73282],[-120.63197,39.73319],[-120.63205,39.73332],[-120.63205,39.73346],[-120.63188,39.73363],[-120.63161,39.73365],[-120.63053,39.73311]]],[[[-120.62953,39.73258],[-120.62942,39.73249],[-120.62938,39.73236],[-120.62941,39.73224],[-120.62952,39.73214],[-120.62965,39.73209],[-120.6298,39.73209],[-120.63014,39.73225],[-120.62992,39.7328],[-120.62953,39.73258]]]]}},{"type":"Feature","properties":{"class":"ephemeral","width_ft":100},"geometry":{"type":"Polygon","coordinates":[[[-120.61311,39.74358],[-120.61301,39.74368],[-120.61212,39.74425],[-120.61143,39.74449],[-120.61064,39.74468],[-120.60907,39.74462],[-120.60815,39.7442],[-120.60805,39.74411],[-120.608,39.744],[-120.60803,39.74387],[-120.60811,39.74378],[-120.60823,39.74372],[-120.60838,39.7437],[-120.60854,39.74374],[-120.60928,39.74408],[-120.61055,39.74413],[-120.61118,39.74398],[-120.61175,39.74378],[-120.61249,39.7433],[-120.61268,39.743],[-120.61289,39.74292],[-120.61312,39.74297],[-120.61327,39.74313],[-120.61327,39.74327],[-120.61311,39.74358]]]}},{"type":"Feature","properties":{"class":"ephemeral","width_ft":100},"geometry":{"type":"Polygon","coordinates":[[[-120.63752,39.73405],[-120.63745,39.73483],[-120.63726,39.73497],[-120.63699,39.73497],[-120.63683,39.73487],[-120.63677,39.73472],[-120.63682,39.73396],[-120.637,39.7335],[-120.63775,39.73261],[-120.63792,39.73253],[-120.63812,39.73254],[-120.63833,39.73267],[-120.63835,39.73288],[-120.63766,39.73371],[-120.63752,39.73405]]]}},{"type":"Feature","properties":{"class":"ephemeral","width_ft":100},"geometry":{"type":"Polygon","coordinates":[[[-120.62098,39.72486],[-120.61999,39.72458],[-120.6196,39.72436],[-120.6195,39.72416],[-120.61961,39.72397],[-120.61979,39.7239],[-120.61999,39.72391],[-120.6203,39.72408],[-120.62077,39.72418],[-120.62123,39.72436],[-120.62139,39.72449],[-120.62139,39.7247],[-120.6212,39.72485],[-120.62098,39.72486]]]}},{"type":"Feature","properties":{"class":"ephemeral","width_ft":100},"geometry":{"type":"Polygon","coordinates":[[[-120.61112,39.72324],[-120.61039,39.72423],[-120.60999,39.72491],[-120.60965,39.72563],[-120.60953,39.72643],[-120.60934,39.72657],[-120.60906,39.72657],[-120.60891,39.72647],[-120.60886,39.72633],[-120.60897,39.72548],[-120.60932,39.72471],[-120.60976,39.72398],[-120.61045,39.72306],[-120.61054,39.72281],[-120.61066,39.72272],[-120.61092,39.72268],[-120.61115,39.72279],[-120.61121,39.72295],[-120.61112,39.72324]]]}},{"type":"Feature","properties":{"class":"ephemeral","width_ft":100},"geometry":{"type":"Polygon","coordinates":[[[-120.62043,39.75056],[-120.621,39.7511],[-120.62097,39.75131],[-120.62076,39.75144],[-120.62059,39.75145],[-120.62043,39.75139],[-120.61926,39.75043],[-120.61918,39.75028],[-120.61921,39.75013],[-120.61941,39.74999],[-120.61968,39.75],[-120.62043,39.75056]]]}},{"type":"Feature","properties":{"class":"ephemeral","width_ft":100},"geometry":{"type":"Polygon","coordinates":[[[-120.66105,39.73753],[-120.66115,39.73763],[-120.66119,39.73775],[-120.66115,39.73788],[-120.66102,39.73798],[-120.66088,39.73802],[-120.66073,39.73801],[-120.66051,39.73793],[-120.66039,39.73784],[-120.66034,39.73772],[-120.66034,39.73751],[-120.66,39.73654],[-120.65976,39.7362],[-120.65935,39.73579],[-120.65937,39.73561],[-120.65951,39.73548],[-120.65971,39.73544],[-120.65989,39.73548],[-120.66036,39.73591],[-120.66068,39.73635],[-120.66105,39.73753]]]}},{"type":"Feature","properties":{"class":"ephemeral","width_ft":100},"geometry":{"type":"Polygon","coordinates":[[[-120.61099,39.72168],[-120.61029,39.72256],[-120.60999,39.7228],[-120.60968,39.72314],[-120.60954,39.7234],[-120.60933,39.72363],[-120.60909,39.72416],[-120.60902,39.7248],[-120.60874,39.72566],[-120.60877,39.72636],[-120.6087,39.72647],[-120.60858,39.72654],[-120.60844,39.72657],[-120.60829,39.72655],[-120.60815,39.72646],[-120.60808,39.72635],[-120.60803,39.72563],[-120.60832,39.7247],[-120.6084,39.72401],[-120.60869,39.72338],[-120.60891,39.72314],[-120.60907,39.72286],[-120.60944,39.72245],[-120.60972,39.72223],[-120.61022,39.72157],[-120.61046,39.7214],[-120.61069,39.72136],[-120.61092,39.72147],[-120.61099,39.72168]]]}},{"type":"Feature","properties":{"class":"ephemeral","width_ft":100},"geometry":{"type":"Polygon","coordinates":[[[-120.63395,39.73515],[-120.63374,39.73526],[-120.63347,39.73524],[-120.63331,39.73507],[-120.63333,39.73487],[-120.63396,39.73411],[-120.63462,39.73346],[-120.63481,39.73337],[-120.63505,39.73339],[-120.63523,39.73355],[-120.63521,39.73376],[-120.63454,39.73443],[-120.63395,39.73515]]]}},{"type":"Feature","properties":{"class":"ephemeral","width_ft":100},"geometry":{"type":"Polygon","coordinates":[[[-120.6156,39.73864],[-120.61488,39.7412],[-120.6147,39.74136],[-120.61443,39.74138],[-120.61423,39.74125],[-120.61419,39.74107],[-120.61489,39.73855],[-120.61518,39.73722],[-120.61529,39.73707],[-120.6155,39.73701],[-120.61576,39.73708],[-120.61588,39.73727],[-120.6156,39.73864]]]}},{"type":"Feature","properties":{"class":"ephemeral","width_ft":100},"geometry":{"type":"Polygon","coordinates":[[[-120.61436,39.71644],[-120.61401,39.71777],[-120.61271,39.72083],[-120.61181,39.7216],[-120.61108,39.7219],[-120.61062,39.72191],[-120.61046,39.72187],[-120.61035,39.7218],[-120.61029,39.72168],[-120.6103,39.72155],[-120.61038,39.72144],[-120.61056,39.72137],[-120.61089,39.72136],[-120.61141,39.72114],[-120.61209,39.72055],[-120.61332,39.71762],[-120.61353,39.71675],[-120.61365,39.71648],[-120.6136,39.71626],[-120.61432,39.71626],[-120.61436,39.71644]]]}},{"type":"Feature","properties":{"class":"ephemeral","width_ft":100},"geometry":{"type":"Polygon","coordinates":[[[-120.62168,39.75016],[-120.62163,39.7503],[-120.62116,39.75088],[-120.62114,39.751],[-120.62094,39.75135],[-120.6207,39.75145],[-120.62044,39.7514],[-120.62032,39.75126],[-120.62032,39.7511],[-120.62045,39.75086],[-120.62048,39.75068],[-120.62096,39.75009],[-120.62095,39.74986],[-120.62104,39.74972],[-120.62129,39.74963],[-120.62154,39.7497],[-120.62165,39.74985],[-120.62168,39.75016]]]}},{"type":"Feature","properties":{"class":"ephemeral","width_ft":100},"geometry":{"type":"Polygon","coordinates":[[[-120.65478,39.732],[-120.65478,39.73258],[-120.65449,39.7337],[-120.65426,39.73417],[-120.65411,39.73432],[-120.65404,39.7345],[-120.65395,39.7346],[-120.65363,39.73476],[-120.65338,39.73476],[-120.65319,39.73464],[-120.65315,39.73446],[-120.65322,39.73433],[-120.6534,39.73423],[-120.65346,39.73407],[-120.65362,39.73392],[-120.6538,39.73355],[-120.65407,39.7325],[-120.65407,39.73206],[-120.654,39.73176],[-120.65407,39.7316],[-120.65431,39.73149],[-120.65457,39.73154],[-120.65469,39.73167],[-120.65478,39.732]]]}},{"type":"Feature","properties":{"class":"ephemeral","width_ft":100},"geometry":{"type":"Polygon","coordinates":[[[-120.62106,39.75108],[-120.62117,39.75119],[-120.62118,39.75133],[-120.6211,39.75146],[-120.62095,39.75154],[-120.6208,39.75156],[-120.62066,39.75153],[-120.62041,39.75138],[-120.62032,39.75127],[-120.62034,39.75106],[-120.62054,39.75092],[-120.62077,39.75092],[-120.62106,39.75108]]]}},{"type":"Feature","properties":{"class":"ephemeral","width_ft":100},"geometry":{"type":"Polygon","coordinates":[[[-120.6196,39.72979],[-120.61862,39.72961],[-120.61789,39.7293],[-120.61669,39.72844],[-120.61661,39.72826],[-120.61669,39.7281],[-120.61688,39.728],[-120.61712,39.72802],[-120.61831,39.72886],[-120.61887,39.7291],[-120.61973,39.72925],[-120.62033,39.72931],[-120.62048,39.72937],[-120.62056,39.72946],[-120.62056,39.72967],[-120.62037,39.72982],[-120.62021,39.72984],[-120.6196,39.72979]]]}},{"type":"Feature","properties":{"class":"ephemeral","width_ft":100},"geometry":{"type":"Polygon","coordinates":[[[-120.60757,39.71626],[-120.60735,39.71674],[-120.60729,39.71708],[-120.60729,39.71747],[-120.60713,39.7182],[-120.60663,39.71878],[-120.60646,39.71886],[-120.60626,39.71884],[-120.60608,39.71872],[-120.60603,39.71854],[-120.60646,39.718],[-120.60658,39.71742],[-120.60658,39.71702],[-120.60665,39.71662],[-120.60674,39.71641],[-120.60757,39.71626]]]}},{"type":"Feature","properties":{"class":"ephemeral","width_ft":100},"geometry":{"type":"Polygon","coordinates":[[[-120.62014,39.71933],[-120.61871,39.72084],[-120.61781,39.7217],[-120.61744,39.72215],[-120.61693,39.72261],[-120.61605,39.72329],[-120.61584,39.72333],[-120.61562,39.72327],[-120.6155,39.72309],[-120.61557,39.7229],[-120.61687,39.72183],[-120.61722,39.72139],[-120.61814,39.72051],[-120.61961,39.71893],[-120.61997,39.71917],[-120.62014,39.71933]]]}},{"type":"Feature","properties":{"class":"ephemeral","width_ft":100},"geometry":{"type":"Polygon","coordinates":[[[-120.62319,39.74375],[-120.62267,39.74364],[-120.62165,39.74353],[-120.62124,39.74344],[-120.62088,39.74349],[-120.61995,39.74331],[-120.61964,39.74316],[-120.61942,39.74297],[-120.61935,39.74284],[-120.61936,39.74271],[-120.61951,39.74257],[-120.61976,39.74254],[-120.61991,39.74259],[-120.62024,39.7428],[-120.62039,39.74284],[-120.62093,39.74293],[-120.62134,39.74288],[-120.62178,39.74299],[-120.62284,39.7431],[-120.62334,39.74323],[-120.6235,39.74332],[-120.62355,39.74353],[-120.6234,39.74371],[-120.62319,39.74375]]]}},{"type":"Feature","properties":{"class":"ephemeral","width_ft":100},"geometry":{"type":"Polygon","coordinates":[[[-120.63084,39.74446],[-120.63098,39.74536],[-120.63132,39.74664],[-120.63151,39.747],[-120.63143,39.7472],[-120.63119,39.7473],[-120.63103,39.74728],[-120.63089,39.74721],[-120.63065,39.74682],[-120.63027,39.74544],[-120.63013,39.74449],[-120.63013,39.74401],[-120.63031,39.74343],[-120.63041,39.74332],[-120.63056,39.74327],[-120.63083,39.74331],[-120.63098,39.74348],[-120.63084,39.74407],[-120.63084,39.74446]]]}},{"type":"Feature","properties":{"class":"ephemeral","width_ft":100},"geometry":{"type":"Polygon","coordinates":[[[-120.64381,39.76052],[-120.644,39.76088],[-120.64407,39.76132],[-120.64399,39.76278],[-120.64387,39.76297],[-120.64362,39.76303],[-120.6434,39.76296],[-120.64329,39.76282],[-120.64336,39.76134],[-120.6433,39.76101],[-120.64296,39.76049],[-120.64296,39.7603],[-120.64314,39.76015],[-120.64341,39.76013],[-120.64358,39.76022],[-120.64381,39.76052]]]}},{"type":"Feature","properties":{"class":"ephemeral","width_ft":100},"geometry":{"type":"Polygon","coordinates":[[[-120.61748,39.73417],[-120.6167,39.73405],[-120.61575,39.73383],[-120.6143,39.73345],[-120.61376,39.73321],[-120.61301,39.73281],[-120.6113,39.73161],[-120.61041,39.73109],[-120.60901,39.73045],[-120.6089,39.73029],[-120.60895,39.7301],[-120.60913,39.72998],[-120.60937,39.72998],[-120.6108,39.73064],[-120.61176,39.73119],[-120.61345,39.73238],[-120.61457,39.73294],[-120.61687,39.73352],[-120.61782,39.73366],[-120.61797,39.73382],[-120.61795,39.73401],[-120.61777,39.73415],[-120.61748,39.73417]]]}},{"type":"Feature","properties":{"class":"ephemeral","width_ft":100},"geometry":{"type":"Polygon","coordinates":[[[-120.66087,39.73195],[-120.6602,39.73229],[-120.65931,39.73251],[-120.65875,39.73284],[-120.65848,39.73283],[-120.6583,39.73268],[-120.65828,39.73254],[-120.65834,39.73242],[-120.65892,39.73203],[-120.6599,39.73179],[-120.66069,39.73141],[-120.66085,39.73138],[-120.66141,39.73144],[-120.66163,39.73156],[-120.66169,39.73176],[-120.66153,39.73194],[-120.66134,39.73199],[-120.66087,39.73195]]]}},{"type":"Feature","properties":{"class":"ephemeral","width_ft":100},"geometry":{"type":"Polygon","coordinates":[[[-120.62004,39.72159],[-120.61968,39.72247],[-120.61936,39.72291],[-120.61832,39.72388],[-120.6181,39.72395],[-120.61787,39.7239],[-120.61774,39.72373],[-120.61777,39.72355],[-120.61878,39.72259],[-120.61903,39.72226],[-120.61939,39.72136],[-120.61989,39.72064],[-120.62074,39.71969],[-120.62089,39.7198],[-120.62131,39.71995],[-120.62131,39.71998],[-120.6205,39.72092],[-120.62004,39.72159]]]}},{"type":"Feature","properties":{"class":"ephemeral","width_ft":100},"geometry":{"type":"Polygon","coordinates":[[[-120.64933,39.74588],[-120.64886,39.7458],[-120.64805,39.74576],[-120.64702,39.746],[-120.64624,39.7464],[-120.64571,39.74681],[-120.64527,39.74725],[-120.64497,39.74735],[-120.64483,39.74737],[-120.64464,39.74731],[-120.64453,39.7472],[-120.64451,39.74706],[-120.64458,39.74693],[-120.64485,39.7468],[-120.64518,39.74645],[-120.64576,39.746],[-120.64675,39.74549],[-120.64798,39.7452],[-120.64898,39.74526],[-120.64922,39.74532],[-120.64979,39.74537],[-120.64933,39.74588]]]}},{"type":"Feature","properties":{"class":"ephemeral","width_ft":100},"geometry":{"type":"Polygon","coordinates":[[[-120.63317,39.73725],[-120.63237,39.73771],[-120.63096,39.73889],[-120.6307,39.73894],[-120.63046,39.73884],[-120.63038,39.73868],[-120.63045,39.73851],[-120.63191,39.73729],[-120.63285,39.73676],[-120.63344,39.73657],[-120.63369,39.73658],[-120.63386,39.73664],[-120.63398,39.73683],[-120.6339,39.73703],[-120.63377,39.7371],[-120.63356,39.73712],[-120.63317,39.73725]]]}},{"type":"Feature","properties":{"class":"ephemeral","width_ft":100},"geometry":{"type":"Polygon","coordinates":[[[-120.64569,39.75439],[-120.64539,39.75537],[-120.64518,39.7559],[-120.64504,39.7568],[-120.6451,39.75695],[-120.64509,39.75706],[-120.64493,39.75723],[-120.64466,39.75726],[-120.64445,39.75714],[-120.64433,39.75687],[-120.6444,39.75619],[-120.64448,39.75577],[-120.64498,39.7543],[-120.64513,39.75302],[-120.64522,39.7527],[-120.64533,39.75256],[-120.64554,39.7525],[-120.6458,39.75257],[-120.64592,39.75275],[-120.64584,39.75308],[-120.64569,39.75439]]]}},{"type":"Feature","properties":{"class":"ephemeral","width_ft":100},"geometry":{"type":"Polygon","coordinates":[[[-120.66323,39.72951],[-120.66261,39.72961],[-120.66212,39.72982],[-120.66159,39.72993],[-120.66146,39.73002],[-120.66132,39.73006],[-120.66106,39.73001],[-120.66092,39.72983],[-120.66097,39.72964],[-120.66125,39.72943],[-120.66185,39.72931],[-120.66237,39.72909],[-120.66312,39.72897],[-120.66378,39.72897],[-120.66489,39.72903],[-120.66507,39.72909],[-120.66518,39.72924],[-120.66512,39.72945],[-120.6649,39.72956],[-120.66323,39.72951]]]}},{"type":"Feature","properties":{"class":"ephemeral","width_ft":100},"geometry":{"type":"Polygon","coordinates":[[[-120.64646,39.74028],[-120.64705,39.74062],[-120.64767,39.74121],[-120.64772,39.74142],[-120.64757,39.74159],[-120.64736,39.74164],[-120.64715,39.74158],[-120.64655,39.74101],[-120.646,39.74069],[-120.64562,39.7404],[-120.64526,39.73998],[-120.64524,39.73986],[-120.64528,39.73974],[-120.6455,39.73961],[-120.64577,39.73964],[-120.64588,39.73971],[-120.64615,39.74003],[-120.64646,39.74028]]]}},{"type":"Feature","properties":{"class":"ephemeral","width_ft":100},"geometry":{"type":"Polygon","coordinates":[[[-120.60892,39.73041],[-120.60881,39.73031],[-120.60876,39.73017],[-120.60881,39.73005],[-120.60893,39.72995],[-120.60907,39.72991],[-120.60922,39.72992],[-120.60945,39.73002],[-120.60955,39.7301],[-120.60959,39.73031],[-120.60943,39.73048],[-120.60918,39.73051],[-120.60892,39.73041]]]}},{"type":"Feature","properties":{"class":"ephemeral","width_ft":100},"geometry":{"type":"Polygon","coordinates":[[[-120.605,39.71752],[-120.60531,39.7174],[-120.60575,39.71743],[-120.60595,39.71757],[-120.60595,39.71778],[-120.60585,39.71789],[-120.60572,39.71794],[-120.60551,39.71795],[-120.6053,39.71805],[-120.60464,39.71811],[-120.60495,39.71758],[-120.605,39.71752]]]}},{"type":"Feature","properties":{"class":"ephemeral","width_ft":100},"geometry":{"type":"Polygon","coordinates":[[[-120.65683,39.73791],[-120.65613,39.73775],[-120.65509,39.7379],[-120.65457,39.73805],[-120.65407,39.73827],[-120.65335,39.73844],[-120.65277,39.73867],[-120.65225,39.73866],[-120.6521,39.73857],[-120.65203,39.73844],[-120.65207,39.73826],[-120.65225,39.73814],[-120.65262,39.73812],[-120.65307,39.73793],[-120.65378,39.73776],[-120.65428,39.73755],[-120.65489,39.73737],[-120.65609,39.7372],[-120.65657,39.73726],[-120.65691,39.73736],[-120.65709,39.73737],[-120.65726,39.73746],[-120.65734,39.73761],[-120.65728,39.73779],[-120.6571,39.73789],[-120.65683,39.73791]]]}},{"type":"Feature","properties":{"class":"ephemeral","width_ft":100},"geometry":{"type":"Polygon","coordinates":[[[-120.65116,39.73545],[-120.65185,39.73735],[-120.65193,39.7379],[-120.65204,39.73826],[-120.65223,39.73841],[-120.65228,39.73853],[-120.65229,39.73872],[-120.65225,39.73883],[-120.65214,39.73893],[-120.65198,39.73897],[-120.65182,39.73896],[-120.65168,39.73889],[-120.6516,39.73879],[-120.65158,39.73868],[-120.65137,39.73847],[-120.65122,39.738],[-120.65115,39.73746],[-120.65051,39.73564],[-120.65054,39.73549],[-120.65067,39.73537],[-120.65094,39.73533],[-120.65116,39.73545]]]}},{"type":"Feature","properties":{"class":"ephemeral","width_ft":100},"geometry":{"type":"Polygon","coordinates":[[[-120.63994,39.73471],[-120.63935,39.73573],[-120.63883,39.73624],[-120.6382,39.73655],[-120.63723,39.73684],[-120.63674,39.73695],[-120.63658,39.73692],[-120.63647,39.73685],[-120.6364,39.73674],[-120.63639,39.73663],[-120.63653,39.73645],[-120.63788,39.73606],[-120.63837,39.73582],[-120.63873,39.73545],[-120.63929,39.73449],[-120.63959,39.73387],[-120.6397,39.73377],[-120.63988,39.73372],[-120.64013,39.73379],[-120.64025,39.73398],[-120.63994,39.73471]]]}},{"type":"Feature","properties":{"class":"ephemeral","width_ft":100},"geometry":{"type":"Polygon","coordinates":[[[-120.62468,39.73342],[-120.625,39.7338],[-120.62575,39.73436],[-120.62578,39.73457],[-120.62561,39.73473],[-120.62545,39.73477],[-120.6253,39.73474],[-120.62491,39.7345],[-120.62444,39.73415],[-120.62404,39.73366],[-120.6238,39.73311],[-120.62365,39.73242],[-120.62368,39.73227],[-120.62384,39.73215],[-120.62411,39.73213],[-120.62432,39.73226],[-120.62449,39.73298],[-120.62468,39.73342]]]}},{"type":"Feature","properties":{"class":"ephemeral","width_ft":100},"geometry":{"type":"Polygon","coordinates":[[[-120.62597,39.75425],[-120.62534,39.75454],[-120.62396,39.75454],[-120.62553,39.75381],[-120.62898,39.75155],[-120.62921,39.75151],[-120.62943,39.75158],[-120.62954,39.75177],[-120.62944,39.75197],[-120.62597,39.75425]]]}},{"type":"Feature","properties":{"class":"ephemeral","width_ft":100},"geometry":{"type":"Polygon","coordinates":[[[-120.63806,39.74549],[-120.63644,39.74649],[-120.63606,39.74681],[-120.63579,39.74683],[-120.63558,39.74669],[-120.63554,39.74658],[-120.63557,39.74645],[-120.63595,39.74609],[-120.63756,39.74513],[-120.63774,39.74509],[-120.63792,39.74512],[-120.63809,39.74528],[-120.63806,39.74549]]]}},{"type":"Feature","properties":{"class":"ephemeral","width_ft":100},"geometry":{"type":"Polygon","coordinates":[[[-120.6202,39.73361],[-120.62043,39.73368],[-120.62054,39.73388],[-120.62044,39.73407],[-120.62019,39.73415],[-120.61997,39.73415],[-120.61982,39.7341],[-120.61948,39.73384],[-120.6193,39.73363],[-120.61912,39.73298],[-120.6189,39.73265],[-120.619,39.73231],[-120.61916,39.73217],[-120.61943,39.73215],[-120.61964,39.73228],[-120.61968,39.73242],[-120.61964,39.73259],[-120.61981,39.73283],[-120.61995,39.73339],[-120.6202,39.73361]]]}},{"type":"Feature","properties":{"class":"ephemeral","width_ft":100},"geometry":{"type":"Polygon","coordinates":[[[-120.66285,39.72814],[-120.66096,39.72964],[-120.66077,39.72983],[-120.66074,39.72995],[-120.66065,39.73005],[-120.66039,39.73012],[-120.66015,39.73003],[-120.66006,39.72984],[-120.66006,39.72968],[-120.66014,39.72956],[-120.66043,39.72928],[-120.66237,39.72773],[-120.66273,39.72755],[-120.66342,39.72786],[-120.66285,39.72814]]]}},{"type":"Feature","properties":{"class":"ephemeral","width_ft":100},"geometry":{"type":"Polygon","coordinates":[[[-120.63986,39.74359],[-120.63623,39.74373],[-120.63599,39.74364],[-120.63589,39.74344],[-120.63598,39.74327],[-120.63619,39.74318],[-120.63894,39.74306],[-120.63968,39.74305],[-120.64004,39.74295],[-120.64026,39.74297],[-120.64044,39.74313],[-120.64042,39.74334],[-120.64029,39.74345],[-120.63986,39.74359]]]}},{"type":"Feature","properties":{"class":"ephemeral","width_ft":100},"geometry":{"type":"Polygon","coordinates":[[[-120.61119,39.71649],[-120.60977,39.71776],[-120.60937,39.71823],[-120.60869,39.71934],[-120.6085,39.71979],[-120.60844,39.72013],[-120.60844,39.72056],[-120.60851,39.72076],[-120.60847,39.72089],[-120.60827,39.72103],[-120.608,39.72101],[-120.60784,39.7209],[-120.60773,39.72063],[-120.60772,39.7201],[-120.6078,39.71968],[-120.60803,39.71914],[-120.60875,39.71796],[-120.60921,39.71743],[-120.61053,39.71625],[-120.61123,39.71625],[-120.61125,39.71637],[-120.61119,39.71649]]]}},{"type":"Feature","properties":{"class":"ephemeral","width_ft":100},"geometry":{"type":"Polygon","coordinates":[[[-120.61685,39.74234],[-120.61722,39.74306],[-120.61755,39.74352],[-120.61796,39.74399],[-120.61834,39.74433],[-120.61833,39.74454],[-120.61814,39.74469],[-120.61797,39.74471],[-120.61782,39.74466],[-120.6174,39.74433],[-120.61695,39.74381],[-120.61658,39.74331],[-120.61612,39.74242],[-120.61604,39.74204],[-120.61613,39.74185],[-120.61637,39.74176],[-120.61663,39.74183],[-120.61673,39.74194],[-120.61685,39.74234]]]}},{"type":"Feature","properties":{"class":"ephemeral","width_ft":100},"geometry":{"type":"Polygon","coordinates":[[[-120.64772,39.73577],[-120.64798,39.73652],[-120.64886,39.73746],[-120.64925,39.73781],[-120.64954,39.73799],[-120.64957,39.7382],[-120.64939,39.73837],[-120.64925,39.7384],[-120.64911,39.73838],[-120.64875,39.7382],[-120.6483,39.7378],[-120.64735,39.73677],[-120.64716,39.73631],[-120.64772,39.73577]]]}},{"type":"Feature","properties":{"class":"ephemeral","width_ft":100},"geometry":{"type":"Polygon","coordinates":[[[-120.63936,39.75101],[-120.63914,39.75132],[-120.63893,39.75188],[-120.63889,39.75206],[-120.63898,39.75225],[-120.63896,39.75241],[-120.63876,39.75255],[-120.63849,39.75255],[-120.63832,39.75243],[-120.63816,39.75212],[-120.63831,39.75153],[-120.63847,39.75112],[-120.63869,39.75083],[-120.63879,39.75058],[-120.63913,39.75019],[-120.63939,39.75011],[-120.63964,39.7502],[-120.63974,39.75039],[-120.6397,39.75052],[-120.63942,39.75083],[-120.63936,39.75101]]]}},{"type":"Feature","properties":{"class":"ephemeral","width_ft":100},"geometry":{"type":"Polygon","coordinates":[[[-120.61778,39.73181],[-120.61766,39.73164],[-120.61772,39.73145],[-120.61794,39.73134],[-120.61817,39.73136],[-120.61958,39.73222],[-120.61968,39.73237],[-120.61964,39.73253],[-120.61944,39.73267],[-120.61917,39.73266],[-120.61778,39.73181]]]}},{"type":"Feature","properties":{"class":"ephemeral","width_ft":100},"geometry":{"type":"Polygon","coordinates":[[[-120.6294,39.74089],[-120.62833,39.7414],[-120.62715,39.74169],[-120.62617,39.74164],[-120.626,39.74156],[-120.62592,39.74143],[-120.62596,39.74124],[-120.62617,39.74111],[-120.62704,39.74114],[-120.62802,39.7409],[-120.62897,39.74045],[-120.62997,39.73977],[-120.63016,39.73972],[-120.63036,39.73977],[-120.63051,39.73994],[-120.63046,39.74015],[-120.6294,39.74089]]]}},{"type":"Feature","properties":{"class":"ephemeral","width_ft":100},"geometry":{"type":"Polygon","coordinates":[[[-120.62273,39.73415],[-120.62352,39.73426],[-120.62379,39.73432],[-120.62457,39.73473],[-120.62502,39.73511],[-120.62506,39.73525],[-120.625,39.7354],[-120.6248,39.73551],[-120.62458,39.7355],[-120.62446,39.73544],[-120.62413,39.73517],[-120.6235,39.73483],[-120.62241,39.73465],[-120.62214,39.73451],[-120.62168,39.73416],[-120.62161,39.73404],[-120.62161,39.73391],[-120.62177,39.73375],[-120.62204,39.73372],[-120.62218,39.73377],[-120.62273,39.73415]]]}},{"type":"Feature","properties":{"class":"ephemeral","width_ft":100},"geometry":{"type":"Polygon","coordinates":[[[-120.6624,39.73286],[-120.66159,39.73312],[-120.66044,39.7333],[-120.65905,39.73317],[-120.65863,39.73297],[-120.65838,39.73278],[-120.65829,39.73267],[-120.65828,39.73256],[-120.65841,39.73237],[-120.65867,39.73231],[-120.65883,39.73236],[-120.65907,39.73253],[-120.65932,39.73265],[-120.66046,39.73275],[-120.66137,39.7326],[-120.66224,39.73232],[-120.66312,39.73226],[-120.6638,39.73247],[-120.66391,39.73255],[-120.66397,39.73265],[-120.66391,39.73286],[-120.66368,39.73297],[-120.66351,39.73296],[-120.66306,39.73282],[-120.6624,39.73286]]]}},{"type":"Feature","properties":{"class":"ephemeral","width_ft":100},"geometry":{"type":"Polygon","coordinates":[[[-120.65394,39.72838],[-120.65507,39.72917],[-120.65576,39.72993],[-120.65625,39.73025],[-120.65764,39.73137],[-120.6579,39.7315],[-120.65798,39.7317],[-120.65785,39.73188],[-120.65772,39.73194],[-120.65755,39.73194],[-120.65717,39.73179],[-120.65576,39.73064],[-120.65523,39.73029],[-120.65452,39.72952],[-120.65353,39.72881],[-120.65344,39.72867],[-120.65347,39.72852],[-120.65366,39.72838],[-120.65394,39.72838]]]}},{"type":"Feature","properties":{"class":"ephemeral","width_ft":100},"geometry":{"type":"Polygon","coordinates":[[[-120.63311,39.76393],[-120.63291,39.76338],[-120.6341,39.76342],[-120.63427,39.76348],[-120.63438,39.7636],[-120.63436,39.76381],[-120.63416,39.76395],[-120.63311,39.76393]]]}},{"type":"Feature","properties":{"class":"ephemeral","width_ft":100},"geometry":{"type":"Polygon","coordinates":[[[-120.66118,39.7273],[-120.66089,39.72794],[-120.6609,39.7281],[-120.66082,39.72822],[-120.66058,39.72831],[-120.66032,39.72824],[-120.66023,39.72813],[-120.66013,39.72784],[-120.66018,39.72773],[-120.66031,39.72762],[-120.66044,39.72727],[-120.66118,39.7273]]]}},{"type":"Feature","properties":{"class":"ephemeral","width_ft":100},"geometry":{"type":"Polygon","coordinates":[[[-120.6144,39.71991],[-120.61385,39.72055],[-120.61342,39.72122],[-120.61317,39.72131],[-120.61291,39.72124],[-120.6128,39.72109],[-120.61283,39.72092],[-120.61344,39.72001],[-120.61391,39.71947],[-120.61403,39.71938],[-120.6143,39.71936],[-120.61451,39.71949],[-120.61455,39.71967],[-120.6144,39.71991]]]}},{"type":"Feature","properties":{"class":"ephemeral","width_ft":100},"geometry":{"type":"Polygon","coordinates":[[[-120.64958,39.73416],[-120.64993,39.73453],[-120.65014,39.73526],[-120.65022,39.73567],[-120.65022,39.73657],[-120.64999,39.73717],[-120.64972,39.73754],[-120.64971,39.73791],[-120.64955,39.73824],[-120.6494,39.73836],[-120.64918,39.7384],[-120.64894,39.73829],[-120.64887,39.73809],[-120.64901,39.7378],[-120.64903,39.73738],[-120.64932,39.73697],[-120.64951,39.73649],[-120.64951,39.73573],[-120.64926,39.73473],[-120.64912,39.7346],[-120.64958,39.73416]]]}},{"type":"Feature","properties":{"class":"ephemeral","width_ft":100},"geometry":{"type":"Polygon","coordinates":[[[-120.61893,39.72483],[-120.61863,39.72491],[-120.61825,39.72522],[-120.6181,39.72528],[-120.61783,39.72525],[-120.61767,39.72508],[-120.61767,39.72496],[-120.61772,39.72486],[-120.61827,39.72442],[-120.61857,39.72435],[-120.61932,39.72396],[-120.61987,39.72389],[-120.62012,39.72398],[-120.62021,39.72418],[-120.6201,39.72437],[-120.61995,39.72443],[-120.61957,39.72448],[-120.61893,39.72483]]]}},{"type":"Feature","properties":{"class":"ephemeral","width_ft":100},"geometry":{"type":"Polygon","coordinates":[[[-120.63787,39.76212],[-120.63741,39.76289],[-120.63716,39.76298],[-120.63691,39.7629],[-120.63681,39.76278],[-120.6368,39.76263],[-120.63717,39.76199],[-120.63732,39.76112],[-120.63742,39.761],[-120.6376,39.76093],[-120.63787,39.76097],[-120.63801,39.76115],[-120.63787,39.76212]]]}},{"type":"Feature","properties":{"class":"ephemeral","width_ft":100},"geometry":{"type":"Polygon","coordinates":[[[-120.63675,39.74048],[-120.63642,39.74121],[-120.63609,39.74154],[-120.63509,39.74213],[-120.63431,39.74244],[-120.63384,39.74244],[-120.63362,39.74231],[-120.63357,39.74212],[-120.6337,39.74195],[-120.63387,39.7419],[-120.63417,39.7419],[-120.63471,39.74167],[-120.63558,39.74115],[-120.63581,39.74093],[-120.63609,39.74029],[-120.6363,39.74016],[-120.63657,39.74018],[-120.63674,39.74034],[-120.63675,39.74048]]]}},{"type":"Feature","properties":{"class":"ephemeral","width_ft":100},"geometry":{"type":"Polygon","coordinates":[[[-120.65171,39.74266],[-120.65085,39.74222],[-120.65025,39.74213],[-120.64879,39.74212],[-120.64859,39.74198],[-120.64856,39.74177],[-120.64869,39.74163],[-120.64888,39.74158],[-120.65031,39.74158],[-120.65107,39.7417],[-120.65207,39.74219],[-120.65221,39.74237],[-120.65214,39.74257],[-120.65191,39.74268],[-120.65171,39.74266]]]}},{"type":"Feature","properties":{"class":"ephemeral","width_ft":100},"geometry":{"type":"Polygon","coordinates":[[[-120.65131,39.73247],[-120.65159,39.73269],[-120.65182,39.7328],[-120.65221,39.73281],[-120.65239,39.73288],[-120.6525,39.73307],[-120.65241,39.73326],[-120.65218,39.73335],[-120.65169,39.73335],[-120.65155,39.73332],[-120.65114,39.73312],[-120.65076,39.73283],[-120.65053,39.73249],[-120.651,39.73197],[-120.65131,39.73247]]]}},{"type":"Feature","properties":{"class":"ephemeral","width_ft":100},"geometry":{"type":"Polygon","coordinates":[[[-120.64192,39.76124],[-120.64213,39.762],[-120.64234,39.76239],[-120.64244,39.76272],[-120.64236,39.76292],[-120.64212,39.76302],[-120.6419,39.76298],[-120.64175,39.76284],[-120.64167,39.76257],[-120.64145,39.76217],[-120.64124,39.7614],[-120.6411,39.76112],[-120.64112,39.76092],[-120.64133,39.76078],[-120.6416,39.7608],[-120.64175,39.7609],[-120.64192,39.76124]]]}},{"type":"Feature","properties":{"class":"ephemeral","width_ft":100},"geometry":{"type":"Polygon","coordinates":[[[-120.6376,39.75454],[-120.63621,39.75489],[-120.63596,39.75483],[-120.63583,39.75464],[-120.63587,39.75449],[-120.63601,39.75438],[-120.63741,39.75401],[-120.6385,39.75384],[-120.63884,39.75386],[-120.63903,39.75399],[-120.63905,39.7542],[-120.63887,39.75436],[-120.6376,39.75454]]]}},{"type":"Feature","properties":{"class":"ephemeral","width_ft":100},"geometry":{"type":"Polygon","coordinates":[[[-120.63331,39.73237],[-120.63341,39.73249],[-120.6334,39.73265],[-120.63329,39.73278],[-120.63312,39.73284],[-120.63289,39.73281],[-120.63238,39.7325],[-120.63283,39.73241],[-120.63331,39.73237]]]}},{"type":"Feature","properties":{"class":"ephemeral","width_ft":100},"geometry":{"type":"MultiPolygon","coordinates":[[[[-120.6281,39.73424],[-120.62748,39.73369],[-120.62741,39.73354],[-120.62749,39.73334],[-120.62773,39.73324],[-120.62788,39.73326],[-120.628,39.73331],[-120.62835,39.73359],[-120.62872,39.73396],[-120.6281,39.73424]]],[[[-120.6292,39.73426],[-120.62933,39.73438],[-120.62936,39.73452],[-120.62929,39.73465],[-120.62914,39.73474],[-120.62887,39.73474],[-120.62842,39.73452],[-120.6289,39.7341],[-120.6292,39.73426]]]]}},{"type":"Feature","properties":{"class":"ephemeral","width_ft":100},"geometry":{"type":"Polygon","coordinates":[[[-120.62151,39.73304],[-120.62136,39.73306],[-120.62024,39.73295],[-120.6194,39.73269],[-120.6192,39.73267],[-120.619,39.73253],[-120.61899,39.73232],[-120.61918,39.73216],[-120.61948,39.73214],[-120.62041,39.73241],[-120.62133,39.7325],[-120.62194,39.73229],[-120.62211,39.7323],[-120.62224,39.73235],[-120.62237,39.73253],[-120.6223,39.73273],[-120.62218,39.73281],[-120.62151,39.73304]]]}},{"type":"Feature","properties":{"class":"ephemeral","width_ft":100},"geometry":{"type":"Polygon","coordinates":[[[-120.6064,39.73947],[-120.60666,39.73947],[-120.60685,39.7396],[-120.60688,39.73979],[-120.60675,39.73994],[-120.60443,39.74069],[-120.60443,39.7401],[-120.6064,39.73947]]]}},{"type":"Feature","properties":{"class":"ephemeral","width_ft":100},"geometry":{"type":"Polygon","coordinates":[[[-120.62666,39.72642],[-120.62646,39.72638],[-120.62632,39.72627],[-120.62628,39.72613],[-120.62634,39.72596],[-120.62666,39.72642]]]}},{"type":"Feature","properties":{"class":"ephemeral","width_ft":100},"geometry":{"type":"Polygon","coordinates":[[[-120.65214,39.73187],[-120.65235,39.73272],[-120.65251,39.73307],[-120.6524,39.73327],[-120.65215,39.73335],[-120.65201,39.73333],[-120.65188,39.73325],[-120.65167,39.73289],[-120.65137,39.73153],[-120.65194,39.73061],[-120.65214,39.73187]]]}},{"type":"Feature","properties":{"class":"ephemeral","width_ft":100},"geometry":{"type":"Polygon","coordinates":[[[-120.66215,39.73721],[-120.66197,39.73744],[-120.66193,39.73761],[-120.66143,39.73816],[-120.66131,39.73836],[-120.66089,39.73849],[-120.66044,39.73858],[-120.6608,39.7379],[-120.66126,39.73739],[-120.6613,39.73725],[-120.66161,39.73682],[-120.66226,39.73632],[-120.66244,39.73627],[-120.6626,39.73628],[-120.6628,39.73643],[-120.6628,39.73664],[-120.66215,39.73721]]]}},{"type":"Feature","properties":{"class":"ephemeral","width_ft":100},"geometry":{"type":"Polygon","coordinates":[[[-120.64076,39.76266],[-120.64074,39.76285],[-120.64053,39.76299],[-120.64026,39.76298],[-120.64008,39.76282],[-120.64001,39.76261],[-120.6398,39.76138],[-120.63986,39.76121],[-120.64004,39.76111],[-120.64031,39.76112],[-120.64049,39.76128],[-120.64076,39.76266]]]}},{"type":"Feature","properties":{"class":"ephemeral","width_ft":100},"geometry":{"type":"Polygon","coordinates":[[[-120.62157,39.72468],[-120.62142,39.72471],[-120.62121,39.72485],[-120.62099,39.72486],[-120.62076,39.72474],[-120.62072,39.72454],[-120.62079,39.72442],[-120.62108,39.7242],[-120.62132,39.72416],[-120.62232,39.72374],[-120.62254,39.72372],[-120.62274,39.7238],[-120.62283,39.724],[-120.62272,39.72419],[-120.62157,39.72468]]]}},{"type":"Feature","properties":{"class":"ephemeral","width_ft":100},"geometry":{"type":"Polygon","coordinates":[[[-120.61736,39.72458],[-120.61684,39.72486],[-120.61576,39.72522],[-120.61554,39.72539],[-120.61512,39.7256],[-120.61485,39.72559],[-120.61466,39.72544],[-120.61464,39.7253],[-120.61471,39.72517],[-120.6151,39.72496],[-120.6154,39.72473],[-120.61566,39.72467],[-120.6165,39.72437],[-120.61686,39.72419],[-120.61743,39.72369],[-120.6179,39.72344],[-120.6181,39.7234],[-120.61827,39.72345],[-120.61843,39.72362],[-120.61839,39.72382],[-120.6179,39.72411],[-120.61736,39.72458]]]}},{"type":"Feature","properties":{"class":"ephemeral","width_ft":100},"geometry":{"type":"Polygon","coordinates":[[[-120.62003,39.73739],[-120.62066,39.73762],[-120.62098,39.73757],[-120.62119,39.73762],[-120.62133,39.7378],[-120.62127,39.738],[-120.62108,39.73811],[-120.62049,39.73819],[-120.61972,39.73788],[-120.61957,39.73772],[-120.61961,39.73751],[-120.61983,39.73738],[-120.62003,39.73739]]]}},{"type":"Feature","properties":{"class":"ephemeral","width_ft":100},"geometry":{"type":"Polygon","coordinates":[[[-120.66453,39.73106],[-120.66317,39.73082],[-120.66245,39.73064],[-120.66216,39.73047],[-120.66166,39.7303],[-120.66103,39.72999],[-120.66092,39.72985],[-120.66095,39.72967],[-120.66114,39.72953],[-120.66137,39.72952],[-120.662,39.72982],[-120.66251,39.72999],[-120.66279,39.73015],[-120.66336,39.73029],[-120.66458,39.73051],[-120.6649,39.73051],[-120.66505,39.73056],[-120.66518,39.73074],[-120.66511,39.73095],[-120.66491,39.73105],[-120.66453,39.73106]]]}},{"type":"Feature","properties":{"class":"ephemeral","width_ft":100},"geometry":{"type":"MultiPolygon","coordinates":[[[[-120.64395,39.74148],[-120.6437,39.74213],[-120.64349,39.74236],[-120.64327,39.74301],[-120.64289,39.74354],[-120.64218,39.7442],[-120.64186,39.74464],[-120.64178,39.74487],[-120.64127,39.74571],[-120.64102,39.74597],[-120.63934,39.74692],[-120.63859,39.74706],[-120.63839,39.74706],[-120.63871,39.74648],[-120.63903,39.74642],[-120.63918,39.74634],[-120.64049,39.7456],[-120.64065,39.74544],[-120.64112,39.74466],[-120.64121,39.74442],[-120.64157,39.74391],[-120.6423,39.74323],[-120.64262,39.74279],[-120.64283,39.74214],[-120.64306,39.74189],[-120.64327,39.74136],[-120.6434,39.74124],[-120.64366,39.7412],[-120.64389,39.74131],[-120.64395,39.74148]]],[[[-120.63608,39.74695],[-120.63569,39.74679],[-120.63557,39.74666],[-120.63557,39.74645],[-120.63577,39.74631],[-120.63599,39.7463],[-120.63623,39.74641],[-120.63764,39.74651],[-120.63757,39.74655],[-120.63747,39.74705],[-120.63608,39.74695]]]]}},{"type":"Feature","properties":{"class":"ephemeral","width_ft":100},"geometry":{"type":"Polygon","coordinates":[[[-120.64673,39.73679],[-120.64844,39.73801],[-120.64947,39.73847],[-120.64958,39.73866],[-120.64948,39.73886],[-120.64931,39.73894],[-120.64911,39.73893],[-120.64803,39.73846],[-120.64629,39.73723],[-120.64673,39.73679]]]}},{"type":"Feature","properties":{"class":"ephemeral","width_ft":100},"geometry":{"type":"Polygon","coordinates":[[[-120.61981,39.73683],[-120.62027,39.73751],[-120.62022,39.73779],[-120.62011,39.73788],[-120.61995,39.73792],[-120.61977,39.7379],[-120.61963,39.73781],[-120.61956,39.73761],[-120.61916,39.73705],[-120.61878,39.73616],[-120.6188,39.73602],[-120.61891,39.73591],[-120.61917,39.73585],[-120.61941,39.73595],[-120.61981,39.73683]]]}},{"type":"Feature","properties":{"class":"ephemeral","width_ft":100},"geometry":{"type":"Polygon","coordinates":[[[-120.60445,39.73608],[-120.60469,39.73617],[-120.60479,39.73637],[-120.60468,39.73656],[-120.60444,39.73663],[-120.60445,39.73608]]]}},{"type":"Feature","properties":{"class":"ephemeral","width_ft":100},"geometry":{"type":"Polygon","coordinates":[[[-120.61792,39.72747],[-120.61735,39.72781],[-120.61628,39.72871],[-120.61601,39.72875],[-120.61578,39.72864],[-120.61572,39.72848],[-120.61581,39.72831],[-120.61686,39.72742],[-120.61756,39.727],[-120.61821,39.7268],[-120.61918,39.72662],[-120.61938,39.72665],[-120.61954,39.72677],[-120.61957,39.72697],[-120.6194,39.72714],[-120.61841,39.72733],[-120.61792,39.72747]]]}},{"type":"Feature","properties":{"class":"ephemeral","width_ft":100},"geometry":{"type":"Polygon","coordinates":[[[-120.61617,39.72875],[-120.61599,39.72877],[-120.61498,39.72912],[-120.61397,39.72987],[-120.6137,39.72989],[-120.61349,39.72975],[-120.61346,39.7296],[-120.61353,39.72945],[-120.61463,39.72863],[-120.61579,39.72824],[-120.61612,39.72821],[-120.61633,39.72829],[-120.61643,39.72846],[-120.61637,39.72864],[-120.61617,39.72875]]]}},{"type":"Feature","properties":{"class":"ephemeral","width_ft":100},"geometry":{"type":"Polygon","coordinates":[[[-120.62549,39.73783],[-120.62473,39.73868],[-120.62394,39.7394],[-120.62342,39.7398],[-120.62277,39.7401],[-120.62253,39.74024],[-120.62232,39.74025],[-120.62214,39.74017],[-120.62205,39.73998],[-120.62213,39.73981],[-120.62236,39.73964],[-120.62297,39.73938],[-120.62342,39.73903],[-120.62417,39.73833],[-120.62488,39.73756],[-120.62505,39.73747],[-120.62532,39.73749],[-120.6255,39.73765],[-120.62549,39.73783]]]}},{"type":"Feature","properties":{"class":"ephemeral","width_ft":100},"geometry":{"type":"Polygon","coordinates":[[[-120.64738,39.73885],[-120.64764,39.73937],[-120.64773,39.73983],[-120.64759,39.7402],[-120.64745,39.74029],[-120.64729,39.74031],[-120.64708,39.74026],[-120.64696,39.74013],[-120.64695,39.74002],[-120.64701,39.73981],[-120.64695,39.73951],[-120.64677,39.73913],[-120.64654,39.73882],[-120.64654,39.73864],[-120.64671,39.73848],[-120.64699,39.73847],[-120.64715,39.73855],[-120.64738,39.73885]]]}},{"type":"Feature","properties":{"class":"ephemeral","width_ft":100},"geometry":{"type":"Polygon","coordinates":[[[-120.62333,39.72267],[-120.62224,39.72369],[-120.622,39.72387],[-120.62172,39.72402],[-120.62098,39.72416],[-120.62034,39.72421],[-120.62007,39.72439],[-120.61991,39.72444],[-120.61971,39.72442],[-120.61955,39.7243],[-120.6195,39.72415],[-120.61956,39.72402],[-120.61976,39.72385],[-120.62004,39.7237],[-120.62086,39.72361],[-120.62141,39.72352],[-120.62154,39.72345],[-120.62275,39.72235],[-120.62314,39.7219],[-120.62323,39.72169],[-120.62366,39.72229],[-120.62333,39.72267]]]}},{"type":"Feature","properties":{"class":"ephemeral","width_ft":100},"geometry":{"type":"Polygon","coordinates":[[[-120.61621,39.72874],[-120.61597,39.72875],[-120.61577,39.72863],[-120.61572,39.72845],[-120.61585,39.72827],[-120.61669,39.728],[-120.61705,39.728],[-120.61725,39.7281],[-120.61732,39.7283],[-120.61719,39.72849],[-120.61705,39.72854],[-120.61683,39.72855],[-120.61621,39.72874]]]}},{"type":"Feature","properties":{"class":"ephemeral","width_ft":100},"geometry":{"type":"Polygon","coordinates":[[[-120.62075,39.73643],[-120.62115,39.73733],[-120.62129,39.73745],[-120.62143,39.73769],[-120.62138,39.7379],[-120.62115,39.73802],[-120.62099,39.73801],[-120.62086,39.73796],[-120.62053,39.73762],[-120.62007,39.73659],[-120.61991,39.73599],[-120.61991,39.73574],[-120.61996,39.73559],[-120.6201,39.73549],[-120.62037,39.73548],[-120.62058,39.73561],[-120.62075,39.73643]]]}},{"type":"Feature","properties":{"class":"ephemeral","width_ft":100},"geometry":{"type":"Polygon","coordinates":[[[-120.64664,39.73904],[-120.64713,39.73957],[-120.64762,39.73992],[-120.64764,39.74013],[-120.64746,39.74029],[-120.6473,39.74032],[-120.64713,39.74028],[-120.64663,39.73997],[-120.6463,39.73966],[-120.64588,39.73916],[-120.64594,39.73896],[-120.64616,39.73884],[-120.6464,39.73887],[-120.64664,39.73904]]]}}]}